iSub,version,condition,iSession,iBlock,iTrial,neck_length,head_length,leg_length,tail_length,neck_angle,head_angle,leg_angle,tail_angle,feature1,feature2,feature3,feature4,category,choice,feedback,ambigous,choRT,neck_oral,head_oral,leg_oral,tail_oral,text,human_feature_1,human_feature_2,human_feature_3,human_feature_4,neck_use,head_use,leg_use,tail_use,feature1_use,feature2_use,feature3_use,feature4_use,choice_1_feature_1,choice_1_feature_2,choice_1_feature_3,choice_1_feature_4,choice_2_feature_1,choice_2_feature_2,choice_2_feature_3,choice_2_feature_4
19,1,1,1,1,1,0.95925218129065,0.291182076991372,0.173673110507327,0.472100837077826,0.5,0.5,0.5,0.5,0.472100837077826,0.95925218129065,0.291182076991372,0.173673110507327,2,1,1.0,1,5.772,0.75,0.75,0.5,0.5,头比较长，脖子也比较长。,0.5,0.75,0.75,0.5,1,1,0,0,0,1,1,0,0.3333333333333333,0.6666666666666666,0.6666666666666666,0.3333333333333333,0.6666666666666666,0.3333333333333333,0.3333333333333333,0.6666666666666666
19,1,1,1,1,2,0.268524481797995,0.87368307169847,0.97969104060504,0.204967458820851,0.5,0.5,0.5,0.5,0.204967458820851,0.268524481797995,0.87368307169847,0.97969104060504,1,2,0.0,0,10.66,0.5,0.5,0.75,0.5,腿比较长。,0.5,0.5,0.5,0.75,0,0,1,0,0,0,0,1,0.3333333333333333,0.3333333333333333,0.6666666666666666,0.6666666666666666,0.6666666666666666,0.6666666666666666,0.3333333333333333,0.3333333333333333
19,1,1,1,1,3,0.003745051985714,0.469206377688053,0.021732357852775,0.016677272787802,0.5,0.5,0.5,0.5,0.016677272787802,0.003745051985714,0.469206377688053,0.021732357852775,1,2,0.0,0,2.743,0.5,0.75,0.25,0.25,腿很短，尾巴也短，头很长。,0.25,0.5,0.75,0.25,0,1,1,1,1,0,1,1,0.3333333333333333,0.5,0.3333333333333333,0.5,0.6666666666666666,0.5,0.6666666666666666,0.5
19,1,1,1,1,4,0.715881069434691,0.88296582026256,0.548226240265685,0.340328858219261,0.5,0.5,0.5,0.5,0.340328858219261,0.715881069434691,0.88296582026256,0.548226240265685,2,1,1.0,0,5.34,0.75,0.75,0.5,0.5,头很长，脖子很长。,0.5,0.75,0.75,0.5,1,1,0,0,0,1,1,0,0.25,0.5,0.5,0.5,0.75,0.5,0.5,0.5
19,1,1,1,1,5,0.79106622742739,0.670054513277955,0.648953722193421,0.84439848967511,0.5,0.5,0.5,0.5,0.84439848967511,0.79106622742739,0.670054513277955,0.648953722193421,4,1,0.0,0,5.088,0.75,0.75,0.5,0.5,头很长，脖子也很长。,0.5,0.75,0.75,0.5,1,1,0,0,0,1,1,0,0.25,0.5,0.5,0.5,0.75,0.5,0.5,0.5
19,1,1,1,1,6,0.637709119084897,0.076999536875599,0.86565335315268,0.91893385900784,0.5,0.5,0.5,0.5,0.91893385900784,0.637709119084897,0.076999536875599,0.86565335315268,3,2,1.0,0,3.971,0.5,0.25,0.75,0.75,头短，尾巴长，腿也长。,0.75,0.5,0.25,0.75,0,1,1,1,1,0,1,1,0.3333333333333333,0.3333333333333333,0.6666666666666666,0.6666666666666666,0.6666666666666666,0.6666666666666666,0.3333333333333333,0.3333333333333333
19,1,1,1,1,7,0.011345037066549,0.078695362388975,0.707099197890239,0.136948605682218,0.5,0.5,0.5,0.5,0.136948605682218,0.011345037066549,0.078695362388975,0.707099197890239,1,2,0.0,0,7.445,0.5,0.25,0.5,0.25,头短，尾巴也很短。,0.25,0.5,0.25,0.5,0,1,0,1,1,0,1,0,0.3333333333333333,0.3333333333333333,0.6666666666666666,0.6666666666666666,0.6666666666666666,0.6666666666666666,0.3333333333333333,0.3333333333333333
19,1,1,1,1,8,0.81411852921252,0.510725495561939,0.442905521885221,0.314507018363772,0.5,0.5,0.5,0.5,0.314507018363772,0.81411852921252,0.510725495561939,0.442905521885221,2,1,1.0,0,2.654,0.75,0.75,0.5,0.25,头长，脖子长，尾巴也不是很短。,0.25,0.75,0.75,0.5,1,1,0,1,1,1,1,0,0.3333333333333333,0.6666666666666666,0.5,0.5,0.6666666666666666,0.3333333333333333,0.5,0.5
19,1,1,1,1,9,0.281534396226082,0.8601862937757,0.92888299698981,0.87695724056098,0.5,0.5,0.5,0.5,0.87695724056098,0.281534396226082,0.8601862937757,0.92888299698981,4,1,0.0,0,3.87,0.75,0.75,0.5,0.75,头长，脖子长，尾巴长。,0.75,0.75,0.75,0.5,1,1,0,1,1,1,1,0,0.3333333333333333,0.6666666666666666,0.6666666666666666,0.3333333333333333,0.6666666666666666,0.3333333333333333,0.3333333333333333,0.6666666666666666
19,1,1,1,1,10,0.189860281584829,0.406041754692185,0.8104347975321,0.257239589563405,0.5,0.5,0.5,0.5,0.257239589563405,0.189860281584829,0.406041754692185,0.8104347975321,1,2,0.0,0,2.28,0.25,0.75,0.5,0.25,头长，脖子短，尾巴短。,0.25,0.25,0.75,0.5,1,1,0,1,1,1,1,0,0.3333333333333333,0.5,0.3333333333333333,0.5,0.6666666666666666,0.5,0.6666666666666666,0.5
19,1,1,1,1,11,0.49753550261269,0.743491397237485,0.399448956825201,0.462099595743964,0.5,0.5,0.5,0.5,0.462099595743964,0.49753550261269,0.743491397237485,0.399448956825201,1,1,1.0,1,3.657,0.75,0.75,0.25,0.75,头长，脖子长，尾巴长，腿也不短。,0.75,0.75,0.75,0.25,1,1,1,1,1,1,1,1,0.5,0.3333333333333333,0.5,0.6666666666666666,0.5,0.6666666666666666,0.5,0.3333333333333333
19,1,1,1,1,12,0.345127652568992,0.466511151180411,0.262346959921831,0.075400630520948,0.5,0.5,0.5,0.5,0.075400630520948,0.345127652568992,0.466511151180411,0.262346959921831,1,2,0.0,0,3.198,0.75,0.75,0.25,0.25,除了头跟脖子，其他都很短。,0.25,0.75,0.75,0.25,1,1,0,0,0,1,1,0,0.3333333333333333,0.6666666666666666,0.6666666666666666,0.3333333333333333,0.6666666666666666,0.3333333333333333,0.3333333333333333,0.6666666666666666
19,1,1,1,1,13,0.354010991990606,0.97517753080476,0.298969936742479,0.79592991148913,0.5,0.5,0.5,0.5,0.79592991148913,0.354010991990606,0.97517753080476,0.298969936742479,4,1,0.0,0,2.382,0.25,0.75,0.5,0.75,头长，脖子不短，尾巴也很长。,0.75,0.25,0.75,0.5,1,1,0,1,1,1,1,0,0.25,0.5,0.5,0.5,0.75,0.5,0.5,0.5
19,1,1,1,1,14,0.05222071624136,0.85508886510786,0.145869198611122,0.415162743724929,0.5,0.5,0.5,0.5,0.415162743724929,0.05222071624136,0.85508886510786,0.145869198611122,1,2,0.0,0,5.428,0.25,0.75,0.25,0.75,头长，脖子短，腿也很短，尾巴长。,0.75,0.25,0.75,0.25,1,1,1,1,1,1,1,1,0.25,0.5,0.5,0.5,0.75,0.5,0.5,0.5
19,1,1,1,1,15,0.599021066943202,0.654038972910543,0.99986923045164,0.93378378618001,0.5,0.5,0.5,0.5,0.93378378618001,0.599021066943202,0.654038972910543,0.99986923045164,4,1,0.0,0,5.28,0.75,0.75,0.75,0.75,体型看上去很大，各个部位都很长。,0.75,0.75,0.75,0.75,0,0,0,0,0,0,0,0,0.25,0.5,0.5,0.5,0.75,0.5,0.5,0.5
19,1,1,1,1,16,0.678606040390368,0.80830661928986,0.457707508616531,0.229380407139241,0.5,0.5,0.5,0.5,0.229380407139241,0.678606040390368,0.80830661928986,0.457707508616531,2,1,1.0,0,7.442,0.5,0.5,0.5,0.25,尾巴很短。,0.25,0.5,0.5,0.5,0,0,0,1,1,0,0,0,0.3333333333333333,0.5,0.5,0.3333333333333333,0.6666666666666666,0.5,0.5,0.6666666666666666
19,1,1,1,1,17,0.404151866617412,0.92264423023286,0.637082569694618,0.099799529664402,0.5,0.5,0.5,0.5,0.099799529664402,0.404151866617412,0.92264423023286,0.637082569694618,1,1,1.0,0,3.377,0.5,0.5,0.5,0.25,尾巴很短。,0.25,0.5,0.5,0.5,0,0,0,1,1,0,0,0,0.3333333333333333,0.5,0.5,0.3333333333333333,0.6666666666666666,0.5,0.5,0.6666666666666666
19,1,1,1,1,18,0.599685426612603,0.74720509322616,0.733513863861436,0.80036981320555,0.5,0.5,0.5,0.5,0.80036981320555,0.599685426612603,0.74720509322616,0.733513863861436,4,2,1.0,0,1.326,0.5,0.5,0.5,0.75,尾巴很长。,0.75,0.5,0.5,0.5,0,0,0,1,1,0,0,0,0.3333333333333333,0.5,0.5,0.3333333333333333,0.6666666666666666,0.5,0.5,0.6666666666666666
19,1,1,1,1,19,0.173265804662026,0.78392388272134,0.616702577443999,0.31472142592337,0.5,0.5,0.5,0.5,0.31472142592337,0.173265804662026,0.78392388272134,0.616702577443999,1,1,1.0,0,3.349,0.5,0.5,0.5,0.75,尾巴有点长。,0.75,0.5,0.5,0.5,0,0,0,1,1,0,0,0,0.25,0.5,0.5,0.5,0.75,0.5,0.5,0.5
19,1,1,1,1,20,0.88276419605489,0.392454998986435,0.106440910479211,0.720656139286079,0.5,0.5,0.5,0.5,0.720656139286079,0.88276419605489,0.392454998986435,0.106440910479211,3,1,0.0,0,1.934,0.5,0.5,0.5,0.75,尾巴很长。,0.75,0.5,0.5,0.5,0,0,0,1,1,0,0,0,0.3333333333333333,0.3333333333333333,0.5,0.5,0.6666666666666666,0.6666666666666666,0.5,0.5
19,1,1,1,1,21,0.521142122668498,0.179870479548275,0.446592894627426,0.350439924045316,0.5,0.5,0.5,0.5,0.350439924045316,0.521142122668498,0.179870479548275,0.446592894627426,2,1,1.0,0,4.672,0.5,0.5,0.75,0.75,尾巴长，腿也长。,0.75,0.5,0.5,0.75,0,0,1,1,1,0,0,1,0.3333333333333333,0.6666666666666666,0.3333333333333333,0.6666666666666666,0.6666666666666666,0.3333333333333333,0.6666666666666666,0.3333333333333333
19,1,1,1,1,22,0.54751965120111,0.718733143240878,0.84652772025741,0.540350778776058,0.5,0.5,0.5,0.5,0.540350778776058,0.54751965120111,0.718733143240878,0.84652772025741,4,1,0.0,1,1.546,0.5,0.5,0.75,0.75,尾巴长，但腿也长。,0.75,0.5,0.5,0.75,0,0,1,1,1,0,0,1,0.5,0.3333333333333333,0.3333333333333333,0.5,0.5,0.6666666666666666,0.6666666666666666,0.5
19,1,1,1,1,23,0.98883465885032,0.543465281169639,0.91179467841776,0.97423075947764,0.5,0.5,0.5,0.5,0.97423075947764,0.98883465885032,0.543465281169639,0.91179467841776,4,2,1.0,0,2.94,0.75,0.75,0.75,0.75,各个部位都很长。,0.75,0.75,0.75,0.75,0,0,0,0,0,0,0,0,0.3333333333333333,0.5,0.5,0.3333333333333333,0.6666666666666666,0.5,0.5,0.6666666666666666
19,1,1,1,1,24,0.039167018835684,0.322585177897514,0.640791979811848,0.0083144986795949,0.5,0.5,0.5,0.5,0.0083144986795949,0.039167018835684,0.322585177897514,0.640791979811848,1,2,0.0,0,2.495,0.5,0.5,0.5,0.25,朝左侧，尾巴很短。,0.25,0.5,0.5,0.5,0,0,0,1,1,0,0,0,0.25,0.5,0.5,0.5,0.75,0.5,0.5,0.5
19,1,1,1,1,25,0.440079778392384,0.122814133662708,0.460965865347226,0.725473607151579,0.5,0.5,0.5,0.5,0.725473607151579,0.440079778392384,0.122814133662708,0.460965865347226,3,1,0.0,0,4.151,0.5,0.5,0.5,0.75,尾巴很长，朝右侧。,0.75,0.5,0.5,0.5,0,0,0,1,1,0,0,0,0.25,0.5,0.5,0.5,0.75,0.5,0.5,0.5
19,1,1,1,1,26,0.87687541738016,0.345273985586971,0.006814703100462,0.62367933860763,0.5,0.5,0.5,0.5,0.62367933860763,0.87687541738016,0.345273985586971,0.006814703100462,3,2,1.0,0,3.708,0.5,0.5,0.25,0.75,尾巴长，腿短。,0.75,0.5,0.5,0.25,0,0,1,1,1,0,0,1,0.3333333333333333,0.5,0.6666666666666666,0.5,0.6666666666666666,0.5,0.3333333333333333,0.5
19,1,1,1,1,27,0.691915309634829,0.304216302059754,0.134759112367471,0.82754783343574,0.5,0.5,0.5,0.5,0.82754783343574,0.691915309634829,0.304216302059754,0.134759112367471,3,1,0.0,0,2.935,,,,,朝左边。,,,,,0,0,0,0,0,0,0,0,0.25,0.5,0.5,0.5,0.75,0.5,0.5,0.5
19,1,1,1,1,28,0.325287736278954,0.741651332512006,0.350920778782653,0.749281515583505,0.5,0.5,0.5,0.5,0.749281515583505,0.325287736278954,0.741651332512006,0.350920778782653,4,1,0.0,0,1.778,0.5,0.5,0.75,0.75,尾巴长，腿也很长。,0.75,0.5,0.5,0.75,0,0,1,1,1,0,0,1,0.5,0.5,0.3333333333333333,0.6666666666666666,0.5,0.5,0.6666666666666666,0.3333333333333333
19,1,1,1,1,29,0.604369082669159,0.89144814990128,0.691338065909102,0.32002659496171,0.5,0.5,0.5,0.5,0.32002659496171,0.604369082669159,0.89144814990128,0.691338065909102,2,1,1.0,0,6.147,0.5,0.5,0.75,0.75,尾巴长，腿也很长。,0.75,0.5,0.5,0.75,0,0,1,1,1,0,0,1,0.3333333333333333,0.6666666666666666,0.5,0.5,0.6666666666666666,0.3333333333333333,0.5,0.5
19,1,1,1,1,30,0.24362190409389,0.157255295082064,0.79892416230679,0.646701885253054,0.5,0.5,0.5,0.5,0.646701885253054,0.24362190409389,0.157255295082064,0.79892416230679,3,1,0.0,0,2.636,0.5,0.5,0.75,0.75,尾巴长，腿也很长。,0.75,0.5,0.5,0.75,0,0,1,1,1,0,0,1,0.5,0.3333333333333333,0.6666666666666666,0.5,0.5,0.6666666666666666,0.3333333333333333,0.5
19,1,1,1,1,31,0.76138639511552,0.426618225414483,0.790056705514,0.78686503339634,0.5,0.5,0.5,0.5,0.78686503339634,0.76138639511552,0.426618225414483,0.790056705514,3,1,0.0,0,1.365,0.5,0.5,0.75,0.75,尾巴长，腿也很长。,0.75,0.5,0.5,0.75,0,0,1,1,1,0,0,1,0.3333333333333333,0.6666666666666666,0.6666666666666666,0.3333333333333333,0.6666666666666666,0.3333333333333333,0.3333333333333333,0.6666666666666666
19,1,1,1,1,32,0.058435637272584,0.90619006249615,0.101429605791461,0.152133883663583,0.5,0.5,0.5,0.5,0.152133883663583,0.058435637272584,0.90619006249615,0.101429605791461,1,2,0.0,0,3.927,0.5,0.5,0.25,0.25,尾巴短，腿也短。,0.25,0.5,0.5,0.25,0,0,1,1,1,0,0,1,0.3333333333333333,0.5,0.6666666666666666,0.5,0.6666666666666666,0.5,0.3333333333333333,0.5
19,1,1,1,1,33,0.105158722178338,0.145699031595519,0.600528989808474,0.179219680825586,0.5,0.5,0.5,0.5,0.179219680825586,0.105158722178338,0.145699031595519,0.600528989808474,1,1,1.0,0,10.518,0.5,0.5,0.6666666666666666,0.5,腿比身子长。,0.5,0.5,0.5,0.6666666666666666,0,0,1,0,0,0,0,1,0.3333333333333333,0.3333333333333333,0.5,0.5,0.6666666666666666,0.6666666666666666,0.5,0.5
19,1,1,1,1,34,0.722175389794774,0.185931344896968,0.673878921003351,0.99433079645426,0.5,0.5,0.5,0.5,0.99433079645426,0.722175389794774,0.185931344896968,0.673878921003351,3,2,1.0,0,3.362,0.5,0.5,0.6666666666666666,0.5,腿比身子长。,0.5,0.5,0.5,0.6666666666666666,0,0,1,0,0,0,0,1,0.25,0.5,0.5,0.5,0.75,0.5,0.5,0.5
19,1,1,1,1,35,0.8659877556318,0.9024995044457,0.19648163527167,0.631804523248382,0.5,0.5,0.5,0.5,0.631804523248382,0.8659877556318,0.9024995044457,0.19648163527167,4,2,1.0,0,1.525,0.5,0.5,0.3333333333333333,0.5,腿比身子短。,0.5,0.5,0.5,0.3333333333333333,0,0,1,0,0,0,0,1,0.25,0.5,0.5,0.5,0.75,0.5,0.5,0.5
19,1,1,1,1,36,0.602994256065185,0.140694034602117,0.176373697847763,0.024229333841065,0.5,0.5,0.5,0.5,0.024229333841065,0.602994256065185,0.140694034602117,0.176373697847763,2,2,0.0,0,1.616,0.5,0.5,0.3333333333333333,0.5,腿比身子短。,0.5,0.5,0.5,0.3333333333333333,0,0,1,0,0,0,0,1,0.5,0.3333333333333333,0.5,0.3333333333333333,0.5,0.6666666666666666,0.5,0.6666666666666666
19,1,1,1,1,37,0.099110522527428,0.143717491235435,0.9461048058047,0.91774747991706,0.5,0.5,0.5,0.5,0.91774747991706,0.099110522527428,0.143717491235435,0.9461048058047,3,1,0.0,0,1.36,0.5,0.5,0.6666666666666666,0.5,腿比身子长。,0.5,0.5,0.5,0.6666666666666666,0,0,1,0,0,0,0,1,0.3333333333333333,0.5,0.5,0.3333333333333333,0.6666666666666666,0.5,0.5,0.6666666666666666
19,1,1,1,1,38,0.367590835216573,0.621782072646532,0.36336470191325,0.722854290193128,0.5,0.5,0.5,0.5,0.722854290193128,0.367590835216573,0.621782072646532,0.36336470191325,4,2,1.0,0,5.493,0.5,0.6666666666666666,0.3333333333333333,0.5,腿比头短。,0.5,0.5,0.6666666666666666,0.3333333333333333,0,1,1,0,0,0,1,1,0.3333333333333333,0.3333333333333333,0.6666666666666666,0.6666666666666666,0.6666666666666666,0.6666666666666666,0.3333333333333333,0.3333333333333333
19,1,1,1,1,39,0.077588269159904,0.182591677471281,0.340204909717638,0.8089461865975,0.5,0.5,0.5,0.5,0.8089461865975,0.077588269159904,0.182591677471281,0.340204909717638,3,1,0.0,0,1.95,0.5,0.3333333333333333,0.6666666666666666,0.5,腿比头长。,0.5,0.5,0.3333333333333333,0.6666666666666666,0,1,1,0,0,0,1,1,0.3333333333333333,0.3333333333333333,0.6666666666666666,0.6666666666666666,0.6666666666666666,0.6666666666666666,0.3333333333333333,0.3333333333333333
19,1,1,1,1,40,0.90984071300383,0.514611494071419,0.374883894251019,0.259290985825647,0.5,0.5,0.5,0.5,0.259290985825647,0.90984071300383,0.514611494071419,0.374883894251019,2,1,1.0,0,2.502,0.5,0.6666666666666666,0.3333333333333333,0.5,腿比头短。,0.5,0.5,0.6666666666666666,0.3333333333333333,0,1,1,0,0,0,1,1,0.3333333333333333,0.5,0.3333333333333333,0.5,0.6666666666666666,0.5,0.6666666666666666,0.5
19,1,1,1,1,41,0.157847683844479,0.184797977716077,0.97534707835774,0.326691876718297,0.5,0.5,0.5,0.5,0.326691876718297,0.157847683844479,0.184797977716077,0.97534707835774,1,2,0.0,0,2.771,0.5,0.3333333333333333,0.6666666666666666,0.5,腿比头长，朝左边。,0.5,0.5,0.3333333333333333,0.6666666666666666,0,1,1,0,0,0,1,1,0.3333333333333333,0.5,0.5,0.6666666666666666,0.6666666666666666,0.5,0.5,0.3333333333333333
19,1,1,1,1,42,0.261172000887621,0.534443481292294,0.99745210912792,0.82484127598534,0.5,0.5,0.5,0.5,0.82484127598534,0.261172000887621,0.534443481292294,0.99745210912792,4,2,1.0,0,3.265,0.5,0.3333333333333333,0.6666666666666666,0.5,腿比头长，朝右边。,0.5,0.5,0.3333333333333333,0.6666666666666666,0,1,1,0,0,0,1,1,0.3333333333333333,0.6666666666666666,0.3333333333333333,0.6666666666666666,0.6666666666666666,0.3333333333333333,0.6666666666666666,0.3333333333333333
19,1,1,1,1,43,0.98584704065896,0.540964406639898,0.718684670000945,0.99802449061979,0.5,0.5,0.5,0.5,0.99802449061979,0.98584704065896,0.540964406639898,0.718684670000945,4,1,0.0,0,3.221,0.5,0.6666666666666666,0.3333333333333333,0.5,腿比头短，朝左边。,0.5,0.5,0.6666666666666666,0.3333333333333333,0,1,1,0,0,0,1,1,0.3333333333333333,0.5,0.6666666666666666,0.5,0.6666666666666666,0.5,0.3333333333333333,0.5
19,1,1,1,1,44,0.578656820800351,0.344526069859087,0.90776517706911,0.099443768114497,0.5,0.5,0.5,0.5,0.099443768114497,0.578656820800351,0.344526069859087,0.90776517706911,2,1,1.0,0,3.435,0.5,0.5,0.6666666666666666,0.3333333333333333,腿比尾巴长。,0.3333333333333333,0.5,0.5,0.6666666666666666,0,0,1,1,1,0,0,1,0.3333333333333333,0.5,0.6666666666666666,0.5,0.6666666666666666,0.5,0.3333333333333333,0.5
19,1,1,1,1,45,0.486064075265588,0.048282573497766,0.264370704034284,0.303049724106483,0.5,0.5,0.5,0.5,0.303049724106483,0.486064075265588,0.048282573497766,0.264370704034284,1,2,0.0,0,1.298,0.5,0.5,0.3333333333333333,0.6666666666666666,腿比尾巴短。,0.6666666666666666,0.5,0.5,0.3333333333333333,0,0,1,1,1,0,0,1,0.3333333333333333,0.6666666666666666,0.5,0.5,0.6666666666666666,0.3333333333333333,0.5,0.5
19,1,1,1,1,46,0.516800826068095,0.367291649810301,0.035577209549858,0.430709325889526,0.5,0.5,0.5,0.5,0.430709325889526,0.516800826068095,0.367291649810301,0.035577209549858,2,2,0.0,0,2.294,0.5,0.5,0.3333333333333333,0.6666666666666666,腿比尾巴短。,0.6666666666666666,0.5,0.5,0.3333333333333333,0,0,1,1,1,0,0,1,0.3333333333333333,0.3333333333333333,0.5,0.5,0.6666666666666666,0.6666666666666666,0.5,0.5
19,1,1,1,1,47,0.91380846632986,0.241092979910146,0.491963155701818,0.715401793345452,0.5,0.5,0.5,0.5,0.715401793345452,0.91380846632986,0.241092979910146,0.491963155701818,3,2,1.0,0,6.226,0.5,0.3333333333333333,0.6666666666666666,0.5,腿比头长，朝右边。,0.5,0.5,0.3333333333333333,0.6666666666666666,0,1,1,0,0,0,1,1,0.3333333333333333,0.3333333333333333,0.5,0.5,0.6666666666666666,0.6666666666666666,0.5,0.5
19,1,1,1,1,48,0.417012103600375,0.366378006623141,0.126582560310678,0.604315920724343,0.5,0.5,0.5,0.5,0.604315920724343,0.417012103600375,0.366378006623141,0.126582560310678,3,1,0.0,0,2.544,0.5,0.6666666666666666,0.3333333333333333,0.5,腿比头短，朝右边。,0.5,0.5,0.6666666666666666,0.3333333333333333,0,1,1,0,0,0,1,1,0.3333333333333333,0.3333333333333333,0.6666666666666666,0.6666666666666666,0.6666666666666666,0.6666666666666666,0.3333333333333333,0.3333333333333333
19,1,1,1,1,49,0.205887418344248,0.471114715359387,0.304017405454825,0.93367451030177,0.5,0.5,0.5,0.5,0.93367451030177,0.205887418344248,0.471114715359387,0.304017405454825,3,1,0.0,0,4.98,0.5,0.3333333333333333,0.5,0.6666666666666666,头比尾巴短。,0.6666666666666666,0.5,0.3333333333333333,0.5,0,1,0,1,1,0,1,0,0.3333333333333333,0.3333333333333333,0.6666666666666666,0.6666666666666666,0.6666666666666666,0.6666666666666666,0.3333333333333333,0.3333333333333333
19,1,1,1,1,50,0.06982107051059,0.7378742352514,0.020556699040197,0.617793859417524,0.5,0.5,0.5,0.5,0.617793859417524,0.06982107051059,0.7378742352514,0.020556699040197,4,1,0.0,0,2.033,0.5,0.6666666666666666,0.5,0.3333333333333333,头比尾巴长。,0.3333333333333333,0.5,0.6666666666666666,0.5,0,1,0,1,1,0,1,0,0.5,0.5,0.3333333333333333,0.6666666666666666,0.5,0.5,0.6666666666666666,0.3333333333333333
19,1,1,1,1,51,0.8584047718293,0.665587425426917,0.590342583094712,0.559878064496483,0.5,0.5,0.5,0.5,0.559878064496483,0.8584047718293,0.665587425426917,0.590342583094712,4,2,1.0,0,1.244,,,,,朝左边。,,,,,0,0,0,0,0,0,0,0,0.3333333333333333,0.3333333333333333,0.6666666666666666,0.6666666666666666,0.6666666666666666,0.6666666666666666,0.3333333333333333,0.3333333333333333
19,1,1,1,1,52,0.695545585532875,0.563722950753344,0.132141308975002,0.145728677855155,0.5,0.5,0.5,0.5,0.145728677855155,0.695545585532875,0.563722950753344,0.132141308975002,2,1,1.0,0,1.034,,,,,朝右边。,,,,,0,0,0,0,0,0,0,0,0.3333333333333333,0.5,0.3333333333333333,0.5,0.6666666666666666,0.5,0.6666666666666666,0.5
19,1,1,1,1,53,0.90593061644803,0.067914412508024,0.219372986592702,0.061424070468305,0.5,0.5,0.5,0.5,0.061424070468305,0.90593061644803,0.067914412508024,0.219372986592702,2,2,0.0,0,0.889,,,,,朝左边。,,,,,0,0,0,0,0,0,0,0,0.3333333333333333,0.5,0.3333333333333333,0.5,0.6666666666666666,0.5,0.6666666666666666,0.5
19,1,1,1,1,54,0.499970619543254,0.160651939228217,0.673271052908086,0.88773352473519,0.5,0.5,0.5,0.5,0.88773352473519,0.499970619543254,0.160651939228217,0.673271052908086,3,1,0.0,0,1.26,,,,,朝右边。,,,,,0,0,0,0,0,0,0,0,0.3333333333333333,0.5,0.5,0.3333333333333333,0.6666666666666666,0.5,0.5,0.6666666666666666
19,1,1,1,1,55,0.95843929257398,0.082395582967124,0.732252559946064,0.358858608025097,0.5,0.5,0.5,0.5,0.358858608025097,0.95843929257398,0.082395582967124,0.732252559946064,2,1,1.0,0,4.388,0.5,0.5,0.75,0.5,朝右边，腿长。,0.5,0.5,0.5,0.75,0,0,1,0,0,0,0,1,0.3333333333333333,0.5,0.5,0.6666666666666666,0.6666666666666666,0.5,0.5,0.3333333333333333
19,1,1,1,1,56,0.472661510280439,0.79358905864318,0.365895047671723,0.475190337886463,0.5,0.5,0.5,0.5,0.475190337886463,0.472661510280439,0.79358905864318,0.365895047671723,1,2,0.0,1,1.698,0.5,0.75,0.5,0.5,朝左边，头长。,0.5,0.5,0.75,0.5,0,1,0,0,0,0,1,0,0.3333333333333333,0.6666666666666666,0.5,0.5,0.6666666666666666,0.3333333333333333,0.5,0.5
19,1,1,1,1,57,0.8004551333129,0.81247255070067,0.427672791145487,0.195949850740787,0.5,0.5,0.5,0.5,0.195949850740787,0.8004551333129,0.81247255070067,0.427672791145487,2,2,0.0,0,1.709,0.5,0.75,0.75,0.5,朝左边，腿长，头长。,0.5,0.5,0.75,0.75,0,1,1,0,0,0,1,1,0.3333333333333333,0.6666666666666666,0.3333333333333333,0.6666666666666666,0.6666666666666666,0.3333333333333333,0.6666666666666666,0.3333333333333333
19,1,1,1,1,58,0.044567270835934,0.77101993464648,0.311182796004508,0.050857340403352,0.5,0.5,0.5,0.5,0.050857340403352,0.044567270835934,0.77101993464648,0.311182796004508,1,2,0.0,0,3.781,0.5,0.75,0.25,0.5,头长，腿短。,0.5,0.5,0.75,0.25,0,1,1,0,0,0,1,1,0.3333333333333333,0.3333333333333333,0.5,0.5,0.6666666666666666,0.6666666666666666,0.5,0.5
19,1,1,1,1,59,0.400172354126648,0.55396224295956,0.99843697001597,0.97614983865754,0.5,0.5,0.5,0.5,0.97614983865754,0.400172354126648,0.55396224295956,0.99843697001597,4,2,1.0,0,1.913,0.5,0.75,0.75,0.5,头长，腿长。,0.5,0.5,0.75,0.75,0,1,1,0,0,0,1,1,0.3333333333333333,0.5,0.6666666666666666,0.5,0.6666666666666666,0.5,0.3333333333333333,0.5
19,1,1,1,1,60,0.482559833712805,0.346508162676916,0.000844304473683,0.619366696878793,0.5,0.5,0.5,0.5,0.619366696878793,0.482559833712805,0.346508162676916,0.000844304473683,3,1,0.0,0,2.04,0.5,0.75,0.25,0.5,头长，腿短。,0.5,0.5,0.75,0.25,0,1,1,0,0,0,1,1,0.3333333333333333,0.5,0.6666666666666666,0.5,0.6666666666666666,0.5,0.3333333333333333,0.5
19,1,1,1,1,61,0.563761911637473,0.229537197209605,0.329572122210654,0.210856844759578,0.5,0.5,0.5,0.5,0.210856844759578,0.563761911637473,0.229537197209605,0.329572122210654,2,1,1.0,0,1.714,,,,,各部位分布均匀。,,,,,0,0,0,0,0,0,0,0,0.3333333333333333,0.5,0.5,0.6666666666666666,0.6666666666666666,0.5,0.5,0.3333333333333333
19,1,1,1,1,62,0.82096811023437,0.361583194499418,0.035085149903261,0.99491181032924,0.5,0.5,0.5,0.5,0.99491181032924,0.82096811023437,0.361583194499418,0.035085149903261,3,2,1.0,0,2.058,0.5,0.5,0.25,0.5,各部位分布不均匀，腿短。,0.5,0.5,0.5,0.25,0,0,1,0,0,0,0,1,0.25,0.5,0.5,0.5,0.75,0.5,0.5,0.5
19,1,1,1,1,63,0.330335034270751,0.86212231404611,0.240335616856919,0.657614507123404,0.5,0.5,0.5,0.5,0.657614507123404,0.330335034270751,0.86212231404611,0.240335616856919,4,2,1.0,0,2.113,0.5,0.5,0.25,0.5,腿短，不均匀。,0.5,0.5,0.5,0.25,0,0,1,0,0,0,0,1,0.5,0.5,0.3333333333333333,0.6666666666666666,0.5,0.5,0.6666666666666666,0.3333333333333333
19,1,1,1,1,64,0.675199306882243,0.991958153315,0.98691588666934,0.248721084024849,0.5,0.5,0.5,0.5,0.248721084024849,0.675199306882243,0.991958153315,0.98691588666934,2,1,1.0,0,1.504,,,,,各部位分布均匀，都很长。,,,,,0,0,0,0,0,0,0,0,0.3333333333333333,0.6666666666666666,0.5,0.5,0.6666666666666666,0.3333333333333333,0.5,0.5
19,1,1,1,2,65,0.533093222230138,0.055683375769283,0.294558625787347,0.354521898633827,0.5,0.5,0.5,0.5,0.354521898633827,0.533093222230138,0.055683375769283,0.294558625787347,2,2,0.0,0,7.301,,,,,它像一个小型的动物。,,,,,0,0,0,0,0,0,0,0,0.3333333333333333,0.6666666666666666,0.5,0.5,0.6666666666666666,0.3333333333333333,0.5,0.5
19,1,1,1,2,66,0.81923528216665,0.9790616648394,0.7832276501526,0.464376898784619,0.5,0.5,0.5,0.5,0.464376898784619,0.81923528216665,0.9790616648394,0.7832276501526,2,2,0.0,1,1.576,,,,,它像一个大型的动物。,,,,,0,0,0,0,0,0,0,0,0.5,0.3333333333333333,0.5,0.6666666666666666,0.5,0.6666666666666666,0.5,0.3333333333333333
19,1,1,1,2,67,0.000635895594146,0.486680867921587,0.226177332645843,0.365090874180263,0.5,0.5,0.5,0.5,0.365090874180263,0.000635895594146,0.486680867921587,0.226177332645843,1,2,0.0,0,2.422,,,,,它像一个小型的动物。,,,,,0,0,0,0,0,0,0,0,0.5,0.5,0.3333333333333333,0.3333333333333333,0.5,0.5,0.6666666666666666,0.6666666666666666
19,1,1,1,2,68,0.328268163654273,0.447233155652264,0.443366646075394,0.497004738425972,0.5,0.5,0.5,0.5,0.497004738425972,0.328268163654273,0.447233155652264,0.443366646075394,1,1,1.0,1,1.204,0.5,0.75,0.75,0.5,头长，腿很长，分布均匀。,0.5,0.5,0.75,0.75,0,1,1,0,0,0,1,1,0.5,0.3333333333333333,0.5,0.3333333333333333,0.5,0.6666666666666666,0.5,0.6666666666666666
19,1,1,1,2,69,0.85066725915669,0.687258582908641,0.460890718873286,0.013551407849966,0.5,0.5,0.5,0.5,0.013551407849966,0.85066725915669,0.687258582908641,0.460890718873286,2,1,1.0,0,1.527,,,,,体型比较大且分布均匀。,,,,,0,0,0,0,0,0,0,0,0.3333333333333333,0.3333333333333333,0.5,0.5,0.6666666666666666,0.6666666666666666,0.5,0.5
19,1,1,1,2,70,0.295016441571191,0.59570358165004,0.123424298654266,0.976467586727,0.5,0.5,0.5,0.5,0.976467586727,0.295016441571191,0.59570358165004,0.123424298654266,4,2,1.0,0,1.505,,,,,体型分布的不均匀。,,,,,0,0,0,0,0,0,0,0,0.25,0.5,0.5,0.5,0.75,0.5,0.5,0.5
19,1,1,1,2,71,0.250014094265183,0.0025083603398339,0.684438468687447,0.51515542482666,0.5,0.5,0.5,0.5,0.51515542482666,0.250014094265183,0.0025083603398339,0.684438468687447,3,2,1.0,1,1.37,,,,,体型分布的不均匀。,,,,,0,0,0,0,0,0,0,0,0.3333333333333333,0.3333333333333333,0.5,0.5,0.6666666666666666,0.6666666666666666,0.5,0.5
19,1,1,1,2,72,0.209935556431685,0.98548308455872,0.406631042586098,0.296569657211989,0.5,0.5,0.5,0.5,0.296569657211989,0.209935556431685,0.98548308455872,0.406631042586098,1,1,1.0,0,2.075,0.5,0.75,0.5,0.5,体型分布的还算均匀，头很长。,0.5,0.5,0.75,0.5,0,1,0,0,0,0,1,0,0.3333333333333333,0.3333333333333333,0.6666666666666666,0.6666666666666666,0.6666666666666666,0.6666666666666666,0.3333333333333333,0.3333333333333333
19,1,1,1,2,73,0.318434708378099,0.220008993444411,0.8348028757051,0.045479574204133,0.5,0.5,0.5,0.5,0.045479574204133,0.318434708378099,0.220008993444411,0.8348028757051,1,1,1.0,0,3.365,0.5,0.5,0.75,0.5,腿很长，分布得很均匀。,0.5,0.5,0.5,0.75,0,0,1,0,0,0,0,1,0.3333333333333333,0.5,0.5,0.6666666666666666,0.6666666666666666,0.5,0.5,0.3333333333333333
19,1,1,1,2,74,0.347513596750864,0.381302632212132,0.88654403082658,0.486508861812174,0.5,0.5,0.5,0.5,0.486508861812174,0.347513596750864,0.381302632212132,0.88654403082658,1,1,1.0,1,1.342,,,,,体型分布的很均匀。,,,,,0,0,0,0,0,0,0,0,0.5,0.3333333333333333,0.5,0.6666666666666666,0.5,0.6666666666666666,0.5,0.3333333333333333
19,1,1,1,2,75,0.150638491485699,0.201863985519663,0.88184585034328,0.96530182103667,0.5,0.5,0.5,0.5,0.96530182103667,0.150638491485699,0.201863985519663,0.88184585034328,3,1,0.0,0,3.526,,,,,体型分布的很均匀。,,,,,0,0,0,0,0,0,0,0,0.3333333333333333,0.5,0.3333333333333333,0.5,0.6666666666666666,0.5,0.6666666666666666,0.5
19,1,1,1,2,76,0.84413947549673,0.326242380513675,0.628044415866826,0.653431145246401,0.5,0.5,0.5,0.5,0.653431145246401,0.84413947549673,0.326242380513675,0.628044415866826,3,1,0.0,0,0.983,,,,,体型分布得很均匀。,,,,,0,0,0,0,0,0,0,0,0.3333333333333333,0.5,0.5,0.6666666666666666,0.6666666666666666,0.5,0.5,0.3333333333333333
19,1,1,1,2,77,0.75904012393965,0.413725474068432,0.637997678444432,0.67789127338359,0.5,0.5,0.5,0.5,0.67789127338359,0.75904012393965,0.413725474068432,0.637997678444432,3,1,0.0,0,1.483,,,,,体型分布的很均匀。,,,,,0,0,0,0,0,0,0,0,0.5,0.25,0.5,0.5,0.5,0.75,0.5,0.5
19,1,1,1,2,78,0.622544928076443,0.31816747839085,0.539401463582504,0.687783062845167,0.5,0.5,0.5,0.5,0.687783062845167,0.622544928076443,0.31816747839085,0.539401463582504,3,1,0.0,0,5.615,0.5,0.5,0.6666666666666666,0.5,躯干比腿短。,0.5,0.5,0.5,0.6666666666666666,0,0,1,0,0,0,0,1,0.3333333333333333,0.5,0.5,0.3333333333333333,0.6666666666666666,0.5,0.5,0.6666666666666666
19,1,1,1,2,79,0.95487385088267,0.365900648823859,0.157322793561608,0.699003436296697,0.5,0.5,0.5,0.5,0.699003436296697,0.95487385088267,0.365900648823859,0.157322793561608,3,1,0.0,0,2.525,,,,,体型分布的不均匀。,,,,,0,0,0,0,0,0,0,0,0.25,0.5,0.5,0.5,0.75,0.5,0.5,0.5
19,1,1,1,2,80,0.621115219959414,0.528559666599081,0.402548402470547,0.512156799379561,0.5,0.5,0.5,0.5,0.512156799379561,0.621115219959414,0.528559666599081,0.402548402470547,4,2,1.0,1,1.986,,,,,体型分布得不均匀。,,,,,0,0,0,0,0,0,0,0,0.25,0.5,0.5,0.5,0.75,0.5,0.5,0.5
19,1,1,1,2,81,0.426764441269629,0.083005718694486,0.290598211286002,0.141716723706831,0.5,0.5,0.5,0.5,0.141716723706831,0.426764441269629,0.083005718694486,0.290598211286002,1,2,0.0,0,2.884,,,,,体型分布的不均匀。,,,,,0,0,0,0,0,0,0,0,0.25,0.5,0.5,0.5,0.75,0.5,0.5,0.5
19,1,1,1,2,82,0.146562806619059,0.84431175668439,0.444171490605897,0.542024418345965,0.5,0.5,0.5,0.5,0.542024418345965,0.146562806619059,0.84431175668439,0.444171490605897,4,2,1.0,1,1.061,,,,,体型分布的不均匀，且方向是朝左。,,,,,0,0,0,0,0,0,0,0,0.25,0.5,0.5,0.5,0.75,0.5,0.5,0.5
19,1,1,1,2,83,0.477444502625511,0.096197748901643,0.65829685074452,0.737066113681692,0.5,0.5,0.5,0.5,0.737066113681692,0.477444502625511,0.096197748901643,0.65829685074452,3,2,1.0,0,3.942,0.5,0.5,0.75,0.5,腿很长，个子很高。,0.5,0.5,0.5,0.75,0,0,1,0,0,0,0,1,0.3333333333333333,0.5,0.5,0.3333333333333333,0.6666666666666666,0.5,0.5,0.6666666666666666
19,1,1,1,2,84,0.492631166633293,0.153540816860268,0.631461700174624,0.167665072780287,0.5,0.5,0.5,0.5,0.167665072780287,0.492631166633293,0.153540816860268,0.631461700174624,1,2,0.0,0,1.589,0.5,0.5,0.75,0.25,腿很长，尾巴很短，像一条狗。,0.25,0.5,0.5,0.75,0,0,1,1,1,0,0,1,0.3333333333333333,0.5,0.5,0.3333333333333333,0.6666666666666666,0.5,0.5,0.6666666666666666
19,1,1,1,2,85,0.390018408262302,0.75411496855128,0.313455579814366,0.231808716121999,0.5,0.5,0.5,0.5,0.231808716121999,0.390018408262302,0.75411496855128,0.313455579814366,1,1,1.0,0,2.294,0.5,0.75,0.25,0.75,腿很短，尾巴很长，头很长。,0.75,0.5,0.75,0.25,0,1,1,1,1,0,1,1,0.3333333333333333,0.3333333333333333,0.5,0.5,0.6666666666666666,0.6666666666666666,0.5,0.5
19,1,1,1,2,86,0.542913651416808,0.86632945186454,0.02122537571578,0.54594825406563,0.5,0.5,0.5,0.5,0.54594825406563,0.542913651416808,0.86632945186454,0.02122537571578,4,1,0.0,1,1.196,0.5,0.75,0.25,0.75,腿很短，尾巴很长，头很长。,0.75,0.5,0.75,0.25,0,1,1,1,1,0,1,1,0.3333333333333333,0.3333333333333333,0.5,0.5,0.6666666666666666,0.6666666666666666,0.5,0.5
19,1,1,1,2,87,0.242581921362533,0.552698123178342,0.93201293809796,0.515432405234865,0.5,0.5,0.5,0.5,0.515432405234865,0.242581921362533,0.552698123178342,0.93201293809796,4,2,1.0,1,1.916,0.75,0.75,0.25,0.75,腿很长，其他都很长。,0.75,0.75,0.75,0.25,0,0,1,0,0,0,0,1,0.3333333333333333,0.6666666666666666,0.5,0.5,0.6666666666666666,0.3333333333333333,0.5,0.5
19,1,1,1,2,88,0.86194335985957,0.81358230516144,0.338767762906735,0.503827781208151,0.5,0.5,0.5,0.5,0.503827781208151,0.86194335985957,0.81358230516144,0.338767762906735,4,1,0.0,1,2.714,0.5,0.75,0.25,0.5,腿很短，头很长。,0.5,0.5,0.75,0.25,0,1,1,0,0,0,1,1,0.3333333333333333,0.5,0.5,0.6666666666666666,0.6666666666666666,0.5,0.5,0.3333333333333333
19,1,1,1,2,89,0.538746758293945,0.81301105656638,0.77247433769671,0.245178380661611,0.5,0.5,0.5,0.5,0.245178380661611,0.538746758293945,0.81301105656638,0.77247433769671,2,2,0.0,0,1.515,0.5,0.75,0.5,0.5,头很长。,0.5,0.5,0.75,0.5,0,1,0,0,0,0,1,0,0.3333333333333333,0.6666666666666666,0.6666666666666666,0.3333333333333333,0.6666666666666666,0.3333333333333333,0.3333333333333333,0.6666666666666666
19,1,1,1,2,90,0.656699664837838,0.646967135434284,0.0058410832902269,0.471088314822268,0.5,0.5,0.5,0.5,0.471088314822268,0.656699664837838,0.646967135434284,0.0058410832902269,2,2,0.0,1,0.95,0.5,0.5,0.25,0.5,腿很短。,0.5,0.5,0.5,0.25,0,0,1,0,0,0,0,1,0.3333333333333333,0.6666666666666666,0.5,0.5,0.6666666666666666,0.3333333333333333,0.5,0.5
19,1,1,1,2,91,0.322163149193395,0.588521335233482,0.272463220962366,0.274954294437066,0.5,0.5,0.5,0.5,0.274954294437066,0.322163149193395,0.588521335233482,0.272463220962366,1,1,1.0,0,0.876,0.5,0.5,0.25,0.5,腿很短。,0.5,0.5,0.5,0.25,0,0,1,0,0,0,0,1,0.3333333333333333,0.5,0.6666666666666666,0.5,0.6666666666666666,0.5,0.3333333333333333,0.5
19,1,1,1,2,92,0.093479148785629,0.76601283456883,0.090720460627853,0.99873492058986,0.5,0.5,0.5,0.5,0.99873492058986,0.093479148785629,0.76601283456883,0.090720460627853,4,1,0.0,0,0.888,0.5,0.5,0.25,0.5,腿很短。,0.5,0.5,0.5,0.25,0,0,1,0,0,0,0,1,0.5,0.3333333333333333,0.3333333333333333,0.5,0.5,0.6666666666666666,0.6666666666666666,0.5
19,1,1,1,2,93,0.615229786736444,0.069360126810236,0.89859785794909,0.151743486806122,0.5,0.5,0.5,0.5,0.151743486806122,0.615229786736444,0.069360126810236,0.89859785794909,2,2,0.0,0,1.282,0.5,0.25,0.5,0.5,头很短。,0.5,0.5,0.25,0.5,0,1,0,0,0,0,1,0,0.3333333333333333,0.5,0.3333333333333333,0.5,0.6666666666666666,0.5,0.6666666666666666,0.5
19,1,1,1,2,94,0.288736088512929,0.293503220120467,0.75827917464051,0.643428432717404,0.5,0.5,0.5,0.5,0.643428432717404,0.288736088512929,0.293503220120467,0.75827917464051,3,2,1.0,0,0.743,0.5,0.75,0.5,0.5,头很长。,0.5,0.5,0.75,0.5,0,1,0,0,0,0,1,0,0.3333333333333333,0.6666666666666666,0.5,0.5,0.6666666666666666,0.3333333333333333,0.5,0.5
19,1,1,1,2,95,0.486368457818616,0.646961854681117,0.291848482109692,0.30205201710311,0.5,0.5,0.5,0.5,0.30205201710311,0.486368457818616,0.646961854681117,0.291848482109692,1,2,0.0,0,0.715,0.5,0.75,0.5,0.5,头长。,0.5,0.5,0.75,0.5,0,1,0,0,0,0,1,0,0.3333333333333333,0.5,0.5,0.3333333333333333,0.6666666666666666,0.5,0.5,0.6666666666666666
19,1,1,1,2,96,0.7667152768309,0.79821335530797,0.85931269506043,0.603139689103252,0.5,0.5,0.5,0.5,0.603139689103252,0.7667152768309,0.79821335530797,0.85931269506043,4,2,1.0,0,4.643,0.5,0.5,0.5,0.75,尾巴长。,0.75,0.5,0.5,0.5,0,0,0,1,1,0,0,0,0.5,0.5,0.5,0.25,0.5,0.5,0.5,0.75
19,1,1,1,2,97,0.632049365825698,0.727664617958091,0.35806638744209,0.278561027904614,0.5,0.5,0.5,0.5,0.278561027904614,0.632049365825698,0.727664617958091,0.35806638744209,2,1,1.0,0,2.243,0.5,0.5,0.5,0.25,尾巴短。,0.25,0.5,0.5,0.5,0,0,0,1,1,0,0,0,0.25,0.5,0.5,0.5,0.75,0.5,0.5,0.5
19,1,1,1,2,98,0.665059916546815,0.628850929571387,0.709958203264452,0.579247973328603,0.5,0.5,0.5,0.5,0.579247973328603,0.665059916546815,0.628850929571387,0.709958203264452,4,2,1.0,0,1.524,0.5,0.5,0.5,0.75,尾巴长。,0.75,0.5,0.5,0.5,0,0,0,1,1,0,0,0,0.5,0.5,0.3333333333333333,0.3333333333333333,0.5,0.5,0.6666666666666666,0.6666666666666666
19,1,1,1,2,99,0.448653673735461,0.623760735951737,0.647800007039417,0.742426337778273,0.5,0.5,0.5,0.5,0.742426337778273,0.448653673735461,0.623760735951737,0.647800007039417,4,2,1.0,0,0.809,0.5,0.5,0.5,0.75,尾巴长。,0.75,0.5,0.5,0.5,0,0,0,1,1,0,0,0,0.25,0.5,0.5,0.5,0.75,0.5,0.5,0.5
19,1,1,1,2,100,0.203278479136419,0.9202976256269,0.93684308109783,0.049854666718698,0.5,0.5,0.5,0.5,0.049854666718698,0.203278479136419,0.9202976256269,0.93684308109783,1,1,1.0,0,0.888,0.5,0.5,0.5,0.25,尾巴短。,0.25,0.5,0.5,0.5,0,0,0,1,1,0,0,0,0.25,0.5,0.5,0.5,0.75,0.5,0.5,0.5
19,1,1,1,2,101,0.99988105930121,0.097673389236147,0.578998853862391,0.347501098731341,0.5,0.5,0.5,0.5,0.347501098731341,0.99988105930121,0.097673389236147,0.578998853862391,2,2,0.0,0,0.913,0.5,0.5,0.5,0.75,尾巴长。,0.75,0.5,0.5,0.5,0,0,0,1,1,0,0,0,0.25,0.5,0.5,0.5,0.75,0.5,0.5,0.5
19,1,1,1,2,102,0.698157824411684,0.202247547091155,0.329312624575992,0.417149049456076,0.5,0.5,0.5,0.5,0.417149049456076,0.698157824411684,0.202247547091155,0.329312624575992,2,2,0.0,0,0.828,0.5,0.5,0.5,0.75,尾巴长。,0.75,0.5,0.5,0.5,0,0,0,1,1,0,0,0,0.25,0.5,0.5,0.5,0.75,0.5,0.5,0.5
19,1,1,1,2,103,0.70030111132099,0.27242282680027,0.235773544564045,0.036797879471839,0.5,0.5,0.5,0.5,0.036797879471839,0.70030111132099,0.27242282680027,0.235773544564045,2,1,1.0,0,1.438,0.5,0.5,0.5,0.25,尾巴短。,0.25,0.5,0.5,0.5,0,0,0,1,1,0,0,0,0.25,0.5,0.5,0.5,0.75,0.5,0.5,0.5
19,1,1,1,2,104,0.745757196147402,0.601906196062488,0.499140282750462,0.575284734220155,0.5,0.5,0.5,0.5,0.575284734220155,0.745757196147402,0.601906196062488,0.499140282750462,4,2,1.0,0,0.97,0.5,0.5,0.5,0.75,尾巴长。,0.75,0.5,0.5,0.5,0,0,0,1,1,0,0,0,0.25,0.5,0.5,0.5,0.75,0.5,0.5,0.5
19,1,1,1,2,105,0.373717350765878,0.93266890572733,0.717478871744411,0.328143390223567,0.5,0.5,0.5,0.5,0.328143390223567,0.373717350765878,0.93266890572733,0.717478871744411,1,1,1.0,0,7.24,0.5,0.5,0.5,0.25,尾巴短。,0.25,0.5,0.5,0.5,0,0,0,1,1,0,0,0,0.25,0.5,0.5,0.5,0.75,0.5,0.5,0.5
19,1,1,1,2,106,0.226594886820951,0.243715474762544,0.569937649691595,0.673349048742901,0.5,0.5,0.5,0.5,0.673349048742901,0.226594886820951,0.243715474762544,0.569937649691595,3,2,1.0,0,1.078,0.5,0.5,0.5,0.6666666666666666,尾巴比身子长。,0.6666666666666666,0.5,0.5,0.5,0,0,0,1,1,0,0,0,0.3333333333333333,0.6666666666666666,0.5,0.5,0.6666666666666666,0.3333333333333333,0.5,0.5
19,1,1,1,2,107,0.31235742228188,0.78480740098872,0.91211106631958,0.91844328663759,0.5,0.5,0.5,0.5,0.91844328663759,0.31235742228188,0.78480740098872,0.91211106631958,4,2,1.0,0,0.804,0.5,0.5,0.5,0.6666666666666666,尾巴比身子长。,0.6666666666666666,0.5,0.5,0.5,0,0,0,1,1,0,0,0,0.25,0.5,0.5,0.5,0.75,0.5,0.5,0.5
19,1,1,1,2,108,0.93367180890463,0.158651368173069,0.07664135756006,0.500961199455897,0.5,0.5,0.5,0.5,0.500961199455897,0.93367180890463,0.158651368173069,0.07664135756006,3,2,1.0,1,1.516,0.5,0.5,0.5,0.6666666666666666,尾巴比身子长。,0.6666666666666666,0.5,0.5,0.5,0,0,0,1,1,0,0,0,0.25,0.5,0.5,0.5,0.75,0.5,0.5,0.5
19,1,1,1,2,109,0.102222855565489,0.733869642380749,0.86148108143965,0.003983074418067,0.5,0.5,0.5,0.5,0.003983074418067,0.102222855565489,0.733869642380749,0.86148108143965,1,1,1.0,0,0.947,0.5,0.5,0.5,0.3333333333333333,尾巴比身子短。,0.3333333333333333,0.5,0.5,0.5,0,0,0,1,1,0,0,0,0.25,0.5,0.5,0.5,0.75,0.5,0.5,0.5
19,1,1,1,2,110,0.662028084279725,0.413739016584586,0.95217893954924,0.49406646848751,0.5,0.5,0.5,0.5,0.49406646848751,0.662028084279725,0.413739016584586,0.95217893954924,2,1,1.0,1,1.713,0.5,0.5,0.5,0.3333333333333333,尾巴比身子短。,0.3333333333333333,0.5,0.5,0.5,0,0,0,1,1,0,0,0,0.3333333333333333,0.3333333333333333,0.6666666666666666,0.6666666666666666,0.6666666666666666,0.6666666666666666,0.3333333333333333,0.3333333333333333
19,1,1,1,2,111,0.210872632442356,0.7991756834812,0.76638065740001,0.662412882410988,0.5,0.5,0.5,0.5,0.662412882410988,0.210872632442356,0.7991756834812,0.76638065740001,4,2,1.0,0,1.953,0.5,0.5,0.5,0.6666666666666666,尾巴比身子长。,0.6666666666666666,0.5,0.5,0.5,0,0,0,1,1,0,0,0,0.25,0.5,0.5,0.5,0.75,0.5,0.5,0.5
19,1,1,1,2,112,0.603259982193151,0.268942433420349,0.042042873349493,0.98729957099836,0.5,0.5,0.5,0.5,0.98729957099836,0.603259982193151,0.268942433420349,0.042042873349493,3,2,1.0,0,0.961,0.5,0.5,0.5,0.6666666666666666,尾巴比身子长。,0.6666666666666666,0.5,0.5,0.5,0,0,0,1,1,0,0,0,0.25,0.5,0.5,0.5,0.75,0.5,0.5,0.5
19,1,1,1,2,113,0.501437250902289,0.96058561826231,0.77068884342168,0.739172633622119,0.5,0.5,0.5,0.5,0.739172633622119,0.501437250902289,0.96058561826231,0.77068884342168,4,2,1.0,0,5.075,0.5,0.5,0.5,0.6666666666666666,尾巴比身子长。,0.6666666666666666,0.5,0.5,0.5,0,0,0,1,1,0,0,0,0.25,0.5,0.5,0.5,0.75,0.5,0.5,0.5
19,1,1,1,2,114,0.75101410143656,0.83552911222771,0.662383641370272,0.75931492661586,0.5,0.5,0.5,0.5,0.75931492661586,0.75101410143656,0.83552911222771,0.662383641370272,4,2,1.0,0,0.788,0.5,0.5,0.5,0.6666666666666666,尾巴比身子长。,0.6666666666666666,0.5,0.5,0.5,0,0,0,1,1,0,0,0,0.25,0.5,0.5,0.5,0.75,0.5,0.5,0.5
19,1,1,1,2,115,0.89391444044528,0.148365593655398,0.08338553321872,0.511342153196591,0.5,0.5,0.5,0.5,0.511342153196591,0.89391444044528,0.148365593655398,0.08338553321872,3,2,1.0,1,1.501,0.5,0.5,0.5,0.6666666666666666,尾巴比身子长。,0.6666666666666666,0.5,0.5,0.5,0,0,0,1,1,0,0,0,0.3333333333333333,0.3333333333333333,0.5,0.5,0.6666666666666666,0.6666666666666666,0.5,0.5
19,1,1,1,2,116,0.632797712939538,0.428501749299029,0.97034036077384,0.80925781849947,0.5,0.5,0.5,0.5,0.80925781849947,0.632797712939538,0.428501749299029,0.97034036077384,3,1,0.0,0,4.366,0.5,0.5,0.5,0.3333333333333333,尾巴比身子短。,0.3333333333333333,0.5,0.5,0.5,0,0,0,1,1,0,0,0,0.3333333333333333,0.6666666666666666,0.6666666666666666,0.3333333333333333,0.6666666666666666,0.3333333333333333,0.3333333333333333,0.6666666666666666
19,1,1,1,2,117,0.651268333581155,0.516882306262179,0.77064258002296,0.036503553774642,0.5,0.5,0.5,0.5,0.036503553774642,0.651268333581155,0.516882306262179,0.77064258002296,2,1,1.0,0,0.96,0.5,0.5,0.5,0.3333333333333333,尾巴比身子短。,0.3333333333333333,0.5,0.5,0.5,0,0,0,1,1,0,0,0,0.3333333333333333,0.5,0.6666666666666666,0.5,0.6666666666666666,0.5,0.3333333333333333,0.5
19,1,1,1,2,118,0.058956025514626,0.722486449222004,0.427196287822964,0.678356615281026,0.5,0.5,0.5,0.5,0.678356615281026,0.058956025514626,0.722486449222004,0.427196287822964,4,2,1.0,0,1.93,0.5,0.5,0.5,0.6666666666666666,尾巴比身子长。,0.6666666666666666,0.5,0.5,0.5,0,0,0,1,1,0,0,0,0.3333333333333333,0.6666666666666666,0.6666666666666666,0.3333333333333333,0.6666666666666666,0.3333333333333333,0.3333333333333333,0.6666666666666666
19,1,1,1,2,119,0.047190875397854,0.155152107549064,0.90302039433495,0.735679487570318,0.5,0.5,0.5,0.5,0.735679487570318,0.047190875397854,0.155152107549064,0.90302039433495,3,2,1.0,0,1.884,0.5,0.5,0.5,0.6666666666666666,尾巴比身子长。,0.6666666666666666,0.5,0.5,0.5,0,0,0,1,1,0,0,0,0.3333333333333333,0.5,0.5,0.3333333333333333,0.6666666666666666,0.5,0.5,0.6666666666666666
19,1,1,1,2,120,0.621224684297323,0.263763507879616,0.633088400413856,0.040127569906141,0.5,0.5,0.5,0.5,0.040127569906141,0.621224684297323,0.263763507879616,0.633088400413856,2,1,1.0,0,0.935,0.5,0.5,0.5,0.3333333333333333,尾巴比身子短。,0.3333333333333333,0.5,0.5,0.5,0,0,0,1,1,0,0,0,0.3333333333333333,0.5,0.5,0.3333333333333333,0.6666666666666666,0.5,0.5,0.6666666666666666
19,1,1,1,2,121,0.8827335998887,0.567981840101376,0.33443260081892,0.323438758846663,0.5,0.5,0.5,0.5,0.323438758846663,0.8827335998887,0.567981840101376,0.33443260081892,2,2,0.0,0,0.873,0.5,0.5,0.5,0.6666666666666666,尾巴比身子长。,0.6666666666666666,0.5,0.5,0.5,0,0,0,1,1,0,0,0,0.5,0.5,0.3333333333333333,0.3333333333333333,0.5,0.5,0.6666666666666666,0.6666666666666666
19,1,1,1,2,122,0.376416216246295,0.336774414694384,0.87578141936401,0.177734184799388,0.5,0.5,0.5,0.5,0.177734184799388,0.376416216246295,0.336774414694384,0.87578141936401,1,1,1.0,0,1.032,0.5,0.5,0.6666666666666666,0.3333333333333333,尾巴比腿短。,0.3333333333333333,0.5,0.5,0.6666666666666666,0,0,1,1,1,0,0,1,0.25,0.5,0.5,0.5,0.75,0.5,0.5,0.5
19,1,1,1,2,123,0.467150082311151,0.127982791209979,0.93755359750153,0.688089760867626,0.5,0.5,0.5,0.5,0.688089760867626,0.467150082311151,0.127982791209979,0.93755359750153,3,2,1.0,0,3.321,0.5,0.5,0.3333333333333333,0.6666666666666666,尾巴比腿长。,0.6666666666666666,0.5,0.5,0.3333333333333333,0,0,1,1,1,0,0,1,0.25,0.5,0.5,0.5,0.75,0.5,0.5,0.5
19,1,1,1,2,124,0.282084188447719,0.216339644677606,0.75132248636771,0.88194548776691,0.5,0.5,0.5,0.5,0.88194548776691,0.282084188447719,0.216339644677606,0.75132248636771,3,2,1.0,0,1.232,0.5,0.5,0.3333333333333333,0.6666666666666666,尾巴比腿长。,0.6666666666666666,0.5,0.5,0.3333333333333333,0,0,1,1,1,0,0,1,0.25,0.5,0.5,0.5,0.75,0.5,0.5,0.5
19,1,1,1,2,125,0.0016506153658579,0.80371160458003,0.94504550841737,0.199115677490744,0.5,0.5,0.5,0.5,0.199115677490744,0.0016506153658579,0.80371160458003,0.94504550841737,1,1,1.0,0,1.249,0.5,0.5,0.6666666666666666,0.3333333333333333,尾巴比腿短。,0.3333333333333333,0.5,0.5,0.6666666666666666,0,0,1,1,1,0,0,1,0.25,0.5,0.5,0.5,0.75,0.5,0.5,0.5
19,1,1,1,2,126,0.579133216500284,0.95381422754975,0.667463567196212,0.444205741645379,0.5,0.5,0.5,0.5,0.444205741645379,0.579133216500284,0.95381422754975,0.667463567196212,2,1,1.0,0,2.295,0.5,0.5,0.6666666666666666,0.3333333333333333,尾巴比腿短。,0.3333333333333333,0.5,0.5,0.6666666666666666,0,0,1,1,1,0,0,1,0.3333333333333333,0.6666666666666666,0.5,0.5,0.6666666666666666,0.3333333333333333,0.5,0.5
19,1,1,1,2,127,0.693563740831029,0.160403609919337,0.067351640212376,0.268985422844373,0.5,0.5,0.5,0.5,0.268985422844373,0.693563740831029,0.160403609919337,0.067351640212376,2,2,0.0,0,1.487,0.5,0.5,0.3333333333333333,0.6666666666666666,尾巴比腿长。,0.6666666666666666,0.5,0.5,0.3333333333333333,0,0,1,1,1,0,0,1,0.3333333333333333,0.6666666666666666,0.5,0.5,0.6666666666666666,0.3333333333333333,0.5,0.5
19,1,1,1,2,128,0.130499680225464,0.230918375016529,0.354201034855309,0.189985109976294,0.5,0.5,0.5,0.5,0.189985109976294,0.130499680225464,0.230918375016529,0.354201034855309,1,1,1.0,0,2.13,0.5,0.5,0.6666666666666666,0.3333333333333333,尾巴比腿短。,0.3333333333333333,0.5,0.5,0.6666666666666666,0,0,1,1,1,0,0,1,0.5,0.3333333333333333,0.5,0.3333333333333333,0.5,0.6666666666666666,0.5,0.6666666666666666
19,1,1,1,3,129,0.0091686630151099,0.398854050197443,0.122532271788588,0.204874015332905,0.5,0.5,0.5,0.5,0.204874015332905,0.0091686630151099,0.398854050197443,0.122532271788588,1,2,0.0,0,4.64,0.5,0.5,0.3333333333333333,0.6666666666666666,尾巴比腿长。,0.6666666666666666,0.5,0.5,0.3333333333333333,0,0,1,1,1,0,0,1,0.3333333333333333,0.6666666666666666,0.6666666666666666,0.3333333333333333,0.6666666666666666,0.3333333333333333,0.3333333333333333,0.6666666666666666
19,1,1,1,3,130,0.77719562149738,0.81189935684218,0.620220359832447,0.54839434487076,0.5,0.5,0.5,0.5,0.54839434487076,0.77719562149738,0.81189935684218,0.620220359832447,4,2,1.0,1,0.784,0.5,0.5,0.3333333333333333,0.6666666666666666,尾巴比腿长，是个大型动物。,0.6666666666666666,0.5,0.5,0.3333333333333333,0,0,1,1,1,0,0,1,0.5,0.3333333333333333,0.5,0.3333333333333333,0.5,0.6666666666666666,0.5,0.6666666666666666
19,1,1,1,3,131,0.740199350556111,0.467701770979609,0.84017067774284,0.314773549782051,0.5,0.5,0.5,0.5,0.314773549782051,0.740199350556111,0.467701770979609,0.84017067774284,2,2,0.0,0,1.275,,,,,是个大型动物。,,,,,0,0,0,0,0,0,0,0,0.3333333333333333,0.5,0.3333333333333333,0.5,0.6666666666666666,0.5,0.6666666666666666,0.5
19,1,1,1,3,132,0.411959674817204,0.594403631276378,0.95024792274821,0.87295116488073,0.5,0.5,0.5,0.5,0.87295116488073,0.411959674817204,0.594403631276378,0.95024792274821,4,2,1.0,0,0.82,0.5,0.5,0.3333333333333333,0.6666666666666666,尾巴比腿长。,0.6666666666666666,0.5,0.5,0.3333333333333333,0,0,1,1,1,0,0,1,0.3333333333333333,0.5,0.3333333333333333,0.5,0.6666666666666666,0.5,0.6666666666666666,0.5
19,1,1,1,3,133,0.103906545366783,0.427378201363726,0.373974120144138,0.436889788449039,0.5,0.5,0.5,0.5,0.436889788449039,0.103906545366783,0.427378201363726,0.373974120144138,1,1,1.0,0,0.876,0.5,0.5,0.3333333333333333,0.6666666666666666,尾巴比腿长。,0.6666666666666666,0.5,0.5,0.3333333333333333,0,0,1,1,1,0,0,1,0.3333333333333333,0.5,0.3333333333333333,0.5,0.6666666666666666,0.5,0.6666666666666666,0.5
19,1,1,1,3,134,0.469173100545674,0.68368024958618,0.610331215072197,0.136706726185033,0.5,0.5,0.5,0.5,0.136706726185033,0.469173100545674,0.68368024958618,0.610331215072197,1,1,1.0,0,1.496,0.5,0.5,0.6666666666666666,0.3333333333333333,尾巴比腿短。,0.3333333333333333,0.5,0.5,0.6666666666666666,0,0,1,1,1,0,0,1,0.3333333333333333,0.5,0.5,0.3333333333333333,0.6666666666666666,0.5,0.5,0.6666666666666666
19,1,1,1,3,135,0.062691904152996,0.564874721545454,0.196165519091356,0.95064746565022,0.5,0.5,0.5,0.5,0.95064746565022,0.062691904152996,0.564874721545454,0.196165519091356,4,2,1.0,0,3.302,0.5,0.5,0.3333333333333333,0.6666666666666666,尾巴比腿长。,0.6666666666666666,0.5,0.5,0.3333333333333333,0,0,1,1,1,0,0,1,0.3333333333333333,0.5,0.3333333333333333,0.5,0.6666666666666666,0.5,0.6666666666666666,0.5
19,1,1,1,3,136,0.93371473846145,0.623332458269028,0.79427321213081,0.551333121822337,0.5,0.5,0.5,0.5,0.551333121822337,0.93371473846145,0.623332458269028,0.79427321213081,4,1,0.0,0,1.022,0.5,0.5,0.6666666666666666,0.3333333333333333,尾巴比腿短。,0.3333333333333333,0.5,0.5,0.6666666666666666,0,0,1,1,1,0,0,1,0.3333333333333333,0.5,0.5,0.3333333333333333,0.6666666666666666,0.5,0.5,0.6666666666666666
19,1,1,1,3,137,0.645199469702191,0.19340383839224,0.648968964261469,0.003871577233212,0.5,0.5,0.5,0.5,0.003871577233212,0.645199469702191,0.19340383839224,0.648968964261469,2,1,1.0,0,1.526,0.5,0.5,0.6666666666666666,0.3333333333333333,尾巴比腿短。,0.3333333333333333,0.5,0.5,0.6666666666666666,0,0,1,1,1,0,0,1,0.3333333333333333,0.5,0.6666666666666666,0.5,0.6666666666666666,0.5,0.3333333333333333,0.5
19,1,1,1,3,138,0.500752212678996,0.121159086951619,0.257892110205058,0.625925555925875,0.5,0.5,0.5,0.5,0.625925555925875,0.500752212678996,0.121159086951619,0.257892110205058,3,2,1.0,0,0.644,0.5,0.5,0.3333333333333333,0.6666666666666666,尾巴比腿长。,0.6666666666666666,0.5,0.5,0.3333333333333333,0,0,1,1,1,0,0,1,0.3333333333333333,0.5,0.6666666666666666,0.5,0.6666666666666666,0.5,0.3333333333333333,0.5
19,1,1,1,3,139,0.430153884919615,0.723579311193251,0.283281831721765,0.468922344827686,0.5,0.5,0.5,0.5,0.468922344827686,0.430153884919615,0.723579311193251,0.283281831721765,1,1,1.0,1,0.781,0.5,0.5,0.3333333333333333,0.6666666666666666,尾巴比腿长。,0.6666666666666666,0.5,0.5,0.3333333333333333,0,0,1,1,1,0,0,1,0.3333333333333333,0.5,0.6666666666666666,0.5,0.6666666666666666,0.5,0.3333333333333333,0.5
19,1,1,1,3,140,0.297819447593585,0.137319726325603,0.215753972440514,0.650608450820165,0.5,0.5,0.5,0.5,0.650608450820165,0.297819447593585,0.137319726325603,0.215753972440514,3,2,1.0,0,0.697,0.5,0.5,0.3333333333333333,0.6666666666666666,尾巴比腿长。,0.6666666666666666,0.5,0.5,0.3333333333333333,0,0,1,1,1,0,0,1,0.3333333333333333,0.5,0.6666666666666666,0.5,0.6666666666666666,0.5,0.3333333333333333,0.5
19,1,1,1,3,141,0.77800725402451,0.82504514472197,0.475741246664628,0.521757127573747,0.5,0.5,0.5,0.5,0.521757127573747,0.77800725402451,0.82504514472197,0.475741246664628,4,2,1.0,1,1.201,0.5,0.5,0.3333333333333333,0.6666666666666666,尾巴比腿长。,0.6666666666666666,0.5,0.5,0.3333333333333333,0,0,1,1,1,0,0,1,0.25,0.5,0.5,0.5,0.75,0.5,0.5,0.5
19,1,1,1,3,142,0.116065154215985,0.42183604277285,0.372892285507052,0.423932175386694,0.5,0.5,0.5,0.5,0.423932175386694,0.116065154215985,0.42183604277285,0.372892285507052,1,2,0.0,0,1.584,0.5,0.5,0.3333333333333333,0.6666666666666666,尾巴比腿长。,0.6666666666666666,0.5,0.5,0.3333333333333333,0,0,1,1,1,0,0,1,0.25,0.5,0.5,0.5,0.75,0.5,0.5,0.5
19,1,1,1,3,143,0.749390913442785,0.387018618307963,0.94845687099548,0.251650777775388,0.5,0.5,0.5,0.5,0.251650777775388,0.749390913442785,0.387018618307963,0.94845687099548,2,1,1.0,0,1.264,0.5,0.6666666666666666,0.5,0.3333333333333333,尾巴比头短。,0.3333333333333333,0.5,0.6666666666666666,0.5,0,1,0,1,1,0,1,0,0.25,0.5,0.5,0.5,0.75,0.5,0.5,0.5
19,1,1,1,3,144,0.55028002091655,0.036345174485933,0.484952876806044,0.79374346511748,0.5,0.5,0.5,0.5,0.79374346511748,0.55028002091655,0.036345174485933,0.484952876806044,3,2,1.0,0,1.367,0.5,0.3333333333333333,0.5,0.6666666666666666,尾巴比头长。,0.6666666666666666,0.5,0.3333333333333333,0.5,0,1,0,1,1,0,1,0,0.3333333333333333,0.6666666666666666,0.6666666666666666,0.3333333333333333,0.6666666666666666,0.3333333333333333,0.3333333333333333,0.6666666666666666
19,1,1,1,3,145,0.073773636283502,0.718811848945485,0.203068882238134,0.94217261687642,0.5,0.5,0.5,0.5,0.94217261687642,0.073773636283502,0.718811848945485,0.203068882238134,4,2,1.0,0,5.382,0.5,0.5,0.5,0.75,尾巴长。,0.75,0.5,0.5,0.5,0,0,0,1,1,0,0,0,0.25,0.5,0.5,0.5,0.75,0.5,0.5,0.5
19,1,1,1,3,146,0.81628074992143,0.481132795575959,0.642327006533213,0.268116213552039,0.5,0.5,0.5,0.5,0.268116213552039,0.81628074992143,0.481132795575959,0.642327006533213,2,1,1.0,0,1.308,0.5,0.5,0.5,0.25,尾巴短。,0.25,0.5,0.5,0.5,0,0,0,1,1,0,0,0,0.25,0.5,0.5,0.5,0.75,0.5,0.5,0.5
19,1,1,1,3,147,0.662436773778512,0.095100047862777,0.120828477367442,0.084867247844332,0.5,0.5,0.5,0.5,0.084867247844332,0.662436773778512,0.095100047862777,0.120828477367442,2,1,1.0,0,0.976,0.5,0.5,0.5,0.25,尾巴短。,0.25,0.5,0.5,0.5,0,0,0,1,1,0,0,0,0.3333333333333333,0.5,0.3333333333333333,0.5,0.6666666666666666,0.5,0.6666666666666666,0.5
19,1,1,1,3,148,0.30085672677975,0.92112464651615,0.82787756494581,0.307566565313163,0.5,0.5,0.5,0.5,0.307566565313163,0.30085672677975,0.92112464651615,0.82787756494581,1,1,1.0,0,1.361,0.5,0.5,0.5,0.25,尾巴短。,0.25,0.5,0.5,0.5,0,0,0,1,1,0,0,0,0.25,0.5,0.5,0.5,0.75,0.5,0.5,0.5
19,1,1,1,3,149,0.53758849115264,0.549865236055666,0.92968340274559,0.005881666286341,0.5,0.5,0.5,0.5,0.005881666286341,0.53758849115264,0.549865236055666,0.92968340274559,2,1,1.0,0,0.832,0.5,0.5,0.5,0.25,尾巴短。,0.25,0.5,0.5,0.5,0,0,0,1,1,0,0,0,0.25,0.5,0.5,0.5,0.75,0.5,0.5,0.5
19,1,1,1,3,150,0.18830293202074,0.2335881098605,0.058608138628928,0.579805552457013,0.5,0.5,0.5,0.5,0.579805552457013,0.18830293202074,0.2335881098605,0.058608138628928,3,2,1.0,0,2.803,0.5,0.5,0.5,0.75,尾巴长。,0.75,0.5,0.5,0.5,0,0,0,1,1,0,0,0,0.25,0.5,0.5,0.5,0.75,0.5,0.5,0.5
19,1,1,1,3,151,0.700298161072809,0.026590095912864,0.88518498506921,0.522664503393355,0.5,0.5,0.5,0.5,0.522664503393355,0.700298161072809,0.026590095912864,0.88518498506921,3,2,1.0,1,1.659,0.5,0.5,0.5,0.75,尾巴长。,0.75,0.5,0.5,0.5,0,0,0,1,1,0,0,0,0.5,0.3333333333333333,0.5,0.6666666666666666,0.5,0.6666666666666666,0.5,0.3333333333333333
19,1,1,1,3,152,0.95524767114637,0.668251297335286,0.530538861079446,0.126765975181882,0.5,0.5,0.5,0.5,0.126765975181882,0.95524767114637,0.668251297335286,0.530538861079446,2,1,1.0,0,0.921,0.5,0.5,0.5,0.25,尾巴短。,0.25,0.5,0.5,0.5,0,0,0,1,1,0,0,0,0.5,0.5,0.3333333333333333,0.3333333333333333,0.5,0.5,0.6666666666666666,0.6666666666666666
19,1,1,1,3,153,0.255924918921541,0.500164564054759,0.96136982976259,0.484718510918352,0.5,0.5,0.5,0.5,0.484718510918352,0.255924918921541,0.500164564054759,0.96136982976259,1,2,0.0,1,2.575,0.5,0.5,0.5,0.75,尾巴长。,0.75,0.5,0.5,0.5,0,0,0,1,1,0,0,0,0.25,0.5,0.5,0.5,0.75,0.5,0.5,0.5
19,1,1,1,3,154,0.76044333994545,0.724382432021785,0.676785850993063,0.351954347976917,0.5,0.5,0.5,0.5,0.351954347976917,0.76044333994545,0.724382432021785,0.676785850993063,2,1,1.0,0,1.727,0.5,0.5,0.5,0.25,尾巴短。,0.25,0.5,0.5,0.5,0,0,0,1,1,0,0,0,0.25,0.5,0.5,0.5,0.75,0.5,0.5,0.5
19,1,1,1,3,155,0.452910603494995,0.025502888124324,0.313759032635472,0.022565883172004,0.5,0.5,0.5,0.5,0.022565883172004,0.452910603494995,0.025502888124324,0.313759032635472,1,1,1.0,0,0.715,0.5,0.5,0.5,0.25,尾巴短。,0.25,0.5,0.5,0.5,0,0,0,1,1,0,0,0,0.25,0.5,0.5,0.5,0.75,0.5,0.5,0.5
19,1,1,1,3,156,0.682554140187543,0.8772395517206,0.07985899235965,0.225338840006155,0.5,0.5,0.5,0.5,0.225338840006155,0.682554140187543,0.8772395517206,0.07985899235965,2,1,1.0,0,2.576,0.5,0.5,0.5,0.25,尾巴短。,0.25,0.5,0.5,0.5,0,0,0,1,1,0,0,0,0.25,0.5,0.5,0.5,0.75,0.5,0.5,0.5
19,1,1,1,3,157,0.76665833060234,0.322772083941284,0.333918707292772,0.498028174048751,0.5,0.5,0.5,0.5,0.498028174048751,0.76665833060234,0.322772083941284,0.333918707292772,2,2,0.0,1,0.764,0.5,0.5,0.5,0.75,尾巴长。,0.75,0.5,0.5,0.5,0,0,0,1,1,0,0,0,0.25,0.5,0.5,0.5,0.75,0.5,0.5,0.5
19,1,1,1,3,158,0.297355333995244,0.259802176366139,0.593333077657675,0.276345568259484,0.5,0.5,0.5,0.5,0.276345568259484,0.297355333995244,0.259802176366139,0.593333077657675,1,1,1.0,0,1.5,0.5,0.5,0.5,0.25,尾巴短。,0.25,0.5,0.5,0.5,0,0,0,1,1,0,0,0,0.25,0.5,0.5,0.5,0.75,0.5,0.5,0.5
19,1,1,1,3,159,0.070658447860996,0.054499648083448,0.347880124095252,0.552683437275398,0.5,0.5,0.5,0.5,0.552683437275398,0.070658447860996,0.054499648083448,0.347880124095252,3,2,1.0,0,1.755,0.5,0.5,0.5,0.75,尾巴长。,0.75,0.5,0.5,0.5,0,0,0,1,1,0,0,0,0.3333333333333333,0.5,0.3333333333333333,0.5,0.6666666666666666,0.5,0.6666666666666666,0.5
19,1,1,1,3,160,0.404395635218368,0.90817703872062,0.79065353987475,0.416625404002229,0.5,0.5,0.5,0.5,0.416625404002229,0.404395635218368,0.90817703872062,0.79065353987475,1,1,1.0,0,7.446,0.5,0.5,0.5,0.25,尾巴短。,0.25,0.5,0.5,0.5,0,0,0,1,1,0,0,0,0.3333333333333333,0.3333333333333333,0.5,0.5,0.6666666666666666,0.6666666666666666,0.5,0.5
19,1,1,1,3,161,0.90807402900812,0.622474482505779,0.86762366693738,0.88503900567826,0.5,0.5,0.5,0.5,0.88503900567826,0.90807402900812,0.622474482505779,0.86762366693738,4,2,1.0,0,1.561,0.5,0.5,0.5,0.75,尾巴长。,0.75,0.5,0.5,0.5,0,0,0,1,1,0,0,0,0.3333333333333333,0.3333333333333333,0.5,0.5,0.6666666666666666,0.6666666666666666,0.5,0.5
19,1,1,1,3,162,0.380344399348721,0.416817718361466,0.606295652950616,0.442114509934387,0.5,0.5,0.5,0.5,0.442114509934387,0.380344399348721,0.416817718361466,0.606295652950616,1,1,1.0,0,3.701,0.5,0.5,0.5,0.25,尾巴短。,0.25,0.5,0.5,0.5,0,0,0,1,1,0,0,0,0.25,0.5,0.5,0.5,0.75,0.5,0.5,0.5
19,1,1,1,3,163,0.019246752852635,0.669832178025739,0.42832937883771,0.142243269521115,0.5,0.5,0.5,0.5,0.142243269521115,0.019246752852635,0.669832178025739,0.42832937883771,1,1,1.0,0,2.974,0.5,0.5,0.5,0.25,尾巴短。,0.25,0.5,0.5,0.5,0,0,0,1,1,0,0,0,0.5,0.3333333333333333,0.6666666666666666,0.5,0.5,0.6666666666666666,0.3333333333333333,0.5
19,1,1,1,3,164,0.203649373267872,0.500066592100577,0.284822413603425,0.94076951569948,0.5,0.5,0.5,0.5,0.94076951569948,0.203649373267872,0.500066592100577,0.284822413603425,4,2,1.0,0,1.527,0.5,0.5,0.5,0.75,尾巴长。,0.75,0.5,0.5,0.5,0,0,0,1,1,0,0,0,0.3333333333333333,0.5,0.6666666666666666,0.5,0.6666666666666666,0.5,0.3333333333333333,0.5
19,1,1,1,3,165,0.02341906651304,0.295837942060411,0.81822974873619,0.92447556895007,0.5,0.5,0.5,0.5,0.92447556895007,0.02341906651304,0.295837942060411,0.81822974873619,3,2,1.0,0,1.534,0.5,0.5,0.5,0.75,尾巴长。,0.75,0.5,0.5,0.5,0,0,0,1,1,0,0,0,0.3333333333333333,0.5,0.6666666666666666,0.5,0.6666666666666666,0.5,0.3333333333333333,0.5
19,1,1,1,3,166,0.97817449436445,0.588311536975923,0.040793989702881,0.708052333260516,0.5,0.5,0.5,0.5,0.708052333260516,0.97817449436445,0.588311536975923,0.040793989702881,4,2,1.0,0,1.76,0.5,0.5,0.5,0.75,尾巴长。,0.75,0.5,0.5,0.5,0,0,0,1,1,0,0,0,0.3333333333333333,0.5,0.6666666666666666,0.5,0.6666666666666666,0.5,0.3333333333333333,0.5
19,1,1,1,3,167,0.80117496971549,0.167573618466745,0.87532736674622,0.746775358018213,0.5,0.5,0.5,0.5,0.746775358018213,0.80117496971549,0.167573618466745,0.87532736674622,3,2,1.0,0,3.642,0.5,0.5,0.5,0.75,尾巴长。,0.75,0.5,0.5,0.5,0,0,0,1,1,0,0,0,0.3333333333333333,0.5,0.6666666666666666,0.5,0.6666666666666666,0.5,0.3333333333333333,0.5
19,1,1,1,3,168,0.397677197799888,0.081353699212914,0.36404057562904,0.542780121635191,0.5,0.5,0.5,0.5,0.542780121635191,0.397677197799888,0.081353699212914,0.36404057562904,3,2,1.0,1,1.241,0.5,0.5,0.5,0.75,尾巴长。,0.75,0.5,0.5,0.5,0,0,0,1,1,0,0,0,0.3333333333333333,0.5,0.6666666666666666,0.5,0.6666666666666666,0.5,0.3333333333333333,0.5
19,1,1,1,3,169,0.104371647172576,0.202068359126418,0.98772361727478,0.222045905706023,0.5,0.5,0.5,0.5,0.222045905706023,0.104371647172576,0.202068359126418,0.98772361727478,1,1,1.0,0,1.134,0.5,0.5,0.5,0.25,尾巴短。,0.25,0.5,0.5,0.5,0,0,0,1,1,0,0,0,0.3333333333333333,0.6666666666666666,0.5,0.5,0.6666666666666666,0.3333333333333333,0.5,0.5
19,1,1,1,3,170,0.240226794234519,0.041826145200778,0.142545972181053,0.89477236059568,0.5,0.5,0.5,0.5,0.89477236059568,0.240226794234519,0.041826145200778,0.142545972181053,3,2,1.0,0,1.249,0.5,0.5,0.5,0.75,尾巴长。,0.75,0.5,0.5,0.5,0,0,0,1,1,0,0,0,0.3333333333333333,0.5,0.5,0.6666666666666666,0.6666666666666666,0.5,0.5,0.3333333333333333
19,1,1,1,3,171,0.541463908486813,0.77658432221923,0.04553614074621,0.495589815477837,0.5,0.5,0.5,0.5,0.495589815477837,0.541463908486813,0.77658432221923,0.04553614074621,2,2,0.0,1,2.931,0.5,0.5,0.5,0.75,尾巴长。,0.75,0.5,0.5,0.5,0,0,0,1,1,0,0,0,0.5,0.5,0.5,0.25,0.5,0.5,0.5,0.75
19,1,1,1,3,172,0.370751461341599,0.72087163994757,0.79624514780366,0.79455052776139,0.5,0.5,0.5,0.5,0.79455052776139,0.370751461341599,0.72087163994757,0.79624514780366,4,2,1.0,0,2.467,0.5,0.5,0.5,0.75,尾巴长。,0.75,0.5,0.5,0.5,0,0,0,1,1,0,0,0,0.3333333333333333,0.3333333333333333,0.5,0.5,0.6666666666666666,0.6666666666666666,0.5,0.5
19,1,1,1,3,173,0.88609506470461,0.065044446354337,0.583058743323384,0.92332677480129,0.5,0.5,0.5,0.5,0.92332677480129,0.88609506470461,0.065044446354337,0.583058743323384,3,2,1.0,0,1.167,0.5,0.5,0.5,0.75,尾巴长。,0.75,0.5,0.5,0.5,0,0,0,1,1,0,0,0,0.3333333333333333,0.3333333333333333,0.5,0.5,0.6666666666666666,0.6666666666666666,0.5,0.5
19,1,1,1,3,174,0.188256195662117,0.56460945720907,0.99611403806579,0.94412580721382,0.5,0.5,0.5,0.5,0.94412580721382,0.188256195662117,0.56460945720907,0.99611403806579,4,2,1.0,0,1.342,0.5,0.5,0.5,0.75,尾巴长。,0.75,0.5,0.5,0.5,0,0,0,1,1,0,0,0,0.3333333333333333,0.5,0.6666666666666666,0.5,0.6666666666666666,0.5,0.3333333333333333,0.5
19,1,1,1,3,175,0.97703823181868,0.403981838536675,0.90888209560144,0.049881576963151,0.5,0.5,0.5,0.5,0.049881576963151,0.97703823181868,0.403981838536675,0.90888209560144,2,1,1.0,0,0.751,0.5,0.5,0.5,0.25,尾巴短。,0.25,0.5,0.5,0.5,0,0,0,1,1,0,0,0,0.3333333333333333,0.3333333333333333,0.6666666666666666,0.6666666666666666,0.6666666666666666,0.6666666666666666,0.3333333333333333,0.3333333333333333
19,1,1,1,3,176,0.99076658952337,0.512757950124403,0.93595360403523,0.699214895044802,0.5,0.5,0.5,0.5,0.699214895044802,0.99076658952337,0.512757950124403,0.93595360403523,4,2,1.0,0,2.135,0.5,0.5,0.5,0.75,尾巴长。,0.75,0.5,0.5,0.5,0,0,0,1,1,0,0,0,0.3333333333333333,0.5,0.5,0.3333333333333333,0.6666666666666666,0.5,0.5,0.6666666666666666
19,1,1,1,3,177,0.77974209110509,0.78548435916682,0.270056497914591,0.478699611771479,0.5,0.5,0.5,0.5,0.478699611771479,0.77974209110509,0.78548435916682,0.270056497914591,2,2,0.0,1,3.286,0.5,0.5,0.5,0.75,尾巴长。,0.75,0.5,0.5,0.5,0,0,0,1,1,0,0,0,0.3333333333333333,0.5,0.6666666666666666,0.5,0.6666666666666666,0.5,0.3333333333333333,0.5
19,1,1,1,3,178,0.438250800307264,0.83998648314595,0.232596139987418,0.036148964160161,0.5,0.5,0.5,0.5,0.036148964160161,0.438250800307264,0.83998648314595,0.232596139987418,1,1,1.0,0,4.36,0.5,0.5,0.5,0.25,尾巴短。,0.25,0.5,0.5,0.5,0,0,0,1,1,0,0,0,0.3333333333333333,0.6666666666666666,0.5,0.5,0.6666666666666666,0.3333333333333333,0.5,0.5
19,1,1,1,3,179,0.534799770531934,0.335496159242267,0.388798875297794,0.84035547720926,0.5,0.5,0.5,0.5,0.84035547720926,0.534799770531934,0.335496159242267,0.388798875297794,3,2,1.0,0,1.238,0.5,0.5,0.5,0.75,尾巴长。,0.75,0.5,0.5,0.5,0,0,0,1,1,0,0,0,0.3333333333333333,0.6666666666666666,0.5,0.5,0.6666666666666666,0.3333333333333333,0.5,0.5
19,1,1,1,3,180,0.80520717228238,0.684888559239917,0.91229146620445,0.87684277332558,0.5,0.5,0.5,0.5,0.87684277332558,0.80520717228238,0.684888559239917,0.91229146620445,4,2,1.0,0,2.429,0.5,0.5,0.5,0.75,尾巴长。,0.75,0.5,0.5,0.5,0,0,0,1,1,0,0,0,0.25,0.5,0.5,0.5,0.75,0.5,0.5,0.5
19,1,1,1,3,181,0.407385986675154,0.620599265859174,0.540339969949322,0.062028201814618,0.5,0.5,0.5,0.5,0.062028201814618,0.407385986675154,0.620599265859174,0.540339969949322,1,1,1.0,0,0.738,0.5,0.5,0.5,0.25,尾巴短。,0.25,0.5,0.5,0.5,0,0,0,1,1,0,0,0,0.25,0.5,0.5,0.5,0.75,0.5,0.5,0.5
19,1,1,1,3,182,0.685969551877389,0.07680723833859,0.123260727722615,0.227735570801921,0.5,0.5,0.5,0.5,0.227735570801921,0.685969551877389,0.07680723833859,0.123260727722615,2,1,1.0,0,8.151,0.5,0.5,0.5,0.25,尾巴短。,0.25,0.5,0.5,0.5,0,0,0,1,1,0,0,0,0.5,0.3333333333333333,0.3333333333333333,0.5,0.5,0.6666666666666666,0.6666666666666666,0.5
19,1,1,1,3,183,0.479285703467292,0.94534638453774,0.085652738025271,0.83633353527195,0.5,0.5,0.5,0.5,0.83633353527195,0.479285703467292,0.94534638453774,0.085652738025271,4,2,1.0,0,0.961,0.5,0.5,0.5,0.75,尾巴长。,0.75,0.5,0.5,0.5,0,0,0,1,1,0,0,0,0.25,0.5,0.5,0.5,0.75,0.5,0.5,0.5
19,1,1,1,3,184,0.687968574487603,0.168511154413918,0.208630952192208,0.78110272315841,0.5,0.5,0.5,0.5,0.78110272315841,0.687968574487603,0.168511154413918,0.208630952192208,3,2,1.0,0,0.8,0.5,0.5,0.5,0.75,尾巴长。,0.75,0.5,0.5,0.5,0,0,0,1,1,0,0,0,0.25,0.5,0.5,0.5,0.75,0.5,0.5,0.5
19,1,1,1,3,185,0.79410123322503,0.99744048091795,0.331026064654778,0.91818098917035,0.5,0.5,0.5,0.5,0.91818098917035,0.79410123322503,0.99744048091795,0.331026064654778,4,2,1.0,0,0.996,0.5,0.5,0.5,0.75,尾巴长。,0.75,0.5,0.5,0.5,0,0,0,1,1,0,0,0,0.25,0.5,0.5,0.5,0.75,0.5,0.5,0.5
19,1,1,1,3,186,0.034562327943027,0.025828502544806,0.651060166943379,0.074696782496485,0.5,0.5,0.5,0.5,0.074696782496485,0.034562327943027,0.025828502544806,0.651060166943379,1,1,1.0,0,0.743,0.5,0.5,0.5,0.25,尾巴短。,0.25,0.5,0.5,0.5,0,0,0,1,1,0,0,0,0.25,0.5,0.5,0.5,0.75,0.5,0.5,0.5
19,1,1,1,3,187,0.131916710574305,0.018524403270203,0.302626666369343,0.570875268649612,0.5,0.5,0.5,0.5,0.570875268649612,0.131916710574305,0.018524403270203,0.302626666369343,3,2,1.0,0,1.334,0.5,0.5,0.5,0.75,尾巴长。,0.75,0.5,0.5,0.5,0,0,0,1,1,0,0,0,0.25,0.5,0.5,0.5,0.75,0.5,0.5,0.5
19,1,1,1,3,188,0.480479590809131,0.15771399683546,0.708460550395135,0.526894923805219,0.5,0.5,0.5,0.5,0.526894923805219,0.480479590809131,0.15771399683546,0.708460550395135,3,2,1.0,1,0.673,0.5,0.5,0.5,0.75,尾巴长。,0.75,0.5,0.5,0.5,0,0,0,1,1,0,0,0,0.25,0.5,0.5,0.5,0.75,0.5,0.5,0.5
19,1,1,1,3,189,0.75226993144026,0.0024928234335109,0.611489322983997,0.96956906630353,0.5,0.5,0.5,0.5,0.96956906630353,0.75226993144026,0.0024928234335109,0.611489322983997,3,2,1.0,0,0.675,0.5,0.5,0.5,0.75,尾巴长。,0.75,0.5,0.5,0.5,0,0,0,1,1,0,0,0,0.3333333333333333,0.6666666666666666,0.5,0.5,0.6666666666666666,0.3333333333333333,0.5,0.5
19,1,1,1,3,190,0.214836449076725,0.79764626791151,0.308841204859657,0.734681322286604,0.5,0.5,0.5,0.5,0.734681322286604,0.214836449076725,0.79764626791151,0.308841204859657,4,2,1.0,0,0.842,0.5,0.5,0.5,0.75,尾巴长。,0.75,0.5,0.5,0.5,0,0,0,1,1,0,0,0,0.3333333333333333,0.6666666666666666,0.5,0.5,0.6666666666666666,0.3333333333333333,0.5,0.5
19,1,1,1,3,191,0.737206781070291,0.722978702300408,0.97482859083641,0.045005875750271,0.5,0.5,0.5,0.5,0.045005875750271,0.737206781070291,0.722978702300408,0.97482859083641,2,1,1.0,0,0.598,0.5,0.5,0.5,0.25,尾巴短。,0.25,0.5,0.5,0.5,0,0,0,1,1,0,0,0,0.25,0.5,0.5,0.5,0.75,0.5,0.5,0.5
19,1,1,1,3,192,0.655842748182249,0.691100720665665,0.239589761281278,0.085617437513787,0.5,0.5,0.5,0.5,0.085617437513787,0.655842748182249,0.691100720665665,0.239589761281278,2,1,1.0,0,0.669,0.5,0.5,0.5,0.25,尾巴短。,0.25,0.5,0.5,0.5,0,0,0,1,1,0,0,0,0.25,0.5,0.5,0.5,0.75,0.5,0.5,0.5
