iSub,ruleID,iSession,iBlock,iTrial,stiID,feature1,feature2,feature3,feature4,feature5,category,choice,presskey,rating,feedback,choRT,rateRT,recDU,text,fidelity,Intercept,X1,X2,X3,X4,X5,X1*X2,X1*X3,X1*X4,X1*X5,X2*X3,X2*X4,X2*X5,X3*X4,X3*X5,X4*X5,X1*X2*X3,X1*X2*X4,X1*X2*X5,X1*X3*X4,X1*X3*X5,X1*X4*X5,X2*X3*X4,X2*X3*X5,X2*X4*X5,X3*X4*X5,X1*X2*X3*X4,X1*X2*X3*X5,X1*X2*X4*X5,X1*X3*X4*X5,X2*X3*X4*X5,X1*X2*X3*X4*X5,rule_result
501,1,1,1,1,32,1,1,1,1,1,1,1,1,1,1,5.383,1.669,4.147,,,,,,,,,,,,,,,,,,,,,,,,,,,,,,,,,,,
501,1,1,1,2,2,-1,-1,-1,-1,1,1,2,2,2,0,5.688,1.555,22.506,四个格子为黑色，一个格子为白色。,1,0.6875,0.1875,0.1875,0.1875,0.1875,0.1875,-0.0625,-0.0625,-0.0625,-0.0625,-0.0625,-0.0625,-0.0625,-0.0625,-0.0625,-0.0625,-0.0625,-0.0625,-0.0625,-0.0625,-0.0625,-0.0625,-0.0625,-0.0625,-0.0625,-0.0625,0.1875,0.1875,0.1875,0.1875,0.1875,-0.3125,-1
501,1,1,1,3,10,-1,1,-1,-1,1,2,1,1,1,0,31.058,1.543,4.147,,,,,,,,,,,,,,,,,,,,,,,,,,,,,,,,,,,
501,1,1,1,4,16,-1,1,1,1,1,1,1,1,1,1,3.073,1.513,8.999,四个格子为白色，一个格子为黑色。,1,-0.6875,0.1875,0.1875,0.1875,0.1875,0.1875,0.0625,0.0625,0.0625,0.0625,0.0625,0.0625,0.0625,0.0625,0.0625,0.0625,-0.0625,-0.0625,-0.0625,-0.0625,-0.0625,-0.0625,-0.0625,-0.0625,-0.0625,-0.0625,-0.1875,-0.1875,-0.1875,-0.1875,-0.1875,-0.3125,1
501,1,1,1,5,21,1,-1,1,-1,-1,1,1,1,1,1,94.075,1.786,13.092,第1个格子为白色。,1,0,1,0,0,0,0,0,0,0,0,0,0,0,0,0,0,0,0,0,0,0,0,0,0,0,0,0,0,0,0,0,0,1
501,1,1,1,6,29,1,1,1,-1,-1,2,1,1,2,0,2.027,0.735,10.729,第1个格子为白色。,1,0,1,0,0,0,0,0,0,0,0,0,0,0,0,0,0,0,0,0,0,0,0,0,0,0,0,0,0,0,0,0,0,1
501,1,1,1,7,6,-1,-1,1,-1,1,1,2,2,2,0,38.867,0.662,20.823,第5个格子为白色。,1,0,0,0,0,0,-1,0,0,0,0,0,0,0,0,0,0,0,0,0,0,0,0,0,0,0,0,0,0,0,0,0,0,-1
501,1,1,1,8,31,1,1,1,1,-1,1,1,1,1,1,4.62,1.216,4.668,,,,,,,,,,,,,,,,,,,,,,,,,,,,,,,,,,,
501,1,1,1,9,10,-1,1,-1,-1,1,2,2,2,1,1,49.938,1.101,5.413,第1、3、4个格子为黑色，第2、5个格子为白色。,1,0.9375,0.0625,-0.0625,0.0625,0.0625,-0.0625,0.0625,-0.0625,-0.0625,0.0625,0.0625,0.0625,-0.0625,-0.0625,0.0625,0.0625,-0.0625,-0.0625,0.0625,0.0625,-0.0625,-0.0625,-0.0625,0.0625,0.0625,-0.0625,0.0625,-0.0625,-0.0625,0.0625,-0.0625,0.0625,-1
501,1,1,1,10,23,1,-1,1,1,-1,2,2,2,6,1,23.553,2.202,12.657,第1、3、4个格子为白色，第2、5个格子为黑色。,1,0.9375,-0.0625,0.0625,-0.0625,-0.0625,0.0625,0.0625,-0.0625,-0.0625,0.0625,0.0625,0.0625,-0.0625,-0.0625,0.0625,0.0625,0.0625,0.0625,-0.0625,-0.0625,0.0625,0.0625,0.0625,-0.0625,-0.0625,0.0625,0.0625,-0.0625,-0.0625,0.0625,-0.0625,-0.0625,-1
501,1,1,1,11,18,1,-1,-1,-1,1,1,2,2,2,0,35.158,4.235,9.059,第5个格子为白色。,1,0,0,0,0,0,-1,0,0,0,0,0,0,0,0,0,0,0,0,0,0,0,0,0,0,0,0,0,0,0,0,0,0,-1
501,1,1,1,12,8,-1,-1,1,1,1,2,1,1,2,0,2.64,0.826,10.822,第5个格子为白色。,1,0,0,0,0,0,1,0,0,0,0,0,0,0,0,0,0,0,0,0,0,0,0,0,0,0,0,0,0,0,0,0,0,1
501,1,1,1,13,21,1,-1,1,-1,-1,1,2,2,1,0,356.644,0.903,10.828,黑色格子多于白色。,1,0,0.375,0.375,0.375,0.375,0.375,0,0,0,0,0,0,0,0,0,0,-0.125,-0.125,-0.125,-0.125,-0.125,-0.125,-0.125,-0.125,-0.125,-0.125,0,0,0,0,0,0.375,-1
501,1,1,1,14,18,1,-1,-1,-1,1,1,1,1,1,1,9.571,3.041,7.251,第3个格子为黑色。,1,0,0,0,-1,0,0,0,0,0,0,0,0,0,0,0,0,0,0,0,0,0,0,0,0,0,0,0,0,0,0,0,0,1
501,1,1,1,15,31,1,1,1,1,-1,1,2,2,1,0,1.784,0.32,15.179,第3个格子为白色。,1,0,0,0,-1,0,0,0,0,0,0,0,0,0,0,0,0,0,0,0,0,0,0,0,0,0,0,0,0,0,0,0,0,-1
501,1,1,1,16,27,1,1,-1,1,-1,1,1,1,1,1,8.643,1.469,7.285,第3个格子为黑色。,1,0,0,0,-1,0,0,0,0,0,0,0,0,0,0,0,0,0,0,0,0,0,0,0,0,0,0,0,0,0,0,0,0,1
501,1,1,1,17,11,-1,1,-1,1,-1,1,2,2,1,0,6.965,1.645,7.07,三个格子为黑色，两个格子为白色。,1,0.375,0.125,0.125,0.125,0.125,0.125,0.125,0.125,0.125,0.125,0.125,0.125,0.125,0.125,0.125,0.125,-0.125,-0.125,-0.125,-0.125,-0.125,-0.125,-0.125,-0.125,-0.125,-0.125,-0.125,-0.125,-0.125,-0.125,-0.125,0.625,-1
501,1,1,1,18,16,-1,1,1,1,1,1,1,1,1,1,4.015,1.52,7.924,第4个格子为白色。,1,0,0,0,0,1,0,0,0,0,0,0,0,0,0,0,0,0,0,0,0,0,0,0,0,0,0,0,0,0,0,0,0,1
501,1,1,1,19,15,-1,1,1,1,-1,1,1,1,2,1,1.377,0.775,4.956,第4个格子为白色。,1,0,0,0,0,1,0,0,0,0,0,0,0,0,0,0,0,0,0,0,0,0,0,0,0,0,0,0,0,0,0,0,0,1
501,1,1,1,20,22,1,-1,1,-1,1,1,2,2,3,0,1.063,2.894,5.395,第4个格子为黑色。,1,0,0,0,0,1,0,0,0,0,0,0,0,0,0,0,0,0,0,0,0,0,0,0,0,0,0,0,0,0,0,0,0,-1
501,1,1,1,21,30,1,1,1,-1,1,2,2,2,1,1,5.702,0.83,7.022,第4个格子为黑色。,1,0,0,0,0,1,0,0,0,0,0,0,0,0,0,0,0,0,0,0,0,0,0,0,0,0,0,0,0,0,0,0,0,-1
501,1,1,1,22,24,1,-1,1,1,1,2,1,1,2,0,1.662,0.39,2.964,第4个格子为白色。,1,0,0,0,0,1,0,0,0,0,0,0,0,0,0,0,0,0,0,0,0,0,0,0,0,0,0,0,0,0,0,0,0,1
501,1,1,1,23,30,1,1,1,-1,1,2,2,2,2,1,3.146,2.465,6.745,第4个格子为黑色。,1,0,0,0,0,1,0,0,0,0,0,0,0,0,0,0,0,0,0,0,0,0,0,0,0,0,0,0,0,0,0,0,0,-1
501,1,1,1,24,8,-1,-1,1,1,1,2,1,1,1,0,16.225,4.505,5.414,第4个格子为白色。,1,0,0,0,0,1,0,0,0,0,0,0,0,0,0,0,0,0,0,0,0,0,0,0,0,0,0,0,0,0,0,0,0,1
501,1,1,1,25,2,-1,-1,-1,-1,1,1,1,1,6,1,6.067,3.092,5.148,四个格子为黑色，一个格子为白色。,1,-0.6875,-0.1875,-0.1875,-0.1875,-0.1875,-0.1875,0.0625,0.0625,0.0625,0.0625,0.0625,0.0625,0.0625,0.0625,0.0625,0.0625,0.0625,0.0625,0.0625,0.0625,0.0625,0.0625,0.0625,0.0625,0.0625,0.0625,-0.1875,-0.1875,-0.1875,-0.1875,-0.1875,0.3125,1
501,1,1,1,26,32,1,1,1,1,1,1,1,1,6,1,1.705,0.927,3.698,五个格子均为白色。,1,-0.9375,0.0625,0.0625,0.0625,0.0625,0.0625,0.0625,0.0625,0.0625,0.0625,0.0625,0.0625,0.0625,0.0625,0.0625,0.0625,0.0625,0.0625,0.0625,0.0625,0.0625,0.0625,0.0625,0.0625,0.0625,0.0625,0.0625,0.0625,0.0625,0.0625,0.0625,0.0625,1
501,1,1,1,27,27,1,1,-1,1,-1,1,2,2,2,0,6.688,1.511,6.762,三个格子为白色，两个格子为黑色。,1,0.375,-0.125,-0.125,-0.125,-0.125,-0.125,0.125,0.125,0.125,0.125,0.125,0.125,0.125,0.125,0.125,0.125,0.125,0.125,0.125,0.125,0.125,0.125,0.125,0.125,0.125,0.125,-0.125,-0.125,-0.125,-0.125,-0.125,-0.625,-1
501,1,1,1,28,26,1,1,-1,-1,1,2,2,2,2,1,4.019,4.019,7.644,三个格子为白色，两个格子为黑色。,1,0.375,-0.125,-0.125,-0.125,-0.125,-0.125,0.125,0.125,0.125,0.125,0.125,0.125,0.125,0.125,0.125,0.125,0.125,0.125,0.125,0.125,0.125,0.125,0.125,0.125,0.125,0.125,-0.125,-0.125,-0.125,-0.125,-0.125,-0.625,-1
501,1,1,1,29,28,1,1,-1,1,1,1,2,2,4,0,1.85,0.871,6.241,第3和第4个格子的颜色不同。,1,0,0,0,0,0,0,0,0,0,0,0,0,0,1,0,0,0,0,0,0,0,0,0,0,0,0,0,0,0,0,0,0,-1
501,1,1,1,30,6,-1,-1,1,-1,1,1,2,2,1,0,2.182,5.286,7.965,第3和第4个格子的颜色不同。,1,0,0,0,0,0,0,0,0,0,0,0,0,0,1,0,0,0,0,0,0,0,0,0,0,0,0,0,0,0,0,0,0,-1
501,1,1,1,31,9,-1,1,-1,-1,-1,2,1,1,1,0,15.287,2.338,6.794,第3和第4个格子的颜色相同。,1,0,0,0,0,0,0,0,0,0,0,0,0,0,1,0,0,0,0,0,0,0,0,0,0,0,0,0,0,0,0,0,0,1
501,1,1,1,32,4,-1,-1,-1,1,1,2,1,1,1,0,4.195,4.083,8.447,第1、2、3个格子为黑色，第4、5个格子为白色。,1,-0.9375,-0.0625,-0.0625,-0.0625,0.0625,0.0625,0.0625,0.0625,-0.0625,-0.0625,0.0625,-0.0625,-0.0625,-0.0625,-0.0625,0.0625,-0.0625,0.0625,0.0625,0.0625,0.0625,-0.0625,0.0625,0.0625,-0.0625,-0.0625,-0.0625,-0.0625,0.0625,0.0625,0.0625,-0.0625,1
501,1,1,1,33,11,-1,1,-1,1,-1,1,2,2,1,0,6.078,0.436,5.489,第2和第4个格子的颜色相同。,1,0,0,0,0,0,0,0,0,0,0,0,-1,0,0,0,0,0,0,0,0,0,0,0,0,0,0,0,0,0,0,0,0,-1
501,1,1,1,34,11,-1,1,-1,1,-1,1,1,1,1,1,1.732,1.013,6.674,第2和第4个格子的颜色相同。,1,0,0,0,0,0,0,0,0,0,0,0,1,0,0,0,0,0,0,0,0,0,0,0,0,0,0,0,0,0,0,0,0,1
501,1,1,1,35,32,1,1,1,1,1,1,1,1,6,1,1.835,2.026,4.23,第2和第4个格子的颜色相同。,1,0,0,0,0,0,0,0,0,0,0,0,1,0,0,0,0,0,0,0,0,0,0,0,0,0,0,0,0,0,0,0,0,1
501,1,1,1,36,24,1,-1,1,1,1,2,2,2,2,1,1.151,1.89,6.897,第2和第4个格子的颜色不同。,1,0,0,0,0,0,0,0,0,0,0,0,1,0,0,0,0,0,0,0,0,0,0,0,0,0,0,0,0,0,0,0,0,-1
501,1,1,1,37,9,-1,1,-1,-1,-1,2,2,2,2,1,3.488,0.986,4.547,第2和第4个格子的颜色不同。,1,0,0,0,0,0,0,0,0,0,0,0,1,0,0,0,0,0,0,0,0,0,0,0,0,0,0,0,0,0,0,0,0,-1
501,1,1,1,38,22,1,-1,1,-1,1,1,1,1,4,1,3.181,1.241,4.808,第2和第4个格子的颜色相同。,1,0,0,0,0,0,0,0,0,0,0,0,1,0,0,0,0,0,0,0,0,0,0,0,0,0,0,0,0,0,0,0,0,1
501,1,1,1,39,7,-1,-1,1,1,-1,2,2,2,4,1,2.069,0.958,4.924,第2和第4个格子的颜色不同。,1,0,0,0,0,0,0,0,0,0,0,0,1,0,0,0,0,0,0,0,0,0,0,0,0,0,0,0,0,0,0,0,0,-1
501,1,1,1,40,16,-1,1,1,1,1,1,1,1,4,1,1.771,0.739,4.765,第2和第4个格子的颜色相同。,1,0,0,0,0,0,0,0,0,0,0,0,1,0,0,0,0,0,0,0,0,0,0,0,0,0,0,0,0,0,0,0,0,1
501,1,1,1,41,23,1,-1,1,1,-1,2,2,2,4,1,1.222,1.22,4.897,第2和第4个格子的颜色不同。,1,0,0,0,0,0,0,0,0,0,0,0,1,0,0,0,0,0,0,0,0,0,0,0,0,0,0,0,0,0,0,0,0,-1
501,1,1,1,42,1,-1,-1,-1,-1,-1,1,1,1,5,1,3.2,1.432,5.81,第2和第4个格子的颜色相同。,1,0,0,0,0,0,0,0,0,0,0,0,1,0,0,0,0,0,0,0,0,0,0,0,0,0,0,0,0,0,0,0,0,1
501,1,1,1,43,16,-1,1,1,1,1,1,1,1,5,1,1.497,1.653,4.246,第2和第4个格子的颜色相同。,1,0,0,0,0,0,0,0,0,0,0,0,1,0,0,0,0,0,0,0,0,0,0,0,0,0,0,0,0,0,0,0,0,1
501,1,1,1,44,11,-1,1,-1,1,-1,1,1,1,5,1,1.291,1.285,4.066,第2和第4个格子的颜色相同。,1,0,0,0,0,0,0,0,0,0,0,0,1,0,0,0,0,0,0,0,0,0,0,0,0,0,0,0,0,0,0,0,0,1
501,1,1,1,45,14,-1,1,1,-1,1,2,2,2,6,1,1.156,1.452,3.941,第2和第4个格子的颜色不同。,1,0,0,0,0,0,0,0,0,0,0,0,1,0,0,0,0,0,0,0,0,0,0,0,0,0,0,0,0,0,0,0,0,-1
501,1,1,1,46,29,1,1,1,-1,-1,2,2,2,6,1,0.953,1.289,4.365,第2和第4个格子的颜色不同。,1,0,0,0,0,0,0,0,0,0,0,0,1,0,0,0,0,0,0,0,0,0,0,0,0,0,0,0,0,0,0,0,0,-1
501,1,1,1,47,5,-1,-1,1,-1,-1,1,1,1,6,1,1.341,0.874,6.139,第2和第4个格子的颜色相同。,1,0,0,0,0,0,0,0,0,0,0,0,1,0,0,0,0,0,0,0,0,0,0,0,0,0,0,0,0,0,0,0,0,1
501,1,1,1,48,19,1,-1,-1,1,-1,2,2,2,6,1,0.907,1.809,3.316,第2和第4个格子的颜色不同。,1,0,0,0,0,0,0,0,0,0,0,0,1,0,0,0,0,0,0,0,0,0,0,0,0,0,0,0,0,0,0,0,0,-1
501,1,1,1,49,28,1,1,-1,1,1,1,1,1,6,1,1.303,1.117,4.361,第2和第4个格子的颜色相同。,1,0,0,0,0,0,0,0,0,0,0,0,1,0,0,0,0,0,0,0,0,0,0,0,0,0,0,0,0,0,0,0,0,1
501,1,1,1,50,28,1,1,-1,1,1,1,1,1,6,1,1.235,1.603,3.106,第2和第4个格子的颜色相同。,1,0,0,0,0,0,0,0,0,0,0,0,1,0,0,0,0,0,0,0,0,0,0,0,0,0,0,0,0,0,0,0,0,1
501,1,1,1,51,13,-1,1,1,-1,-1,2,2,2,6,1,0.77,1.648,3.567,第2和第4个格子的颜色不同。,1,0,0,0,0,0,0,0,0,0,0,0,1,0,0,0,0,0,0,0,0,0,0,0,0,0,0,0,0,0,0,0,0,-1
501,1,1,1,52,27,1,1,-1,1,-1,1,1,1,6,1,1.413,0.391,2.969,第2和第4个格子的颜色相同。,1,0,0,0,0,0,0,0,0,0,0,0,1,0,0,0,0,0,0,0,0,0,0,0,0,0,0,0,0,0,0,0,0,1
501,1,1,1,53,12,-1,1,-1,1,1,1,1,1,6,1,1.055,1.13,3.297,第2和第4个格子的颜色相同。,1,0,0,0,0,0,0,0,0,0,0,0,1,0,0,0,0,0,0,0,0,0,0,0,0,0,0,0,0,0,0,0,0,1
501,1,1,1,54,8,-1,-1,1,1,1,2,2,2,6,1,0.703,1.918,3.676,第2和第4个格子的颜色不同。,1,0,0,0,0,0,0,0,0,0,0,0,1,0,0,0,0,0,0,0,0,0,0,0,0,0,0,0,0,0,0,0,0,-1
501,1,1,1,55,5,-1,-1,1,-1,-1,1,1,1,6,1,1.186,1.114,3.029,第2和第4个格子的颜色相同。,1,0,0,0,0,0,0,0,0,0,0,0,1,0,0,0,0,0,0,0,0,0,0,0,0,0,0,0,0,0,0,0,0,1
501,1,1,1,56,30,1,1,1,-1,1,2,2,2,6,1,0.687,0.71,3.525,第2和第4个格子的颜色不同。,1,0,0,0,0,0,0,0,0,0,0,0,1,0,0,0,0,0,0,0,0,0,0,0,0,0,0,0,0,0,0,0,0,-1
501,1,1,1,57,10,-1,1,-1,-1,1,2,2,2,6,1,2.425,2.832,3.361,第2和第4个格子的颜色不同。,1,0,0,0,0,0,0,0,0,0,0,0,1,0,0,0,0,0,0,0,0,0,0,0,0,0,0,0,0,0,0,0,0,-1
501,1,1,1,58,28,1,1,-1,1,1,1,1,1,6,1,2.299,0.947,2.589,第2和第4个格子的颜色相同。,1,0,0,0,0,0,0,0,0,0,0,0,1,0,0,0,0,0,0,0,0,0,0,0,0,0,0,0,0,0,0,0,0,1
501,1,1,1,59,10,-1,1,-1,-1,1,2,2,2,6,1,1.14,0.905,3.009,第2和第4个格子的颜色不同。,1,0,0,0,0,0,0,0,0,0,0,0,1,0,0,0,0,0,0,0,0,0,0,0,0,0,0,0,0,0,0,0,0,-1
501,1,1,1,60,22,1,-1,1,-1,1,1,1,1,6,1,1.351,0.991,2.983,第2和第4个格子的颜色相同。,1,0,0,0,0,0,0,0,0,0,0,0,1,0,0,0,0,0,0,0,0,0,0,0,0,0,0,0,0,0,0,0,0,1
501,1,1,1,61,14,-1,1,1,-1,1,2,2,2,6,1,0.867,0.269,2.898,第2和第4个格子的颜色不同。,1,0,0,0,0,0,0,0,0,0,0,0,1,0,0,0,0,0,0,0,0,0,0,0,0,0,0,0,0,0,0,0,0,-1
501,1,1,1,62,17,1,-1,-1,-1,-1,1,1,1,6,1,1.27,1.224,2.964,第2和第4个格子的颜色相同。,1,0,0,0,0,0,0,0,0,0,0,0,1,0,0,0,0,0,0,0,0,0,0,0,0,0,0,0,0,0,0,0,0,1
501,1,1,1,63,17,1,-1,-1,-1,-1,1,1,1,6,1,2.141,0.262,3.115,第2和第4个格子的颜色相同。,1,0,0,0,0,0,0,0,0,0,0,0,1,0,0,0,0,0,0,0,0,0,0,0,0,0,0,0,0,0,0,0,0,1
501,1,1,1,64,8,-1,-1,1,1,1,2,2,2,6,1,0.829,0.34,2.77,第2和第4个格子的颜色不同。,1,0,0,0,0,0,0,0,0,0,0,0,1,0,0,0,0,0,0,0,0,0,0,0,0,0,0,0,0,0,0,0,0,-1
501,1,1,2,65,14,-1,1,1,-1,1,2,2,2,6,1,1.328,1.963,5.3,第2和第4个格子的颜色不同。,1,0,0,0,0,0,0,0,0,0,0,0,1,0,0,0,0,0,0,0,0,0,0,0,0,0,0,0,0,0,0,0,0,-1
501,1,1,2,66,5,-1,-1,1,-1,-1,1,1,1,6,1,1.187,1.057,2.77,第2和第4个格子的颜色相同。,1,0,0,0,0,0,0,0,0,0,0,0,1,0,0,0,0,0,0,0,0,0,0,0,0,0,0,0,0,0,0,0,0,1
501,1,1,2,67,18,1,-1,-1,-1,1,1,1,1,6,1,1.77,1.198,3.018,第2和第4个格子的颜色相同。,1,0,0,0,0,0,0,0,0,0,0,0,1,0,0,0,0,0,0,0,0,0,0,0,0,0,0,0,0,0,0,0,0,1
501,1,1,2,68,19,1,-1,-1,1,-1,2,2,2,6,1,1.07,0.315,3.502,第2和第4个格子的颜色不同。,1,0,0,0,0,0,0,0,0,0,0,0,1,0,0,0,0,0,0,0,0,0,0,0,0,0,0,0,0,0,0,0,0,-1
501,1,1,2,69,1,-1,-1,-1,-1,-1,1,1,1,6,1,1.628,0.672,3.857,第2和第4个格子的颜色相同。,1,0,0,0,0,0,0,0,0,0,0,0,1,0,0,0,0,0,0,0,0,0,0,0,0,0,0,0,0,0,0,0,0,1
501,1,1,2,70,27,1,1,-1,1,-1,1,1,1,6,1,1.141,0.643,3.077,第2和第4个格子的颜色相同。,1,0,0,0,0,0,0,0,0,0,0,0,1,0,0,0,0,0,0,0,0,0,0,0,0,0,0,0,0,0,0,0,0,1
501,1,1,2,71,27,1,1,-1,1,-1,1,1,1,6,1,1.212,0.997,3.243,第2和第4个格子的颜色相同。,1,0,0,0,0,0,0,0,0,0,0,0,1,0,0,0,0,0,0,0,0,0,0,0,0,0,0,0,0,0,0,0,0,1
501,1,1,2,72,9,-1,1,-1,-1,-1,2,2,2,6,1,1.119,0.384,3.428,第2和第4个格子的颜色不同。,1,0,0,0,0,0,0,0,0,0,0,0,1,0,0,0,0,0,0,0,0,0,0,0,0,0,0,0,0,0,0,0,0,-1
501,1,1,2,73,13,-1,1,1,-1,-1,2,2,2,6,1,1.017,1.172,2.941,第2和第4个格子的颜色不同。,1,0,0,0,0,0,0,0,0,0,0,0,1,0,0,0,0,0,0,0,0,0,0,0,0,0,0,0,0,0,0,0,0,-1
501,1,1,2,74,31,1,1,1,1,-1,1,1,1,6,1,1.124,0.944,2.575,第2和第4个格子的颜色相同。,1,0,0,0,0,0,0,0,0,0,0,0,1,0,0,0,0,0,0,0,0,0,0,0,0,0,0,0,0,0,0,0,0,1
501,1,1,2,75,13,-1,1,1,-1,-1,2,2,2,6,1,0.966,0.2,2.957,第2和第4个格子的颜色不同。,1,0,0,0,0,0,0,0,0,0,0,0,1,0,0,0,0,0,0,0,0,0,0,0,0,0,0,0,0,0,0,0,0,-1
501,1,1,2,76,31,1,1,1,1,-1,1,1,1,6,1,1.138,1.057,3.684,第2和第4个格子的颜色相同。,1,0,0,0,0,0,0,0,0,0,0,0,1,0,0,0,0,0,0,0,0,0,0,0,0,0,0,0,0,0,0,0,0,1
501,1,1,2,77,27,1,1,-1,1,-1,1,1,1,6,1,1.271,1.094,2.793,第2和第4个格子的颜色相同。,1,0,0,0,0,0,0,0,0,0,0,0,1,0,0,0,0,0,0,0,0,0,0,0,0,0,0,0,0,0,0,0,0,1
501,1,1,2,78,25,1,1,-1,-1,-1,2,2,2,6,1,0.975,0.305,3.328,第2和第4个格子的颜色不同。,1,0,0,0,0,0,0,0,0,0,0,0,1,0,0,0,0,0,0,0,0,0,0,0,0,0,0,0,0,0,0,0,0,-1
501,1,1,2,79,14,-1,1,1,-1,1,2,2,2,6,1,1.637,0.892,3.722,第2和第4个格子的颜色不同。,1,0,0,0,0,0,0,0,0,0,0,0,1,0,0,0,0,0,0,0,0,0,0,0,0,0,0,0,0,0,0,0,0,-1
501,1,1,2,80,5,-1,-1,1,-1,-1,1,1,1,6,1,1.207,0.719,3.419,第2和第4个格子的颜色相同。,1,0,0,0,0,0,0,0,0,0,0,0,1,0,0,0,0,0,0,0,0,0,0,0,0,0,0,0,0,0,0,0,0,1
501,1,1,2,81,32,1,1,1,1,1,1,1,1,6,1,0.912,0.246,3.996,第2和第4个格子的颜色相同。,1,0,0,0,0,0,0,0,0,0,0,0,1,0,0,0,0,0,0,0,0,0,0,0,0,0,0,0,0,0,0,0,0,1
501,1,1,2,82,17,1,-1,-1,-1,-1,1,1,1,6,1,1.044,0.448,3.58,第2和第4个格子的颜色相同。,1,0,0,0,0,0,0,0,0,0,0,0,1,0,0,0,0,0,0,0,0,0,0,0,0,0,0,0,0,0,0,0,0,1
501,1,1,2,83,16,-1,1,1,1,1,1,1,1,6,1,1.548,0.966,3.335,第2和第4个格子的颜色相同。,1,0,0,0,0,0,0,0,0,0,0,0,1,0,0,0,0,0,0,0,0,0,0,0,0,0,0,0,0,0,0,0,0,1
501,1,1,2,84,10,-1,1,-1,-1,1,2,2,2,6,1,0.715,0.827,3.477,第2和第4个格子的颜色不同。,1,0,0,0,0,0,0,0,0,0,0,0,1,0,0,0,0,0,0,0,0,0,0,0,0,0,0,0,0,0,0,0,0,-1
501,1,1,2,85,4,-1,-1,-1,1,1,2,2,2,6,1,0.683,1.496,3.297,第2和第4个格子的颜色不同。,1,0,0,0,0,0,0,0,0,0,0,0,1,0,0,0,0,0,0,0,0,0,0,0,0,0,0,0,0,0,0,0,0,-1
501,1,1,2,86,25,1,1,-1,-1,-1,2,2,2,6,1,0.624,1.385,3.016,第2和第4个格子的颜色不同。,1,0,0,0,0,0,0,0,0,0,0,0,1,0,0,0,0,0,0,0,0,0,0,0,0,0,0,0,0,0,0,0,0,-1
501,1,1,2,87,9,-1,1,-1,-1,-1,2,2,2,6,1,0.642,0.955,2.739,第2和第4个格子的颜色不同。,1,0,0,0,0,0,0,0,0,0,0,0,1,0,0,0,0,0,0,0,0,0,0,0,0,0,0,0,0,0,0,0,0,-1
501,1,1,2,88,3,-1,-1,-1,1,-1,2,2,2,6,1,0.641,0.683,0.333,第2和第4个格子的颜色不同。,1,0,0,0,0,0,0,0,0,0,0,0,1,0,0,0,0,0,0,0,0,0,0,0,0,0,0,0,0,0,0,0,0,-1
501,1,1,2,89,31,1,1,1,1,-1,1,1,1,6,1,0.924,1.059,2.312,第2和第4个格子的颜色相同。,1,0,0,0,0,0,0,0,0,0,0,0,1,0,0,0,0,0,0,0,0,0,0,0,0,0,0,0,0,0,0,0,0,1
501,1,1,2,90,20,1,-1,-1,1,1,2,2,2,6,1,0.829,0.611,2.507,第2和第4个格子的颜色不同。,1,0,0,0,0,0,0,0,0,0,0,0,1,0,0,0,0,0,0,0,0,0,0,0,0,0,0,0,0,0,0,0,0,-1
501,1,1,2,91,11,-1,1,-1,1,-1,1,1,1,6,1,1.075,0.388,2.627,第2和第4个格子的颜色相同。,1,0,0,0,0,0,0,0,0,0,0,0,1,0,0,0,0,0,0,0,0,0,0,0,0,0,0,0,0,0,0,0,0,1
501,1,1,2,92,28,1,1,-1,1,1,1,1,1,6,1,0.955,0.433,1.093,第2和第4个格子的颜色相同。,1,0,0,0,0,0,0,0,0,0,0,0,1,0,0,0,0,0,0,0,0,0,0,0,0,0,0,0,0,0,0,0,0,1
501,1,1,2,93,8,-1,-1,1,1,1,2,2,2,6,1,0.791,0.348,1.968,第2和第4个格子的颜色不同。,1,0,0,0,0,0,0,0,0,0,0,0,1,0,0,0,0,0,0,0,0,0,0,0,0,0,0,0,0,0,0,0,0,-1
501,1,1,2,94,31,1,1,1,1,-1,1,1,1,6,1,1.008,0.549,1.869,第2和第4个格子的颜色相同。,1,0,0,0,0,0,0,0,0,0,0,0,1,0,0,0,0,0,0,0,0,0,0,0,0,0,0,0,0,0,0,0,0,1
501,1,1,2,95,29,1,1,1,-1,-1,2,2,2,6,1,0.66,0.418,1.312,第2和第4个格子的颜色不同。,1,0,0,0,0,0,0,0,0,0,0,0,1,0,0,0,0,0,0,0,0,0,0,0,0,0,0,0,0,0,0,0,0,-1
501,1,1,2,96,11,-1,1,-1,1,-1,1,1,1,6,1,1.038,0.518,1.473,第2和第4个格子的颜色相同。,1,0,0,0,0,0,0,0,0,0,0,0,1,0,0,0,0,0,0,0,0,0,0,0,0,0,0,0,0,0,0,0,0,1
501,1,1,2,97,17,1,-1,-1,-1,-1,1,1,1,6,1,1.152,0.215,2.476,第2和第4个格子的颜色相同。,1,0,0,0,0,0,0,0,0,0,0,0,1,0,0,0,0,0,0,0,0,0,0,0,0,0,0,0,0,0,0,0,0,1
501,1,1,2,98,21,1,-1,1,-1,-1,1,1,1,6,1,1.002,0.964,3.068,第2和第4个格子的颜色相同。,1,0,0,0,0,0,0,0,0,0,0,0,1,0,0,0,0,0,0,0,0,0,0,0,0,0,0,0,0,0,0,0,0,1
501,1,1,2,99,31,1,1,1,1,-1,1,1,1,6,1,0.859,0.914,2.73,第2和第4个格子的颜色相同。,1,0,0,0,0,0,0,0,0,0,0,0,1,0,0,0,0,0,0,0,0,0,0,0,0,0,0,0,0,0,0,0,0,1
501,1,1,2,100,18,1,-1,-1,-1,1,1,1,1,6,1,0.762,1.169,2.765,第2和第4个格子的颜色相同。,1,0,0,0,0,0,0,0,0,0,0,0,1,0,0,0,0,0,0,0,0,0,0,0,0,0,0,0,0,0,0,0,0,1
501,1,1,2,101,23,1,-1,1,1,-1,2,2,2,6,1,0.711,0.595,2.769,第2和第4个格子的颜色不同。,1,0,0,0,0,0,0,0,0,0,0,0,1,0,0,0,0,0,0,0,0,0,0,0,0,0,0,0,0,0,0,0,0,-1
501,1,1,2,102,19,1,-1,-1,1,-1,2,2,2,6,1,0.815,0.662,3.052,第2和第4个格子的颜色不同。,1,0,0,0,0,0,0,0,0,0,0,0,1,0,0,0,0,0,0,0,0,0,0,0,0,0,0,0,0,0,0,0,0,-1
501,1,1,2,103,13,-1,1,1,-1,-1,2,2,2,6,1,0.67,0.68,2.601,第2和第4个格子的颜色不同。,1,0,0,0,0,0,0,0,0,0,0,0,1,0,0,0,0,0,0,0,0,0,0,0,0,0,0,0,0,0,0,0,0,-1
501,1,1,2,104,29,1,1,1,-1,-1,2,2,2,6,1,0.652,0.265,2.723,第2和第4个格子的颜色不同。,1,0,0,0,0,0,0,0,0,0,0,0,1,0,0,0,0,0,0,0,0,0,0,0,0,0,0,0,0,0,0,0,0,-1
501,1,1,2,105,5,-1,-1,1,-1,-1,1,1,1,6,1,1.191,0.846,2.228,第2和第4个格子的颜色相同。,1,0,0,0,0,0,0,0,0,0,0,0,1,0,0,0,0,0,0,0,0,0,0,0,0,0,0,0,0,0,0,0,0,1
501,1,1,2,106,32,1,1,1,1,1,1,1,1,6,1,1.149,1.107,2.636,第2和第4个格子的颜色相同。,1,0,0,0,0,0,0,0,0,0,0,0,1,0,0,0,0,0,0,0,0,0,0,0,0,0,0,0,0,0,0,0,0,1
501,1,1,2,107,19,1,-1,-1,1,-1,2,2,2,6,1,0.962,0.569,2.97,第2和第4个格子的颜色不同。,1,0,0,0,0,0,0,0,0,0,0,0,1,0,0,0,0,0,0,0,0,0,0,0,0,0,0,0,0,0,0,0,0,-1
501,1,1,2,108,22,1,-1,1,-1,1,1,1,1,6,1,1.061,0.779,3.147,第2和第4个格子的颜色相同。,1,0,0,0,0,0,0,0,0,0,0,0,1,0,0,0,0,0,0,0,0,0,0,0,0,0,0,0,0,0,0,0,0,1
501,1,1,2,109,8,-1,-1,1,1,1,2,2,2,6,1,0.642,0.33,2.353,第2和第4个格子的颜色不同。,1,0,0,0,0,0,0,0,0,0,0,0,1,0,0,0,0,0,0,0,0,0,0,0,0,0,0,0,0,0,0,0,0,-1
501,1,1,2,110,23,1,-1,1,1,-1,2,2,2,6,1,0.821,0.384,2.494,第2和第4个格子的颜色不同。,1,0,0,0,0,0,0,0,0,0,0,0,1,0,0,0,0,0,0,0,0,0,0,0,0,0,0,0,0,0,0,0,0,-1
501,1,1,2,111,19,1,-1,-1,1,-1,2,2,2,6,1,0.625,0.306,2.35,第2和第4个格子的颜色不同。,1,0,0,0,0,0,0,0,0,0,0,0,1,0,0,0,0,0,0,0,0,0,0,0,0,0,0,0,0,0,0,0,0,-1
501,1,1,2,112,26,1,1,-1,-1,1,2,2,2,6,1,0.604,0.523,2.484,第2和第4个格子的颜色不同。,1,0,0,0,0,0,0,0,0,0,0,0,1,0,0,0,0,0,0,0,0,0,0,0,0,0,0,0,0,0,0,0,0,-1
501,1,1,2,113,13,-1,1,1,-1,-1,2,2,2,6,1,0.714,0.358,1.792,第2和第4个格子的颜色不同。,1,0,0,0,0,0,0,0,0,0,0,0,1,0,0,0,0,0,0,0,0,0,0,0,0,0,0,0,0,0,0,0,0,-1
501,1,1,2,114,2,-1,-1,-1,-1,1,1,1,1,6,1,1.068,0.751,0.353,第2和第4个格子的颜色相同。,1,0,0,0,0,0,0,0,0,0,0,0,1,0,0,0,0,0,0,0,0,0,0,0,0,0,0,0,0,0,0,0,0,1
501,1,1,2,115,4,-1,-1,-1,1,1,2,2,2,6,1,0.692,0.283,1.931,第2和第4个格子的颜色不同。,1,0,0,0,0,0,0,0,0,0,0,0,1,0,0,0,0,0,0,0,0,0,0,0,0,0,0,0,0,0,0,0,0,-1
501,1,1,2,116,17,1,-1,-1,-1,-1,1,1,1,6,1,1.097,0.641,1.481,第2和第4个格子的颜色相同。,1,0,0,0,0,0,0,0,0,0,0,0,1,0,0,0,0,0,0,0,0,0,0,0,0,0,0,0,0,0,0,0,0,1
501,1,1,2,117,29,1,1,1,-1,-1,2,2,2,6,1,0.63,0.309,2.013,第2和第4个格子的颜色不同。,1,0,0,0,0,0,0,0,0,0,0,0,1,0,0,0,0,0,0,0,0,0,0,0,0,0,0,0,0,0,0,0,0,-1
501,1,1,2,118,2,-1,-1,-1,-1,1,1,1,1,6,1,1.132,0.482,1.861,第2和第4个格子的颜色相同。,1,0,0,0,0,0,0,0,0,0,0,0,1,0,0,0,0,0,0,0,0,0,0,0,0,0,0,0,0,0,0,0,0,1
501,1,1,2,119,10,-1,1,-1,-1,1,2,2,2,6,1,0.769,0.528,2.394,第2和第4个格子的颜色不同。,1,0,0,0,0,0,0,0,0,0,0,0,1,0,0,0,0,0,0,0,0,0,0,0,0,0,0,0,0,0,0,0,0,-1
501,1,1,2,120,17,1,-1,-1,-1,-1,1,1,1,6,1,1.533,0.964,2.498,第2和第4个格子的颜色相同。,1,0,0,0,0,0,0,0,0,0,0,0,1,0,0,0,0,0,0,0,0,0,0,0,0,0,0,0,0,0,0,0,0,1
501,1,1,2,121,17,1,-1,-1,-1,-1,1,1,1,6,1,1.01,0.474,2.939,第2和第4个格子的颜色相同。,1,0,0,0,0,0,0,0,0,0,0,0,1,0,0,0,0,0,0,0,0,0,0,0,0,0,0,0,0,0,0,0,0,1
501,1,1,2,122,17,1,-1,-1,-1,-1,1,1,1,6,1,1.185,0.656,2.515,第2和第4个格子的颜色相同。,1,0,0,0,0,0,0,0,0,0,0,0,1,0,0,0,0,0,0,0,0,0,0,0,0,0,0,0,0,0,0,0,0,1
501,1,1,2,123,16,-1,1,1,1,1,1,1,1,6,1,1.068,0.714,2.425,第2和第4个格子的颜色相同。,1,0,0,0,0,0,0,0,0,0,0,0,1,0,0,0,0,0,0,0,0,0,0,0,0,0,0,0,0,0,0,0,0,1
501,1,1,2,124,27,1,1,-1,1,-1,1,1,1,6,1,1.322,0.534,2.572,第2和第4个格子的颜色相同。,1,0,0,0,0,0,0,0,0,0,0,0,1,0,0,0,0,0,0,0,0,0,0,0,0,0,0,0,0,0,0,0,0,1
501,1,1,2,125,21,1,-1,1,-1,-1,1,1,1,6,1,1.14,0.285,2.547,第2和第4个格子的颜色相同。,1,0,0,0,0,0,0,0,0,0,0,0,1,0,0,0,0,0,0,0,0,0,0,0,0,0,0,0,0,0,0,0,0,1
501,1,1,2,126,22,1,-1,1,-1,1,1,1,1,6,1,1.214,0.384,2.274,第2和第4个格子的颜色相同。,1,0,0,0,0,0,0,0,0,0,0,0,1,0,0,0,0,0,0,0,0,0,0,0,0,0,0,0,0,0,0,0,0,1
501,1,1,2,127,29,1,1,1,-1,-1,2,2,2,6,1,0.68,0.665,2.632,第2和第4个格子的颜色不同。,1,0,0,0,0,0,0,0,0,0,0,0,1,0,0,0,0,0,0,0,0,0,0,0,0,0,0,0,0,0,0,0,0,-1
501,1,1,2,128,17,1,-1,-1,-1,-1,1,1,1,6,1,1.237,0.435,2.49,第2和第4个格子的颜色相同。,1,0,0,0,0,0,0,0,0,0,0,0,1,0,0,0,0,0,0,0,0,0,0,0,0,0,0,0,0,0,0,0,0,1
503,1,1,1,1,4,-1,-1,-1,1,1,2,1,1,1,0,5.605,1.371,8.128,黑色格子为奇数，白色格子为偶数。,1,0,0,0,0,0,0,0,0,0,0,0,0,0,0,0,0,0,0,0,0,0,0,0,0,0,0,0,0,0,0,0,-1,1
503,1,1,1,2,2,-1,-1,-1,-1,1,1,1,1,1,1,5.651,1.147,7.839,黑色格子为偶数，白色格子为奇数。,1,0,0,0,0,0,0,0,0,0,0,0,0,0,0,0,0,0,0,0,0,0,0,0,0,0,0,0,0,0,0,0,1,1
503,1,1,1,3,17,1,-1,-1,-1,-1,1,1,1,2,1,4.467,2.295,6.86,黑色格子为偶数，白色格子为奇数。,1,0,0,0,0,0,0,0,0,0,0,0,0,0,0,0,0,0,0,0,0,0,0,0,0,0,0,0,0,0,0,0,1,1
503,1,1,1,4,23,1,-1,1,1,-1,2,1,1,3,0,4.991,1.207,6.625,黑色格子为偶数，白色格子为奇数。,1,0,0,0,0,0,0,0,0,0,0,0,0,0,0,0,0,0,0,0,0,0,0,0,0,0,0,0,0,0,0,0,1,1
503,1,1,1,5,1,-1,-1,-1,-1,-1,1,1,1,1,1,4.075,0.967,5.862,黑色格子多于白色格子。,1,0,-0.375,-0.375,-0.375,-0.375,-0.375,0,0,0,0,0,0,0,0,0,0,0.125,0.125,0.125,0.125,0.125,0.125,0.125,0.125,0.125,0.125,0,0,0,0,0,-0.375,1
503,1,1,1,6,1,-1,-1,-1,-1,-1,1,1,1,6,1,4.055,1.782,4.539,黑色格子多于白色格子。,1,0,-0.375,-0.375,-0.375,-0.375,-0.375,0,0,0,0,0,0,0,0,0,0,0.125,0.125,0.125,0.125,0.125,0.125,0.125,0.125,0.125,0.125,0,0,0,0,0,-0.375,1
503,1,1,1,7,14,-1,1,1,-1,1,2,2,2,2,1,1.918,1.244,5.237,白色格子多于黑色格子。,1,0,-0.375,-0.375,-0.375,-0.375,-0.375,0,0,0,0,0,0,0,0,0,0,0.125,0.125,0.125,0.125,0.125,0.125,0.125,0.125,0.125,0.125,0,0,0,0,0,-0.375,-1
503,1,1,1,8,29,1,1,1,-1,-1,2,2,2,3,1,1.887,1.987,4.725,白色格子多于黑色格子。,1,0,-0.375,-0.375,-0.375,-0.375,-0.375,0,0,0,0,0,0,0,0,0,0,0.125,0.125,0.125,0.125,0.125,0.125,0.125,0.125,0.125,0.125,0,0,0,0,0,-0.375,-1
503,1,1,1,9,4,-1,-1,-1,1,1,2,1,1,4,0,1.412,1.538,4.073,黑色格子多于白色格子。,1,0,-0.375,-0.375,-0.375,-0.375,-0.375,0,0,0,0,0,0,0,0,0,0,0.125,0.125,0.125,0.125,0.125,0.125,0.125,0.125,0.125,0.125,0,0,0,0,0,-0.375,1
503,1,1,1,10,15,-1,1,1,1,-1,1,2,2,1,0,11.071,1.048,6.525,第3个格子为白色。,1,0,0,0,-1,0,0,0,0,0,0,0,0,0,0,0,0,0,0,0,0,0,0,0,0,0,0,0,0,0,0,0,0,-1
503,1,1,1,11,8,-1,-1,1,1,1,2,1,1,1,0,8.189,0.879,5.322,第1个格子为黑色。,1,0,-1,0,0,0,0,0,0,0,0,0,0,0,0,0,0,0,0,0,0,0,0,0,0,0,0,0,0,0,0,0,0,1
503,1,1,1,12,10,-1,1,-1,-1,1,2,1,1,1,0,7.812,1.292,5.036,第2个格子为白色。,1,0,0,1,0,0,0,0,0,0,0,0,0,0,0,0,0,0,0,0,0,0,0,0,0,0,0,0,0,0,0,0,0,1
503,1,1,1,13,32,1,1,1,1,1,1,2,2,5,0,8.717,2.03,5.889,五个格子均为白色。,1,0.9375,-0.0625,-0.0625,-0.0625,-0.0625,-0.0625,-0.0625,-0.0625,-0.0625,-0.0625,-0.0625,-0.0625,-0.0625,-0.0625,-0.0625,-0.0625,-0.0625,-0.0625,-0.0625,-0.0625,-0.0625,-0.0625,-0.0625,-0.0625,-0.0625,-0.0625,-0.0625,-0.0625,-0.0625,-0.0625,-0.0625,-0.0625,-1
503,1,1,1,14,32,1,1,1,1,1,1,1,1,6,1,2.258,4.131,5.956,五个格子的颜色相同。,1,-0.875,0,0,0,0,0,0.125,0.125,0.125,0.125,0.125,0.125,0.125,0.125,0.125,0.125,0,0,0,0,0,0,0,0,0,0,0.125,0.125,0.125,0.125,0.125,0,1
503,1,1,1,15,20,1,-1,-1,1,1,2,1,1,1,0,114.702,1.28,5.548,第2和第3个格子的颜色相同。,1,0,0,0,0,0,0,0,0,0,0,1,0,0,0,0,0,0,0,0,0,0,0,0,0,0,0,0,0,0,0,0,0,1
503,1,1,1,16,14,-1,1,1,-1,1,2,2,2,1,1,38.652,1.195,7.431,第2和第4个格子的颜色不同。,1,0,0,0,0,0,0,0,0,0,0,0,1,0,0,0,0,0,0,0,0,0,0,0,0,0,0,0,0,0,0,0,0,-1
503,1,1,1,17,9,-1,1,-1,-1,-1,2,2,2,2,1,2.318,0.708,7.498,第2和第4个格子的颜色不同。,1,0,0,0,0,0,0,0,0,0,0,0,1,0,0,0,0,0,0,0,0,0,0,0,0,0,0,0,0,0,0,0,0,-1
503,1,1,1,18,10,-1,1,-1,-1,1,2,2,2,3,1,4.526,1.389,4.898,第2和第4个格子的颜色不同。,1,0,0,0,0,0,0,0,0,0,0,0,1,0,0,0,0,0,0,0,0,0,0,0,0,0,0,0,0,0,0,0,0,-1
503,1,1,1,19,32,1,1,1,1,1,1,1,1,6,1,2.449,1.559,3.959,第2和第4个格子的颜色相同。,1,0,0,0,0,0,0,0,0,0,0,0,1,0,0,0,0,0,0,0,0,0,0,0,0,0,0,0,0,0,0,0,0,1
503,1,1,1,20,16,-1,1,1,1,1,1,1,1,4,1,1.713,1.483,3.732,第2和第4个格子的颜色相同。,1,0,0,0,0,0,0,0,0,0,0,0,1,0,0,0,0,0,0,0,0,0,0,0,0,0,0,0,0,0,0,0,0,1
503,1,1,1,21,12,-1,1,-1,1,1,1,1,1,3,1,6.373,1.367,4.298,第2和第4个格子的颜色相同。,1,0,0,0,0,0,0,0,0,0,0,0,1,0,0,0,0,0,0,0,0,0,0,0,0,0,0,0,0,0,0,0,0,1
503,1,1,1,22,9,-1,1,-1,-1,-1,2,2,2,3,1,2.086,1.367,4.41,第2和第4个格子的颜色不同。,1,0,0,0,0,0,0,0,0,0,0,0,1,0,0,0,0,0,0,0,0,0,0,0,0,0,0,0,0,0,0,0,0,-1
503,1,1,1,23,29,1,1,1,-1,-1,2,2,2,4,1,1.306,1.137,3.81,第2和第4个格子的颜色不同。,1,0,0,0,0,0,0,0,0,0,0,0,1,0,0,0,0,0,0,0,0,0,0,0,0,0,0,0,0,0,0,0,0,-1
503,1,1,1,24,31,1,1,1,1,-1,1,1,1,4,1,1.649,1.54,4.09,第2和第4个格子的颜色相同。,1,0,0,0,0,0,0,0,0,0,0,0,1,0,0,0,0,0,0,0,0,0,0,0,0,0,0,0,0,0,0,0,0,1
503,1,1,1,25,10,-1,1,-1,-1,1,2,2,2,5,1,1.347,2.081,3.903,第2和第4个格子的颜色不同。,1,0,0,0,0,0,0,0,0,0,0,0,1,0,0,0,0,0,0,0,0,0,0,0,0,0,0,0,0,0,0,0,0,-1
503,1,1,1,26,7,-1,-1,1,1,-1,2,2,2,5,1,1.193,1.24,4.075,第2和第4个格子的颜色不同。,1,0,0,0,0,0,0,0,0,0,0,0,1,0,0,0,0,0,0,0,0,0,0,0,0,0,0,0,0,0,0,0,0,-1
503,1,1,1,27,22,1,-1,1,-1,1,1,1,1,5,1,1.446,1.859,3.962,第2和第4个格子的颜色相同。,1,0,0,0,0,0,0,0,0,0,0,0,1,0,0,0,0,0,0,0,0,0,0,0,0,0,0,0,0,0,0,0,0,1
503,1,1,1,28,15,-1,1,1,1,-1,1,1,1,5,1,1.349,1.517,3.93,第2和第4个格子的颜色相同。,1,0,0,0,0,0,0,0,0,0,0,0,1,0,0,0,0,0,0,0,0,0,0,0,0,0,0,0,0,0,0,0,0,1
503,1,1,1,29,21,1,-1,1,-1,-1,1,1,1,5,1,1.463,1.342,4.109,第2和第4个格子的颜色相同。,1,0,0,0,0,0,0,0,0,0,0,0,1,0,0,0,0,0,0,0,0,0,0,0,0,0,0,0,0,0,0,0,0,1
503,1,1,1,30,30,1,1,1,-1,1,2,2,2,5,1,1.526,1.36,4.218,第2和第4个格子的颜色不同。,1,0,0,0,0,0,0,0,0,0,0,0,1,0,0,0,0,0,0,0,0,0,0,0,0,0,0,0,0,0,0,0,0,-1
503,1,1,1,31,27,1,1,-1,1,-1,1,1,1,5,1,1.277,1.467,4.185,第2和第4个格子的颜色相同。,1,0,0,0,0,0,0,0,0,0,0,0,1,0,0,0,0,0,0,0,0,0,0,0,0,0,0,0,0,0,0,0,0,1
503,1,1,1,32,22,1,-1,1,-1,1,1,1,1,5,1,1.205,1.305,4.166,第2和第4个格子的颜色相同。,1,0,0,0,0,0,0,0,0,0,0,0,1,0,0,0,0,0,0,0,0,0,0,0,0,0,0,0,0,0,0,0,0,1
503,1,1,1,33,17,1,-1,-1,-1,-1,1,1,1,5,1,1.183,2.172,3.789,第2和第4个格子的颜色相同。,1,0,0,0,0,0,0,0,0,0,0,0,1,0,0,0,0,0,0,0,0,0,0,0,0,0,0,0,0,0,0,0,0,1
503,1,1,1,34,4,-1,-1,-1,1,1,2,2,2,6,1,1.291,1.171,3.986,第2和第4个格子的颜色不同。,1,0,0,0,0,0,0,0,0,0,0,0,1,0,0,0,0,0,0,0,0,0,0,0,0,0,0,0,0,0,0,0,0,-1
503,1,1,1,35,4,-1,-1,-1,1,1,2,2,2,6,1,1.993,1.172,4.091,第2和第4个格子的颜色不同。,1,0,0,0,0,0,0,0,0,0,0,0,1,0,0,0,0,0,0,0,0,0,0,0,0,0,0,0,0,0,0,0,0,-1
503,1,1,1,36,6,-1,-1,1,-1,1,1,1,1,6,1,1.269,1.409,4.963,第2和第4个格子的颜色相同。,1,0,0,0,0,0,0,0,0,0,0,0,1,0,0,0,0,0,0,0,0,0,0,0,0,0,0,0,0,0,0,0,0,1
503,1,1,1,37,18,1,-1,-1,-1,1,1,1,1,6,1,1.026,1.023,3.651,第2和第4个格子的颜色相同。,1,0,0,0,0,0,0,0,0,0,0,0,1,0,0,0,0,0,0,0,0,0,0,0,0,0,0,0,0,0,0,0,0,1
503,1,1,1,38,7,-1,-1,1,1,-1,2,2,2,6,1,1.817,1.173,4.098,第2和第4个格子的颜色不同。,1,0,0,0,0,0,0,0,0,0,0,0,1,0,0,0,0,0,0,0,0,0,0,0,0,0,0,0,0,0,0,0,0,-1
503,1,1,1,39,4,-1,-1,-1,1,1,2,2,2,6,1,1.152,1.047,4.359,第2和第4个格子的颜色不同。,1,0,0,0,0,0,0,0,0,0,0,0,1,0,0,0,0,0,0,0,0,0,0,0,0,0,0,0,0,0,0,0,0,-1
503,1,1,1,40,20,1,-1,-1,1,1,2,2,2,6,1,1.033,1.199,4.026,第2和第4个格子的颜色不同。,1,0,0,0,0,0,0,0,0,0,0,0,1,0,0,0,0,0,0,0,0,0,0,0,0,0,0,0,0,0,0,0,0,-1
503,1,1,1,41,17,1,-1,-1,-1,-1,1,1,1,6,1,0.901,1.107,3.64,第2和第4个格子的颜色相同。,1,0,0,0,0,0,0,0,0,0,0,0,1,0,0,0,0,0,0,0,0,0,0,0,0,0,0,0,0,0,0,0,0,1
503,1,1,1,42,9,-1,1,-1,-1,-1,2,2,2,6,1,1.866,0.989,3.368,第2和第4个格子的颜色不同。,1,0,0,0,0,0,0,0,0,0,0,0,1,0,0,0,0,0,0,0,0,0,0,0,0,0,0,0,0,0,0,0,0,-1
503,1,1,1,43,4,-1,-1,-1,1,1,2,2,2,6,1,2.135,0.983,3.383,第2和第4个格子的颜色不同。,1,0,0,0,0,0,0,0,0,0,0,0,1,0,0,0,0,0,0,0,0,0,0,0,0,0,0,0,0,0,0,0,0,-1
503,1,1,1,44,32,1,1,1,1,1,1,1,1,6,1,0.95,1.074,3.258,第2和第4个格子的颜色相同。,1,0,0,0,0,0,0,0,0,0,0,0,1,0,0,0,0,0,0,0,0,0,0,0,0,0,0,0,0,0,0,0,0,1
503,1,1,1,45,7,-1,-1,1,1,-1,2,2,2,6,1,1.304,0.978,3.414,第2和第4个格子的颜色不同。,1,0,0,0,0,0,0,0,0,0,0,0,1,0,0,0,0,0,0,0,0,0,0,0,0,0,0,0,0,0,0,0,0,-1
503,1,1,1,46,5,-1,-1,1,-1,-1,1,1,1,6,1,1.025,1.077,3.299,第2和第4个格子的颜色相同。,1,0,0,0,0,0,0,0,0,0,0,0,1,0,0,0,0,0,0,0,0,0,0,0,0,0,0,0,0,0,0,0,0,1
503,1,1,1,47,19,1,-1,-1,1,-1,2,2,2,6,1,1.458,1.015,3.412,第2和第4个格子的颜色不同。,1,0,0,0,0,0,0,0,0,0,0,0,1,0,0,0,0,0,0,0,0,0,0,0,0,0,0,0,0,0,0,0,0,-1
503,1,1,1,48,28,1,1,-1,1,1,1,1,1,6,1,0.993,0.876,3.203,第2和第4个格子的颜色相同。,1,0,0,0,0,0,0,0,0,0,0,0,1,0,0,0,0,0,0,0,0,0,0,0,0,0,0,0,0,0,0,0,0,1
503,1,1,1,49,7,-1,-1,1,1,-1,2,2,2,6,1,1.256,0.932,5.555,第2和第4个格子的颜色不同。,1,0,0,0,0,0,0,0,0,0,0,0,1,0,0,0,0,0,0,0,0,0,0,0,0,0,0,0,0,0,0,0,0,-1
503,1,1,1,50,5,-1,-1,1,-1,-1,1,1,1,6,1,1.17,1.279,3.706,第2和第4个格子的颜色相同。,1,0,0,0,0,0,0,0,0,0,0,0,1,0,0,0,0,0,0,0,0,0,0,0,0,0,0,0,0,0,0,0,0,1
503,1,1,1,51,27,1,1,-1,1,-1,1,1,1,6,1,1.274,0.956,3.355,第2和第4个格子的颜色相同。,1,0,0,0,0,0,0,0,0,0,0,0,1,0,0,0,0,0,0,0,0,0,0,0,0,0,0,0,0,0,0,0,0,1
503,1,1,1,52,19,1,-1,-1,1,-1,2,2,2,6,1,1.059,0.965,3.705,第2和第4个格子的颜色不同。,1,0,0,0,0,0,0,0,0,0,0,0,1,0,0,0,0,0,0,0,0,0,0,0,0,0,0,0,0,0,0,0,0,-1
503,1,1,1,53,27,1,1,-1,1,-1,1,1,1,6,1,1.043,1.257,3.689,第2和第4个格子的颜色相同。,1,0,0,0,0,0,0,0,0,0,0,0,1,0,0,0,0,0,0,0,0,0,0,0,0,0,0,0,0,0,0,0,0,1
503,1,1,1,54,16,-1,1,1,1,1,1,1,1,6,1,0.794,1.012,3.442,第2和第4个格子的颜色相同。,1,0,0,0,0,0,0,0,0,0,0,0,1,0,0,0,0,0,0,0,0,0,0,0,0,0,0,0,0,0,0,0,0,1
503,1,1,1,55,14,-1,1,1,-1,1,2,2,2,6,1,0.988,1.922,3.348,第2和第4个格子的颜色不同。,1,0,0,0,0,0,0,0,0,0,0,0,1,0,0,0,0,0,0,0,0,0,0,0,0,0,0,0,0,0,0,0,0,-1
503,1,1,1,56,26,1,1,-1,-1,1,2,2,2,6,1,0.987,1.031,3.443,第2和第4个格子的颜色不同。,1,0,0,0,0,0,0,0,0,0,0,0,1,0,0,0,0,0,0,0,0,0,0,0,0,0,0,0,0,0,0,0,0,-1
503,1,1,1,57,10,-1,1,-1,-1,1,2,2,2,6,1,1.115,1.022,3.125,第2和第4个格子的颜色不同。,1,0,0,0,0,0,0,0,0,0,0,0,1,0,0,0,0,0,0,0,0,0,0,0,0,0,0,0,0,0,0,0,0,-1
503,1,1,1,58,31,1,1,1,1,-1,1,1,1,6,1,0.826,0.896,3.247,第2和第4个格子的颜色相同。,1,0,0,0,0,0,0,0,0,0,0,0,1,0,0,0,0,0,0,0,0,0,0,0,0,0,0,0,0,0,0,0,0,1
503,1,1,1,59,2,-1,-1,-1,-1,1,1,1,1,6,1,0.868,1.025,3.129,第2和第4个格子的颜色相同。,1,0,0,0,0,0,0,0,0,0,0,0,1,0,0,0,0,0,0,0,0,0,0,0,0,0,0,0,0,0,0,0,0,1
503,1,1,1,60,27,1,1,-1,1,-1,1,1,1,6,1,0.701,0.975,3.379,第2和第4个格子的颜色相同。,1,0,0,0,0,0,0,0,0,0,0,0,1,0,0,0,0,0,0,0,0,0,0,0,0,0,0,0,0,0,0,0,0,1
503,1,1,1,61,2,-1,-1,-1,-1,1,1,1,1,6,1,0.931,1.128,3.395,第2和第4个格子的颜色相同。,1,0,0,0,0,0,0,0,0,0,0,0,1,0,0,0,0,0,0,0,0,0,0,0,0,0,0,0,0,0,0,0,0,1
503,1,1,1,62,5,-1,-1,1,-1,-1,1,1,1,6,1,0.525,1.292,3.558,第2和第4个格子的颜色相同。,1,0,0,0,0,0,0,0,0,0,0,0,1,0,0,0,0,0,0,0,0,0,0,0,0,0,0,0,0,0,0,0,0,1
503,1,1,1,63,25,1,1,-1,-1,-1,2,2,2,6,1,1.035,0.962,3.018,第2和第4个格子的颜色不同。,1,0,0,0,0,0,0,0,0,0,0,0,1,0,0,0,0,0,0,0,0,0,0,0,0,0,0,0,0,0,0,0,0,-1
503,1,1,1,64,32,1,1,1,1,1,1,1,1,6,1,0.881,0.936,3.237,第2和第4个格子的颜色相同。,1,0,0,0,0,0,0,0,0,0,0,0,1,0,0,0,0,0,0,0,0,0,0,0,0,0,0,0,0,0,0,0,0,1
503,1,1,2,65,4,-1,-1,-1,1,1,2,2,2,6,1,1.573,1.36,5.148,第2和第4个格子的颜色不同。,1,0,0,0,0,0,0,0,0,0,0,0,1,0,0,0,0,0,0,0,0,0,0,0,0,0,0,0,0,0,0,0,0,-1
503,1,1,2,66,2,-1,-1,-1,-1,1,1,1,1,6,1,1.599,1.44,4.956,第2和第4个格子的颜色相同。,1,0,0,0,0,0,0,0,0,0,0,0,1,0,0,0,0,0,0,0,0,0,0,0,0,0,0,0,0,0,0,0,0,1
503,1,1,2,67,17,1,-1,-1,-1,-1,1,1,1,6,1,0.88,1.095,2.072,第2和第4个格子的颜色相同。,1,0,0,0,0,0,0,0,0,0,0,0,1,0,0,0,0,0,0,0,0,0,0,0,0,0,0,0,0,0,0,0,0,1
503,1,1,2,68,23,1,-1,1,1,-1,2,2,2,6,1,1.24,0.974,1.481,第2和第4个格子的颜色不同。,1,0,0,0,0,0,0,0,0,0,0,0,1,0,0,0,0,0,0,0,0,0,0,0,0,0,0,0,0,0,0,0,0,-1
503,1,1,2,69,1,-1,-1,-1,-1,-1,1,1,1,6,1,0.947,0.968,2.008,第2和第4个格子的颜色相同。,1,0,0,0,0,0,0,0,0,0,0,0,1,0,0,0,0,0,0,0,0,0,0,0,0,0,0,0,0,0,0,0,0,1
503,1,1,2,70,1,-1,-1,-1,-1,-1,1,1,1,6,1,0.725,1.078,1.971,第2和第4个格子的颜色相同。,1,0,0,0,0,0,0,0,0,0,0,0,1,0,0,0,0,0,0,0,0,0,0,0,0,0,0,0,0,0,0,0,0,1
503,1,1,2,71,14,-1,1,1,-1,1,2,2,2,6,1,2.109,1.228,1.824,第2和第4个格子的颜色不同。,1,0,0,0,0,0,0,0,0,0,0,0,1,0,0,0,0,0,0,0,0,0,0,0,0,0,0,0,0,0,0,0,0,-1
503,1,1,2,72,29,1,1,1,-1,-1,2,2,2,6,1,1.211,1.029,1.935,第2和第4个格子的颜色不同。,1,0,0,0,0,0,0,0,0,0,0,0,1,0,0,0,0,0,0,0,0,0,0,0,0,0,0,0,0,0,0,0,0,-1
503,1,1,2,73,4,-1,-1,-1,1,1,2,2,2,6,1,1.137,1.002,1.732,第2和第4个格子的颜色不同。,1,0,0,0,0,0,0,0,0,0,0,0,1,0,0,0,0,0,0,0,0,0,0,0,0,0,0,0,0,0,0,0,0,-1
503,1,1,2,74,15,-1,1,1,1,-1,1,1,1,6,1,1.386,0.919,1.819,第2和第4个格子的颜色相同。,1,0,0,0,0,0,0,0,0,0,0,0,1,0,0,0,0,0,0,0,0,0,0,0,0,0,0,0,0,0,0,0,0,1
503,1,1,2,75,8,-1,-1,1,1,1,2,2,2,6,1,1.05,0.983,1.849,第2和第4个格子的颜色不同。,1,0,0,0,0,0,0,0,0,0,0,0,1,0,0,0,0,0,0,0,0,0,0,0,0,0,0,0,0,0,0,0,0,-1
503,1,1,2,76,10,-1,1,-1,-1,1,2,2,2,6,1,1.102,0.87,1.659,第2和第4个格子的颜色不同。,1,0,0,0,0,0,0,0,0,0,0,0,1,0,0,0,0,0,0,0,0,0,0,0,0,0,0,0,0,0,0,0,0,-1
503,1,1,2,77,32,1,1,1,1,1,1,1,1,6,1,0.869,0.95,1.864,第2和第4个格子的颜色相同。,1,0,0,0,0,0,0,0,0,0,0,0,1,0,0,0,0,0,0,0,0,0,0,0,0,0,0,0,0,0,0,0,0,1
503,1,1,2,78,32,1,1,1,1,1,1,1,1,6,1,1.064,0.884,1.79,第2和第4个格子的颜色相同。,1,0,0,0,0,0,0,0,0,0,0,0,1,0,0,0,0,0,0,0,0,0,0,0,0,0,0,0,0,0,0,0,0,1
503,1,1,2,79,20,1,-1,-1,1,1,2,2,2,6,1,1.132,0.972,1.596,第2和第4个格子的颜色不同。,1,0,0,0,0,0,0,0,0,0,0,0,1,0,0,0,0,0,0,0,0,0,0,0,0,0,0,0,0,0,0,0,0,-1
503,1,1,2,80,14,-1,1,1,-1,1,2,2,2,6,1,0.771,0.838,1.714,第2和第4个格子的颜色不同。,1,0,0,0,0,0,0,0,0,0,0,0,1,0,0,0,0,0,0,0,0,0,0,0,0,0,0,0,0,0,0,0,0,-1
503,1,1,2,81,9,-1,1,-1,-1,-1,2,2,2,6,1,1.285,0.982,2.59,第2和第4个格子的颜色不同。,1,0,0,0,0,0,0,0,0,0,0,0,1,0,0,0,0,0,0,0,0,0,0,0,0,0,0,0,0,0,0,0,0,-1
503,1,1,2,82,10,-1,1,-1,-1,1,2,2,2,6,1,1.045,1.046,1.793,第2和第4个格子的颜色不同。,1,0,0,0,0,0,0,0,0,0,0,0,1,0,0,0,0,0,0,0,0,0,0,0,0,0,0,0,0,0,0,0,0,-1
503,1,1,2,83,32,1,1,1,1,1,1,1,1,6,1,0.647,0.854,1.794,第2和第4个格子的颜色相同。,1,0,0,0,0,0,0,0,0,0,0,0,1,0,0,0,0,0,0,0,0,0,0,0,0,0,0,0,0,0,0,0,0,1
503,1,1,2,84,16,-1,1,1,1,1,1,1,1,6,1,0.993,0.854,1.882,第2和第4个格子的颜色相同。,1,0,0,0,0,0,0,0,0,0,0,0,1,0,0,0,0,0,0,0,0,0,0,0,0,0,0,0,0,0,0,0,0,1
503,1,1,2,85,12,-1,1,-1,1,1,1,1,1,6,1,0.783,0.894,1.78,第2和第4个格子的颜色相同。,1,0,0,0,0,0,0,0,0,0,0,0,1,0,0,0,0,0,0,0,0,0,0,0,0,0,0,0,0,0,0,0,0,1
503,1,1,2,86,9,-1,1,-1,-1,-1,2,2,2,6,1,0.994,0.917,1.808,第2和第4个格子的颜色不同。,1,0,0,0,0,0,0,0,0,0,0,0,1,0,0,0,0,0,0,0,0,0,0,0,0,0,0,0,0,0,0,0,0,-1
503,1,1,2,87,29,1,1,1,-1,-1,2,2,2,6,1,0.961,0.85,1.732,第2和第4个格子的颜色不同。,1,0,0,0,0,0,0,0,0,0,0,0,1,0,0,0,0,0,0,0,0,0,0,0,0,0,0,0,0,0,0,0,0,-1
503,1,1,2,88,31,1,1,1,1,-1,1,1,1,6,1,1.235,0.987,1.759,第2和第4个格子的颜色相同。,1,0,0,0,0,0,0,0,0,0,0,0,1,0,0,0,0,0,0,0,0,0,0,0,0,0,0,0,0,0,0,0,0,1
503,1,1,2,89,10,-1,1,-1,-1,1,2,2,2,6,1,1.282,0.885,1.728,第2和第4个格子的颜色不同。,1,0,0,0,0,0,0,0,0,0,0,0,1,0,0,0,0,0,0,0,0,0,0,0,0,0,0,0,0,0,0,0,0,-1
503,1,1,2,90,7,-1,-1,1,1,-1,2,2,2,6,1,1.18,1.413,1.742,第2和第4个格子的颜色不同。,1,0,0,0,0,0,0,0,0,0,0,0,1,0,0,0,0,0,0,0,0,0,0,0,0,0,0,0,0,0,0,0,0,-1
503,1,1,2,91,22,1,-1,1,-1,1,1,1,1,6,1,0.937,0.818,1.538,第2和第4个格子的颜色相同。,1,0,0,0,0,0,0,0,0,0,0,0,1,0,0,0,0,0,0,0,0,0,0,0,0,0,0,0,0,0,0,0,0,1
503,1,1,2,92,15,-1,1,1,1,-1,1,1,1,6,1,0.628,0.708,1.646,第2和第4个格子的颜色相同。,1,0,0,0,0,0,0,0,0,0,0,0,1,0,0,0,0,0,0,0,0,0,0,0,0,0,0,0,0,0,0,0,0,1
503,1,1,2,93,21,1,-1,1,-1,-1,1,1,1,6,1,0.781,0.87,1.67,第2和第4个格子的颜色相同。,1,0,0,0,0,0,0,0,0,0,0,0,1,0,0,0,0,0,0,0,0,0,0,0,0,0,0,0,0,0,0,0,0,1
503,1,1,2,94,30,1,1,1,-1,1,2,2,2,6,1,1.038,1.165,1.628,第2和第4个格子的颜色不同。,1,0,0,0,0,0,0,0,0,0,0,0,1,0,0,0,0,0,0,0,0,0,0,0,0,0,0,0,0,0,0,0,0,-1
503,1,1,2,95,27,1,1,-1,1,-1,1,1,1,6,1,0.893,0.875,1.764,第2和第4个格子的颜色相同。,1,0,0,0,0,0,0,0,0,0,0,0,1,0,0,0,0,0,0,0,0,0,0,0,0,0,0,0,0,0,0,0,0,1
503,1,1,2,96,22,1,-1,1,-1,1,1,1,1,6,1,0.601,0.87,1.818,第2和第4个格子的颜色相同。,1,0,0,0,0,0,0,0,0,0,0,0,1,0,0,0,0,0,0,0,0,0,0,0,0,0,0,0,0,0,0,0,0,1
503,1,1,2,97,17,1,-1,-1,-1,-1,1,1,1,6,1,1.339,0.977,2.204,第2和第4个格子的颜色相同。,1,0,0,0,0,0,0,0,0,0,0,0,1,0,0,0,0,0,0,0,0,0,0,0,0,0,0,0,0,0,0,0,0,1
503,1,1,2,98,4,-1,-1,-1,1,1,2,2,2,6,1,0.884,2.083,1.852,第2和第4个格子的颜色不同。,1,0,0,0,0,0,0,0,0,0,0,0,1,0,0,0,0,0,0,0,0,0,0,0,0,0,0,0,0,0,0,0,0,-1
503,1,1,2,99,4,-1,-1,-1,1,1,2,2,2,6,1,0.956,0.889,1.961,第2和第4个格子的颜色不同。,1,0,0,0,0,0,0,0,0,0,0,0,1,0,0,0,0,0,0,0,0,0,0,0,0,0,0,0,0,0,0,0,0,-1
503,1,1,2,100,6,-1,-1,1,-1,1,1,1,1,6,1,0.832,1.013,1.939,第2和第4个格子的颜色相同。,1,0,0,0,0,0,0,0,0,0,0,0,1,0,0,0,0,0,0,0,0,0,0,0,0,0,0,0,0,0,0,0,0,1
503,1,1,2,101,18,1,-1,-1,-1,1,1,1,1,6,1,0.558,0.862,1.856,第2和第4个格子的颜色相同。,1,0,0,0,0,0,0,0,0,0,0,0,1,0,0,0,0,0,0,0,0,0,0,0,0,0,0,0,0,0,0,0,0,1
503,1,1,2,102,7,-1,-1,1,1,-1,2,2,2,6,1,0.912,1.027,1.933,第2和第4个格子的颜色不同。,1,0,0,0,0,0,0,0,0,0,0,0,1,0,0,0,0,0,0,0,0,0,0,0,0,0,0,0,0,0,0,0,0,-1
503,1,1,2,103,4,-1,-1,-1,1,1,2,2,2,6,1,0.783,1.148,1.655,第2和第4个格子的颜色不同。,1,0,0,0,0,0,0,0,0,0,0,0,1,0,0,0,0,0,0,0,0,0,0,0,0,0,0,0,0,0,0,0,0,-1
503,1,1,2,104,20,1,-1,-1,1,1,2,2,2,6,1,0.666,0.847,1.668,第2和第4个格子的颜色不同。,1,0,0,0,0,0,0,0,0,0,0,0,1,0,0,0,0,0,0,0,0,0,0,0,0,0,0,0,0,0,0,0,0,-1
503,1,1,2,105,17,1,-1,-1,-1,-1,1,1,1,6,1,0.712,0.873,1.702,第2和第4个格子的颜色相同。,1,0,0,0,0,0,0,0,0,0,0,0,1,0,0,0,0,0,0,0,0,0,0,0,0,0,0,0,0,0,0,0,0,1
503,1,1,2,106,9,-1,1,-1,-1,-1,2,2,2,6,1,0.682,0.759,1.64,第2和第4个格子的颜色不同。,1,0,0,0,0,0,0,0,0,0,0,0,1,0,0,0,0,0,0,0,0,0,0,0,0,0,0,0,0,0,0,0,0,-1
503,1,1,2,107,4,-1,-1,-1,1,1,2,2,2,6,1,0.973,0.76,1.565,第2和第4个格子的颜色不同。,1,0,0,0,0,0,0,0,0,0,0,0,1,0,0,0,0,0,0,0,0,0,0,0,0,0,0,0,0,0,0,0,0,-1
503,1,1,2,108,32,1,1,1,1,1,1,1,1,6,1,0.533,0.844,1.569,第2和第4个格子的颜色相同。,1,0,0,0,0,0,0,0,0,0,0,0,1,0,0,0,0,0,0,0,0,0,0,0,0,0,0,0,0,0,0,0,0,1
503,1,1,2,109,7,-1,-1,1,1,-1,2,2,2,6,1,1.164,0.876,1.46,第2和第4个格子的颜色不同。,1,0,0,0,0,0,0,0,0,0,0,0,1,0,0,0,0,0,0,0,0,0,0,0,0,0,0,0,0,0,0,0,0,-1
503,1,1,2,110,5,-1,-1,1,-1,-1,1,1,1,6,1,0.741,0.833,0.385,第2和第4个格子的颜色相同。,1,0,0,0,0,0,0,0,0,0,0,0,1,0,0,0,0,0,0,0,0,0,0,0,0,0,0,0,0,0,0,0,0,1
503,1,1,2,111,19,1,-1,-1,1,-1,2,2,2,6,1,0.998,0.988,1.648,第2和第4个格子的颜色不同。,1,0,0,0,0,0,0,0,0,0,0,0,1,0,0,0,0,0,0,0,0,0,0,0,0,0,0,0,0,0,0,0,0,-1
503,1,1,2,112,28,1,1,-1,1,1,1,1,1,6,1,0.855,1.512,0.482,第2和第4个格子的颜色相同。,1,0,0,0,0,0,0,0,0,0,0,0,1,0,0,0,0,0,0,0,0,0,0,0,0,0,0,0,0,0,0,0,0,1
503,1,1,2,113,7,-1,-1,1,1,-1,2,2,2,6,1,1.316,1.031,1.649,第2和第4个格子的颜色不同。,1,0,0,0,0,0,0,0,0,0,0,0,1,0,0,0,0,0,0,0,0,0,0,0,0,0,0,0,0,0,0,0,0,-1
503,1,1,2,114,5,-1,-1,1,-1,-1,1,1,1,6,1,0.802,0.966,1.691,第2和第4个格子的颜色相同。,1,0,0,0,0,0,0,0,0,0,0,0,1,0,0,0,0,0,0,0,0,0,0,0,0,0,0,0,0,0,0,0,0,1
503,1,1,2,115,27,1,1,-1,1,-1,1,1,1,6,1,0.897,0.993,1.551,第2和第4个格子的颜色相同。,1,0,0,0,0,0,0,0,0,0,0,0,1,0,0,0,0,0,0,0,0,0,0,0,0,0,0,0,0,0,0,0,0,1
503,1,1,2,116,19,1,-1,-1,1,-1,2,2,2,6,1,0.97,0.98,1.528,第2和第4个格子的颜色不同。,1,0,0,0,0,0,0,0,0,0,0,0,1,0,0,0,0,0,0,0,0,0,0,0,0,0,0,0,0,0,0,0,0,-1
503,1,1,2,117,27,1,1,-1,1,-1,1,1,1,6,1,0.746,1.135,1.388,第2和第4个格子的颜色相同。,1,0,0,0,0,0,0,0,0,0,0,0,1,0,0,0,0,0,0,0,0,0,0,0,0,0,0,0,0,0,0,0,0,1
503,1,1,2,118,16,-1,1,1,1,1,1,1,1,6,1,0.975,0.91,1.659,第2和第4个格子的颜色相同。,1,0,0,0,0,0,0,0,0,0,0,0,1,0,0,0,0,0,0,0,0,0,0,0,0,0,0,0,0,0,0,0,0,1
503,1,1,2,119,14,-1,1,1,-1,1,2,2,2,6,1,1.314,0.907,1.701,第2和第4个格子的颜色不同。,1,0,0,0,0,0,0,0,0,0,0,0,1,0,0,0,0,0,0,0,0,0,0,0,0,0,0,0,0,0,0,0,0,-1
503,1,1,2,120,26,1,1,-1,-1,1,2,2,2,6,1,0.854,0.392,1.368,第2和第4个格子的颜色不同。,1,0,0,0,0,0,0,0,0,0,0,0,1,0,0,0,0,0,0,0,0,0,0,0,0,0,0,0,0,0,0,0,0,-1
503,1,1,2,121,10,-1,1,-1,-1,1,2,2,2,6,1,0.759,0.845,1.397,第2和第4个格子的颜色不同。,1,0,0,0,0,0,0,0,0,0,0,0,1,0,0,0,0,0,0,0,0,0,0,0,0,0,0,0,0,0,0,0,0,-1
503,1,1,2,122,31,1,1,1,1,-1,1,1,1,6,1,0.809,0.821,2.145,第2和第4个格子的颜色相同。,1,0,0,0,0,0,0,0,0,0,0,0,1,0,0,0,0,0,0,0,0,0,0,0,0,0,0,0,0,0,0,0,0,1
503,1,1,2,123,2,-1,-1,-1,-1,1,1,1,1,6,1,0.689,0.69,1.399,第2和第4个格子的颜色相同。,1,0,0,0,0,0,0,0,0,0,0,0,1,0,0,0,0,0,0,0,0,0,0,0,0,0,0,0,0,0,0,0,0,1
503,1,1,2,124,27,1,1,-1,1,-1,1,1,1,6,1,0.665,0.774,1.435,第2和第4个格子的颜色相同。,1,0,0,0,0,0,0,0,0,0,0,0,1,0,0,0,0,0,0,0,0,0,0,0,0,0,0,0,0,0,0,0,0,1
503,1,1,2,125,2,-1,-1,-1,-1,1,1,1,1,6,1,0.529,0.773,1.547,第2和第4个格子的颜色相同。,1,0,0,0,0,0,0,0,0,0,0,0,1,0,0,0,0,0,0,0,0,0,0,0,0,0,0,0,0,0,0,0,0,1
503,1,1,2,126,5,-1,-1,1,-1,-1,1,1,1,6,1,0.602,1.012,1.593,第2和第4个格子的颜色相同。,1,0,0,0,0,0,0,0,0,0,0,0,1,0,0,0,0,0,0,0,0,0,0,0,0,0,0,0,0,0,0,0,0,1
503,1,1,2,127,25,1,1,-1,-1,-1,2,2,2,6,1,1.094,0.669,1.495,第2和第4个格子的颜色不同。,1,0,0,0,0,0,0,0,0,0,0,0,1,0,0,0,0,0,0,0,0,0,0,0,0,0,0,0,0,0,0,0,0,-1
503,1,1,2,128,32,1,1,1,1,1,1,1,1,6,1,0.566,0.872,1.518,第2和第4个格子的颜色相同。,1,0,0,0,0,0,0,0,0,0,0,0,1,0,0,0,0,0,0,0,0,0,0,0,0,0,0,0,0,0,0,0,0,1
