stiID,feature1_name,feature2_name,feature3_name,feature4_name,feature1,feature2,feature3,feature4,category,ambiguous_fam,ambiguous_spe
1,green,yellow,pink,blue,0.338540307617467,0.249531275589439,0.477226975418779,0.656601421582224,1,0,1
2,green,yellow,pink,blue,0.193323880727257,0.340363744753379,0.955913489733858,0.55547155083189,1,0,0
3,green,yellow,pink,blue,0.182550236718842,0.600126070319594,0.638884508750067,0.951751408155542,2,0,0
4,green,yellow,pink,blue,0.736529729451832,0.772264406378498,0.285717449112933,0.649631249371428,3,0,0
5,green,yellow,pink,blue,0.372588055010565,0.314297241599861,0.0839876034528789,0.684813055013724,1,0,0
6,green,yellow,pink,blue,0.667858827384855,0.545615197730496,0.711283365753476,0.135772361184586,4,0,1
7,green,yellow,pink,blue,0.620496807396374,0.000167333220274402,0.319220219016344,0.333971195463847,3,0,0
8,green,yellow,pink,blue,0.777020195962353,0.955800198159682,0.166473724211922,0.96209055528601,3,0,0
9,green,yellow,pink,blue,0.380615452356077,0.78251600563847,0.522987240270632,0.870633086768111,2,0,1
10,green,yellow,pink,blue,0.760644250042984,0.381570223641606,0.875618999723335,0.336988074376244,4,0,0
11,green,yellow,pink,blue,0.838391789117747,0.858345353961738,0.335890646698906,0.948998357808051,3,0,0
12,green,yellow,pink,blue,0.602709013562678,0.0831554573819205,0.875800907274642,0.441276481977924,4,0,0
13,green,yellow,pink,blue,0.281418491488066,0.858459047382738,0.0955347181010384,0.00265739565723289,2,0,0
14,green,yellow,pink,blue,0.150655375091456,0.376805873557448,0.421078492268306,0.913102638265413,1,0,0
15,green,yellow,pink,blue,0.693348700285336,0.611351033805061,0.136319284438865,0.291474836337739,3,0,0
16,green,yellow,pink,blue,0.757044097576085,0.83905846635311,0.567999560951486,0.622812243556119,4,0,0
17,green,yellow,pink,blue,0.60858867500497,0.747809997257011,0.103040891831042,0.651572314951661,3,0,0
18,green,yellow,pink,blue,0.635319193290866,0.80529598019842,0.792754487111617,0.888868229574326,4,0,0
19,green,yellow,pink,blue,0.854162597098904,0.487356690115702,0.706066266637805,0.576423571807912,4,0,1
20,green,yellow,pink,blue,0.839824250248795,0.239659340311907,0.238782862798406,0.751914802202189,3,0,0
21,green,yellow,pink,blue,0.404435093867519,0.36767295259649,0.952379627664773,0.819934006911178,1,0,0
22,green,yellow,pink,blue,0.510888498745883,0.357142096135755,0.370324906133733,0.733827784440533,3,1,1
23,green,yellow,pink,blue,0.986569246990042,0.523011178614968,0.789039117811581,0.185858357907612,4,0,1
24,green,yellow,pink,blue,0.337122320524509,0.479627198939952,0.418474674850211,0.969212765288818,1,0,1
25,green,yellow,pink,blue,0.686134119203102,0.507540584345851,0.316507760247758,0.326847594793022,3,0,1
26,green,yellow,pink,blue,0.725235744179621,0.0341359355628322,0.834202843911858,0.369464731354038,4,0,0
27,green,yellow,pink,blue,0.982506255172626,0.119313042046731,0.807252059818017,0.0819532909704777,4,0,0
28,green,yellow,pink,blue,0.973886172477944,0.996181048149038,0.801143335790506,0.64529843031441,4,0,0
29,green,yellow,pink,blue,0.300812376905953,0.14568796088802,0.173852804439967,0.127067779393876,1,0,0
30,green,yellow,pink,blue,0.204512657547971,0.950021798758643,0.848029479466423,0.090010040683454,2,0,0
31,green,yellow,pink,blue,0.302941199456475,0.390105922880454,0.971689901046317,0.597108864573855,1,0,0
32,green,yellow,pink,blue,0.434667453627807,0.744794302053674,0.377777407864368,0.20391776625318,2,0,0
33,green,yellow,pink,blue,0.570111446116527,0.401674661378228,0.563843574729314,0.112225977282465,4,0,0
34,green,yellow,pink,blue,0.386083709097766,0.210700100910222,0.71182244303753,0.766823341472693,1,0,0
35,green,yellow,pink,blue,0.0285651261531494,0.531843537956469,0.449532770399511,0.690362016333493,2,0,1
36,green,yellow,pink,blue,0.802741317660312,0.563799428772799,0.550908950917404,0.00200511048267649,4,0,0
37,green,yellow,pink,blue,0.104375789222493,0.598690167844827,0.529324053279458,0.296431550256506,2,0,1
38,green,yellow,pink,blue,0.0995955013579098,0.089013020615799,0.612860957513424,0.17124095619481,1,0,0
39,green,yellow,pink,blue,0.0781282036557939,0.353344113580975,0.22195439187123,0.73107151730749,1,0,0
40,green,yellow,pink,blue,0.0211465004028558,0.0863709225230821,0.754800233449589,0.96501559686499,1,0,0
41,green,yellow,pink,blue,0.243155199176024,0.664285843184594,0.490081147572976,0.981201878337786,2,0,1
42,green,yellow,pink,blue,0.273971029472466,0.782676781895452,0.863676262394078,0.204020618346124,2,0,0
43,green,yellow,pink,blue,0.673328248808855,0.875053347020122,0.449303071468478,0.217250380267658,3,0,0
44,green,yellow,pink,blue,0.548263790335234,0.79357609248907,0.0850005532883895,0.128146078685893,3,1,1
45,green,yellow,pink,blue,0.734902178071617,0.801159991328717,0.622339527862731,0.263512123168346,4,0,0
46,green,yellow,pink,blue,0.304924051515122,0.54318640403044,0.480623410518346,0.277144261142359,2,0,1
47,green,yellow,pink,blue,0.115177122259193,0.379372327969644,0.42120741313032,0.892623997819066,1,0,0
48,green,yellow,pink,blue,0.786071805568956,0.243030716653047,0.0430523534037094,0.807221626302438,3,0,0
49,green,yellow,pink,blue,0.097363208057821,0.694150222062143,0.0331232434958778,0.597434020539696,2,0,0
50,green,yellow,pink,blue,0.148284582469214,0.835934486478226,0.980925402439669,0.309388214773432,2,0,0
51,green,yellow,pink,blue,0.957556090234298,0.75068187966773,0.474626203316088,0.885318449454633,3,0,1
52,green,yellow,pink,blue,0.144791157673957,0.048293663116095,0.086721121230573,0.540935738707139,1,0,0
53,green,yellow,pink,blue,0.762150499210794,0.208487502261558,0.307281279900562,0.0863666770173886,3,0,0
54,green,yellow,pink,blue,0.495714205277787,0.514902773558037,0.407266865021864,0.767461186683123,2,1,1
55,green,yellow,pink,blue,0.644172553640729,0.753557700678155,0.995548465487242,0.918082544896002,4,0,0
56,green,yellow,pink,blue,0.456493627391345,0.238836307319485,0.267928371076376,0.776742520530591,1,1,1
57,green,yellow,pink,blue,0.519536201331106,0.474341682106941,0.453585445305823,0.149843374820798,3,1,1
58,green,yellow,pink,blue,0.468765954689914,0.810514305936315,0.0134801679307477,0.749981163933274,2,1,1
59,green,yellow,pink,blue,0.301121366366183,0.081104690847175,0.559778564180917,0.336687098395901,1,0,0
60,green,yellow,pink,blue,0.287553374242272,0.885378573724251,0.608418942695846,0.882221194022763,2,0,0
61,green,yellow,pink,blue,0.856245391116627,0.114017524797255,0.899118765110629,0.440914365799874,4,0,0
62,green,yellow,pink,blue,0.112271313079764,0.720166716205716,0.896562988144801,0.560827824350063,2,0,0
63,green,yellow,pink,blue,0.621108567330535,0.264367890715012,0.788830705412681,0.483150574654749,4,0,0
64,green,yellow,pink,blue,0.364722132285368,0.270783175619408,0.919435429132033,0.353445502080976,1,0,0
65,green,yellow,pink,blue,0.936584380146442,0.46694945019221,0.488552426117003,0.273065902091723,3,0,1
66,green,yellow,pink,blue,0.754717387302335,0.274862271755082,0.108992928450309,0.210785603192278,3,0,0
67,green,yellow,pink,blue,0.219957100956476,0.447704677137601,0.957666144786035,0.468181926500067,1,0,0
68,green,yellow,pink,blue,0.287562276828998,0.572195437914478,0.729621043377509,0.640487879832434,2,0,0
69,green,yellow,pink,blue,0.7015639893487,0.121598633825249,0.951896261827674,0.996194077289132,4,0,0
70,green,yellow,pink,blue,0.530021862915806,0.575529518292631,0.814773807512089,0.580541746599803,4,1,1
71,green,yellow,pink,blue,0.897899957742367,0.404230604051963,0.101199654870196,0.964436375604122,3,0,0
72,green,yellow,pink,blue,0.127056953890691,0.618305614105582,0.276763705265492,0.238285702056903,2,0,0
73,green,yellow,pink,blue,0.37787160659288,0.694622907018215,0.196708651954612,0.477664507703182,2,0,0
74,green,yellow,pink,blue,0.489044499319282,0.321712233194486,0.633163919069855,0.436839995930885,1,1,1
75,green,yellow,pink,blue,0.0798650258574817,0.545001492881026,0.442833538112252,0.383875684415037,2,0,1
76,green,yellow,pink,blue,0.611172612705356,0.168751439244483,0.0536676020384427,0.179227648693296,3,0,0
77,green,yellow,pink,blue,0.551476276252972,0.41123381713775,0.170605224264913,0.750391438203067,3,0,0
78,green,yellow,pink,blue,0.499841434094373,0.489464722196795,0.0359371711896007,0.253416912541172,1,1,1
79,green,yellow,pink,blue,0.914767507064846,0.684583197269554,0.899164229523606,0.922977061653135,4,0,0
80,green,yellow,pink,blue,0.841131563422315,0.148603486516948,0.762683151477588,0.310099186216144,4,0,0
81,green,yellow,pink,blue,0.383809910943029,0.971961747392607,0.951591098897774,0.584413339311815,2,0,0
82,green,yellow,pink,blue,0.955681690185346,0.500577151267434,0.586978826994628,0.112952048014391,4,0,1
83,green,yellow,pink,blue,0.842038084499628,0.932818165544831,0.361551365395791,0.508736154141371,3,0,0
84,green,yellow,pink,blue,0.88135040059712,0.4732584352661,0.698561630616361,0.85595066689521,4,0,1
85,green,yellow,pink,blue,0.469477769384897,0.937997655036378,0.881155494199879,0.741853689830892,2,1,1
86,green,yellow,pink,blue,0.595727527910202,0.999785923476787,0.105989207709199,0.169311238204767,3,0,0
87,green,yellow,pink,blue,0.672335851391435,0.131825708300722,0.409670818557396,0.511458285269348,3,0,0
88,green,yellow,pink,blue,0.633075963007514,0.755530926502715,0.189921142530413,0.988587942371461,3,0,0
89,green,yellow,pink,blue,0.0584011388033517,0.700360475427647,0.940783221335081,0.380867520174349,2,0,0
90,green,yellow,pink,blue,0.249337553732062,0.492849166645286,0.460865352687429,0.825729079657505,1,0,1
91,green,yellow,pink,blue,0.508444489010769,0.554451414163814,0.824349808539752,0.188160781810542,4,1,1
92,green,yellow,pink,blue,0.603165275117232,0.290318550426025,0.385799476108823,0.845108951835216,3,0,0
93,green,yellow,pink,blue,0.0333548619748134,0.278683557574123,0.618953458516499,0.872322340129482,1,0,0
94,green,yellow,pink,blue,0.317413360603382,0.420128596059343,0.500466249363283,0.327046879315903,1,0,1
95,green,yellow,pink,blue,0.534360414023599,0.891188582487199,0.417723862295388,0.735668165321065,3,1,1
96,green,yellow,pink,blue,0.299392823752563,0.0163484357899549,0.339367872080041,0.96778377101096,1,0,0
97,green,yellow,pink,blue,0.39661925122508,0.710117446423244,0.0341487072425715,0.286282965221524,2,0,0
98,green,yellow,pink,blue,0.0481873014709518,0.96741987665905,0.790179430645945,0.301214367375024,2,0,0
99,green,yellow,pink,blue,0.0202474369253686,0.484136627177461,0.346886759754267,0.277882750789198,1,0,1
100,green,yellow,pink,blue,0.842761933560642,0.539238072460923,0.0887159112737243,0.522326288265602,3,0,1
101,green,yellow,pink,blue,0.84987670664048,0.039103867047985,0.793073235251088,0.0326216097732698,4,0,0
102,green,yellow,pink,blue,0.22451774039969,0.23674723537888,0.0426539100194002,0.693827636987624,1,0,0
103,green,yellow,pink,blue,0.000691251223964462,0.770643059962927,0.757821413157917,0.767689984211554,2,0,0
104,green,yellow,pink,blue,0.904110478652394,0.763623243669191,0.68374779221879,0.0563179837846178,4,0,0
105,green,yellow,pink,blue,0.062247273690726,0.688784265709547,0.843163717660291,0.0534603932133541,2,0,0
106,green,yellow,pink,blue,0.795947944433113,0.501963365755429,0.393971562329176,0.558382754529527,3,0,1
107,green,yellow,pink,blue,0.958987707318927,0.674138123657053,0.643361046116861,0.671856368090389,4,0,0
108,green,yellow,pink,blue,0.015390951462697,0.110859226683083,0.0638249375414536,0.174218083582396,1,0,0
109,green,yellow,pink,blue,0.521554899641459,0.858007613022709,0.874841645454256,0.676709594235911,4,1,1
110,green,yellow,pink,blue,0.977114820099923,0.748403364873798,0.899366104710736,0.309944383390176,4,0,0
111,green,yellow,pink,blue,0.0478336053889375,0.0754059838251717,0.290935590141729,0.71236376172294,1,0,0
112,green,yellow,pink,blue,0.678077553853502,0.861694890020046,0.0562084053259748,0.258657465055,3,0,0
113,green,yellow,pink,blue,0.947626175530301,0.384827682518702,0.493854798269526,0.561051094060093,3,0,1
114,green,yellow,pink,blue,0.0999716004542859,0.218008537269885,0.113468487005104,0.340768576639366,1,0,0
115,green,yellow,pink,blue,0.475049829081837,0.674686110342458,0.322489875398822,0.655624631080674,2,1,1
116,green,yellow,pink,blue,0.545555122116302,0.99966956278375,0.564226165900427,0.450198926383195,4,1,1
117,green,yellow,pink,blue,0.20052635152566,0.122260143172182,0.665443828359254,0.626591762856134,1,0,0
118,green,yellow,pink,blue,0.534702363747072,0.330541424798944,0.595225194350357,0.349927952622915,4,1,1
119,green,yellow,pink,blue,0.0375489917649622,0.814047325024636,0.400026409622652,0.666530432728925,2,0,0
120,green,yellow,pink,blue,0.682099299165151,0.487602251083886,0.4650008345086,0.291283705880188,3,0,1
121,green,yellow,pink,blue,0.44175385558082,0.387259810549924,0.0148618795546149,0.615716120836888,1,0,0
122,green,yellow,pink,blue,0.157821147719836,0.171755803856694,0.722056307238265,0.875757305655547,1,0,0
123,green,yellow,pink,blue,0.0512069722368166,0.205818033319893,0.858351263404612,0.634016301952446,1,0,0
124,green,yellow,pink,blue,0.589650342234211,0.221706340786208,0.848740664406385,0.961539784839773,4,0,0
125,green,yellow,pink,blue,0.089555466605691,0.720818266518471,0.426533018874064,0.201285760180739,2,0,0
126,green,yellow,pink,blue,0.933380375418284,0.349900664494902,0.696995476133955,0.645875234324345,4,0,0
127,green,yellow,pink,blue,0.626472433490159,0.718616159738077,0.228207510813407,0.221898947653813,3,0,0
128,green,yellow,pink,blue,0.993227488154617,0.111763563743984,0.520542739111438,0.504126247146332,4,0,1
129,green,yellow,pink,blue,0.499170697750083,0.180536852737867,0.794893678081137,0.839645779669144,1,1,1
130,green,yellow,pink,blue,0.00979744802186644,0.444694340731438,0.705865576035973,0.404451828442501,1,0,0
131,green,yellow,pink,blue,0.416738770591671,0.793007289594686,0.717267704530187,0.62312071437956,2,0,0
132,green,yellow,pink,blue,0.388261200426783,0.477080753078152,0.996105859432297,0.55554545042013,1,0,1
133,green,yellow,pink,blue,0.573246435046335,0.103734112639369,0.342270101762748,0.901864053552871,3,0,0
134,green,yellow,pink,blue,0.421113601889941,0.835811352536394,0.912394321277311,0.600455239502299,2,0,0
135,green,yellow,pink,blue,0.804183855663699,0.212973099921052,0.694524411227614,0.8328455952076,4,0,0
136,green,yellow,pink,blue,0.325362479345754,0.62580613920724,0.140257043711863,0.307995897405883,2,0,0
137,green,yellow,pink,blue,0.748404682457325,0.621213927961415,0.546645863456801,0.235430339386225,4,0,1
138,green,yellow,pink,blue,0.0212446805726575,0.688523253354971,0.377403760074308,0.0210130990070254,2,0,0
139,green,yellow,pink,blue,0.292467903451276,0.522566360480932,0.550875264748901,0.290730974438544,2,0,1
140,green,yellow,pink,blue,0.0428176186137135,0.623878362393198,0.0502819592839449,0.35588809825489,2,0,0
141,green,yellow,pink,blue,0.763308169998469,0.267782636419939,0.304357864263666,0.992540702206073,3,0,0
142,green,yellow,pink,blue,0.953263580015324,0.480266382603371,0.0244439779266433,0.25721922517919,3,0,1
143,green,yellow,pink,blue,0.621989620438504,0.285380548464581,0.578654179141166,0.820483978745704,4,0,0
144,green,yellow,pink,blue,0.62452517671804,0.833763117845917,0.346637204367716,0.498607772101529,3,0,0
145,green,yellow,pink,blue,0.0215897125190708,0.182705424494592,0.337151634008127,0.757259636601291,1,0,0
146,green,yellow,pink,blue,0.962909270951095,0.899606337902421,0.0481408267490352,0.198191013102832,3,0,0
147,green,yellow,pink,blue,0.892866209948969,0.235315835589127,0.882321356074417,0.262171403149875,4,0,0
148,green,yellow,pink,blue,0.64162473307252,0.378689583294523,0.355267696913274,0.474667789660168,3,0,0
149,green,yellow,pink,blue,0.0232603671068843,0.216464152310722,0.911553160735135,0.832852785624495,1,0,0
150,green,yellow,pink,blue,0.861747635275829,0.440194054681589,0.108606257624124,0.580446846396006,3,0,0
151,green,yellow,pink,blue,0.945683967474158,0.825461203564709,0.652650891165218,0.953699897674851,4,0,0
152,green,yellow,pink,blue,0.975605579704272,0.521225004040071,0.417826957241728,0.453271230958324,3,0,1
153,green,yellow,pink,blue,0.289474192446924,0.000429104050255091,0.90335216882139,0.317204938452875,1,0,0
154,green,yellow,pink,blue,0.267802339589686,0.413192262561865,0.659072178144253,0.340585069476687,1,0,0
155,green,yellow,pink,blue,0.723187072203907,0.95944086219594,0.60800251163806,0.298214012196042,4,0,0
156,green,yellow,pink,blue,0.0944080937043432,0.457155860644452,0.493168025844074,0.819497861695302,1,0,1
157,green,yellow,pink,blue,0.454657984382246,0.676350537314789,0.56690212605405,0.040382859337652,2,1,1
158,green,yellow,pink,blue,0.421543015596265,0.744070440876563,0.275684209757311,0.784311515171387,2,0,0
159,green,yellow,pink,blue,0.646250292917057,0.289969926587659,0.9647522970349,0.87562942839485,4,0,0
160,green,yellow,pink,blue,0.485276890944539,0.640023613050598,0.474148259110298,0.615445627144968,2,1,1
161,green,yellow,pink,blue,0.425007231339202,0.606686785624506,0.570762859532861,0.613629248403932,2,0,0
162,green,yellow,pink,blue,0.510794020355734,0.0956653729095924,0.547675774593442,0.67203257285568,4,1,1
163,green,yellow,pink,blue,0.00941745073689071,0.813772697781808,0.0291647357646438,0.244933344271429,2,0,0
164,green,yellow,pink,blue,0.0705200756527239,0.970993486925641,0.193010688446559,0.420319471365186,2,0,0
165,green,yellow,pink,blue,0.231837135366134,0.575584482231486,0.776175996076,0.757387488159282,2,0,0
166,green,yellow,pink,blue,0.721065953724075,0.82178709073846,0.207860778813061,0.871989660904307,3,0,0
167,green,yellow,pink,blue,0.209111357798739,0.41151690607574,0.359637161621971,0.394368862402603,1,0,0
168,green,yellow,pink,blue,0.123086151946475,0.136074702093644,0.476912740396652,0.287915159754665,1,0,1
169,green,yellow,pink,blue,0.701810809823396,0.232634242365538,0.21930094911121,0.827275217515094,3,0,0
170,green,yellow,pink,blue,0.972114887167431,0.598639376452202,0.280787633283891,0.672420670375865,3,0,0
171,green,yellow,pink,blue,0.648918236870584,0.791691671508567,0.511820372518894,0.194295722454253,4,0,1
172,green,yellow,pink,blue,0.162508875472241,0.548755088038734,0.385772742830697,0.532302746224409,2,0,1
173,green,yellow,pink,blue,0.588614272262978,0.353751852394151,0.916076886948637,0.84620075980798,4,0,0
174,green,yellow,pink,blue,0.187498524303842,0.9078857854199,0.765821678540755,0.233687917531109,2,0,0
175,green,yellow,pink,blue,0.974450061375467,0.0995234878207738,0.414720240682288,0.0720337011426029,3,0,0
176,green,yellow,pink,blue,0.0817229412317192,0.488800201968612,0.0681598286428928,0.961350280605768,1,0,1
177,green,yellow,pink,blue,0.268948205200087,0.503125366639571,0.588133791945839,0.652217574827592,2,0,1
178,green,yellow,pink,blue,0.546343169307855,0.829616483803612,0.0967900005496725,0.322537726537895,3,1,1
179,green,yellow,pink,blue,0.391341797813483,0.522009037772081,0.806284674304798,0.356047793000191,2,0,1
180,green,yellow,pink,blue,0.916507151987603,0.410024343307254,0.177425167577441,0.0734320718101038,3,0,0
181,green,yellow,pink,blue,0.198291274908296,0.0892226513301917,0.513056438846124,0.489615258161855,1,0,1
182,green,yellow,pink,blue,0.715579467098455,0.219424006015551,0.361591378064656,0.656800038136361,3,0,0
183,green,yellow,pink,blue,0.439149448196326,0.666578690207697,0.0305008982712959,0.404445533439215,2,0,0
184,green,yellow,pink,blue,0.280709761569576,0.0345299393027649,0.442247800644018,0.979466002872859,1,0,0
185,green,yellow,pink,blue,0.725935463015162,0.0883308940443718,0.830718727614233,0.0724979960217986,4,0,0
186,green,yellow,pink,blue,0.926968324410014,0.350803873684119,0.269351916415208,0.522647701897386,3,0,0
187,green,yellow,pink,blue,0.321946637990242,0.75442947201363,0.134720671839186,0.990524260099225,2,0,0
188,green,yellow,pink,blue,0.00553139942148795,0.499140875736004,0.878136074852676,0.364289451964373,1,0,1
189,green,yellow,pink,blue,0.469013404318293,0.437786627221113,0.835637044328276,0.717297929946476,1,1,1
190,green,yellow,pink,blue,0.951249764042261,0.689938183152246,0.705188300324361,0.0720648284830373,4,0,0
191,green,yellow,pink,blue,0.153500899502955,0.249320362633346,0.51510595702138,0.95369204703837,1,0,1
192,green,yellow,pink,blue,0.59831597465788,0.568233013995844,0.000308466324348666,0.323766224505869,3,0,0
193,green,yellow,pink,blue,0.41879393213882,0.993536921197957,0.224219497525221,0.660520331256957,2,0,0
194,green,yellow,pink,blue,0.696354708507402,0.918799384078435,0.176941016960446,0.159725452707811,3,0,0
195,green,yellow,pink,blue,0.408376062933713,0.30142349770633,0.177726437303396,0.770870192699286,1,0,0
196,green,yellow,pink,blue,0.113704331887471,0.291563454619976,0.855110569346739,0.687714804437416,1,0,0
197,green,yellow,pink,blue,0.629415716893116,0.095397052935395,0.547589946437514,0.406658873226144,4,0,1
198,green,yellow,pink,blue,0.339421255837886,0.0744811582944699,0.850193260840093,0.139045623024785,1,0,0
199,green,yellow,pink,blue,0.914260136598857,0.940933365395441,0.584950772896706,0.0267680823336874,4,0,0
200,green,yellow,pink,blue,0.68966356911161,0.898787324696395,0.0782652755480596,0.297142541270491,3,0,0
201,green,yellow,pink,blue,0.655163739629766,0.0785721457651634,0.952552638180115,0.751826134205353,4,0,0
202,green,yellow,pink,blue,0.819231803333711,0.548688286371965,0.803338457905012,0.522067740310565,4,0,1
203,green,yellow,pink,blue,0.397899414623038,0.464617785802127,0.497693543899801,0.161461933035072,1,0,1
204,green,yellow,pink,blue,0.599900448218257,0.373943992246791,0.235348741177167,0.784062555155544,3,0,0
205,green,yellow,pink,blue,0.677483462120784,0.333143296318585,0.909738529009204,0.886572162118455,4,0,0
206,green,yellow,pink,blue,0.485029789057692,0.640548500686138,0.754866527668058,0.633036652860583,2,1,1
207,green,yellow,pink,blue,0.77149531287205,0.88616057522307,0.491863180952732,0.437772686175636,3,0,1
208,green,yellow,pink,blue,0.586190129936105,0.0296670971059561,0.431114786775608,0.191656553955434,3,0,0
209,green,yellow,pink,blue,0.646080166470748,0.641547417359933,0.524354239570002,0.256276852752218,4,0,1
210,green,yellow,pink,blue,0.573209866828027,0.674447942134463,0.848040846620539,0.274206685021626,4,0,0
211,green,yellow,pink,blue,0.0547300353880555,0.993530648593533,0.635283493329391,0.211650692453436,2,0,0
212,green,yellow,pink,blue,0.698584172582958,0.459255689117154,0.686448290433253,0.399110216647242,4,0,1
213,green,yellow,pink,blue,0.309735403713033,0.118165304211256,0.417798184115854,0.681626957803127,1,0,0
214,green,yellow,pink,blue,0.981006978628823,0.8669763396728,0.609429819443265,0.358104159488607,4,0,0
215,green,yellow,pink,blue,0.391259080877989,0.596146732001738,0.0248068387937026,0.829396757937213,2,0,0
216,green,yellow,pink,blue,0.338148791161737,0.824443114949651,0.73775785289478,0.803082241741543,2,0,0
217,green,yellow,pink,blue,0.550004469082184,0.948908447511912,0.568492742091306,0.533462463478748,4,0,0
218,green,yellow,pink,blue,0.442637610901032,0.136740157186985,0.713862624572663,0.296645573563707,1,0,0
219,green,yellow,pink,blue,0.880551391736888,0.209605519554242,0.947221020176013,0.235909728259851,4,0,0
220,green,yellow,pink,blue,0.0198713755711805,0.605846147354608,0.314900486793957,0.556009506985028,2,0,0
221,green,yellow,pink,blue,0.310508628426588,0.630797886130188,0.494805107058589,0.152669661405213,2,0,1
222,green,yellow,pink,blue,0.192257798912455,0.384776183682032,0.368042529970532,0.822077425978559,1,0,0
223,green,yellow,pink,blue,0.107580697415942,0.212622503785043,0.854294444553012,0.979785749050459,1,0,0
224,green,yellow,pink,blue,0.659201983139141,0.136229313698239,0.620167436740497,0.898357351644078,4,0,0
225,green,yellow,pink,blue,0.805422584102182,0.693102268425662,0.126825642809761,0.0072843394791543,3,0,0
226,green,yellow,pink,blue,0.720101459966807,0.697732319096022,0.585500110960001,0.713248490613174,4,0,0
227,green,yellow,pink,blue,0.141203332857417,0.36904191065388,0.482244145462683,0.56824666637604,1,0,1
228,green,yellow,pink,blue,0.647561124226256,0.0288547930870174,0.944234719759941,0.0582511418011041,4,0,0
229,green,yellow,pink,blue,0.438031116227958,0.814229872121176,0.904509568030878,0.301908713121245,2,0,0
230,green,yellow,pink,blue,0.456544743289931,0.786478731019908,0.735767348080118,0.166619623627334,2,1,1
231,green,yellow,pink,blue,0.176016143260105,0.0614561624305613,0.322446418107768,0.164857691552845,1,0,0
232,green,yellow,pink,blue,0.757660589180371,0.518215002423302,0.703541930643015,0.888142427185544,4,0,1
233,green,yellow,pink,blue,0.0221543106839569,0.647704054375564,0.964157114264451,0.883743802517136,2,0,0
234,green,yellow,pink,blue,0.311619666608821,0.879104969276318,0.0811985760036679,0.0170168148029383,2,0,0
235,green,yellow,pink,blue,0.654689099584683,0.305368686286325,0.430243166106025,0.724840245535697,3,0,0
236,green,yellow,pink,blue,0.341494423472625,0.89730169448814,0.230251808028046,0.827168665670079,2,0,0
237,green,yellow,pink,blue,0.745201196381641,0.537209167597301,0.792129285144313,0.556430641139199,4,0,1
238,green,yellow,pink,blue,0.371598025980841,0.34869581768696,0.404076000549168,0.125037633044316,1,0,0
239,green,yellow,pink,blue,0.541625166155144,0.788540542935683,0.0748984482347533,0.108096573353426,3,1,1
240,green,yellow,pink,blue,0.843424852977555,0.25911594537353,0.131434122084705,0.194286007455814,3,0,0
241,green,yellow,pink,blue,0.587442221798052,0.247715350315913,0.328651991839486,0.272189427051855,3,0,0
242,green,yellow,pink,blue,0.318035733367904,0.704795854241041,0.883472899302132,0.515749491015035,2,0,0
243,green,yellow,pink,blue,0.460923210514438,0.25709406556757,0.501969478036505,0.631144234291827,1,1,1
244,green,yellow,pink,blue,0.401679742887662,0.69108640709644,0.47723448617208,0.686116071603089,2,0,1
245,green,yellow,pink,blue,0.833650336980721,0.466506335084132,0.812813303315274,0.438745036915054,4,0,1
246,green,yellow,pink,blue,0.368734550776626,0.184752674234459,0.343792680158568,0.778490725559285,1,0,0
247,green,yellow,pink,blue,0.995223240466101,0.37528878344427,0.802002458555924,0.8219386863015,4,0,0
248,green,yellow,pink,blue,0.720728254957289,0.463916553124556,0.211364039599316,0.340447626385598,3,0,1
249,green,yellow,pink,blue,0.0342109514844649,0.119274322394627,0.486842966103833,0.937985016721272,1,0,1
250,green,yellow,pink,blue,0.894881611725267,0.041867485730744,0.447479250281142,0.456823017967587,3,0,0
251,green,yellow,pink,blue,0.0643147501114884,0.553645956179288,0.0177470149067908,0.433999676461988,2,0,0
252,green,yellow,pink,blue,0.372072652494349,0.455696873453094,0.847621271968786,0.197332227053767,1,0,1
253,green,yellow,pink,blue,0.48046186984405,0.196637677647392,0.309310511944469,0.816628460566448,1,1,1
254,green,yellow,pink,blue,0.282716264305155,0.907320210364131,0.043023917508473,0.0413171425664597,2,0,0
255,green,yellow,pink,blue,0.469113678549483,0.844681632209763,0.970506389605552,0.795840744396912,2,1,1
256,green,yellow,pink,blue,0.595738818915233,0.821930458544947,0.153393255770457,0.32987912945838,3,0,0
257,green,yellow,pink,blue,0.342087714533235,0.25544861770844,0.454691984962402,0.398853001908667,1,0,1
258,green,yellow,pink,blue,0.0814800333118702,0.250509539910404,0.315553774054887,0.829808530581507,1,0,0
259,green,yellow,pink,blue,0.312952895122042,0.329913060668172,0.57749366152598,0.796654858214033,1,0,0
260,green,yellow,pink,blue,0.854993926476951,0.0848887705385388,0.896753652414134,0.891372487398276,4,0,0
261,green,yellow,pink,blue,0.03728791118055,0.780156019769784,0.560795677817072,0.199397992244494,2,0,0
262,green,yellow,pink,blue,0.197909178176661,0.916171959087369,0.621695185414089,0.0655781480409388,2,0,0
263,green,yellow,pink,blue,0.834434709927678,0.86241410971246,0.924884676843372,0.171108246981093,4,0,0
264,green,yellow,pink,blue,0.768703121666016,0.948478925530768,0.959235822488421,0.125611632720835,4,0,0
265,green,yellow,pink,blue,0.691653426812219,0.214965031453538,0.458581759210521,0.00612744966076251,3,0,1
266,green,yellow,pink,blue,0.674711924724342,0.53847913913396,0.362051011235572,0.268656410414011,3,0,1
267,green,yellow,pink,blue,0.816178846496069,0.311679992805556,0.488689514233846,0.158796020356935,3,0,1
268,green,yellow,pink,blue,0.898138207563804,0.553292154370328,0.588873565944321,0.183541401416826,4,0,0
269,green,yellow,pink,blue,0.203710936577485,0.439365424923848,0.978902855127183,0.166080280050093,1,0,0
270,green,yellow,pink,blue,0.594379997008371,0.713808448960461,0.814344700649573,0.251438593340223,4,0,0
271,green,yellow,pink,blue,0.99972274744812,0.71696296437082,0.75279322296018,0.338536828923252,4,0,0
272,green,yellow,pink,blue,0.882411385233915,0.0163644224935159,0.78153550316246,0.384803325138775,4,0,0
273,green,yellow,pink,blue,0.622867482087517,0.26426201135391,0.683123625202461,0.092660528958277,4,0,0
274,green,yellow,pink,blue,0.345160089735124,0.759197464192377,0.719206190177047,0.525425094933237,2,0,0
275,green,yellow,pink,blue,0.69332375742161,0.275525471421932,0.685788635737664,0.854251839333879,4,0,0
276,green,yellow,pink,blue,0.63396613292098,0.7768740519789,0.388425948922535,0.219323930335362,3,0,0
277,green,yellow,pink,blue,0.523340389659153,0.61356043963958,0.364111691386964,0.461103462542701,3,1,1
278,green,yellow,pink,blue,0.236134751814395,0.799308464411881,0.0637210216414364,0.70533196916917,2,0,0
279,green,yellow,pink,blue,0.264790391944757,0.906639997186066,0.466694660007408,0.195956338195037,2,0,1
280,green,yellow,pink,blue,0.851888258163744,0.793262450491281,0.169038475157924,0.807874704714802,3,0,0
281,green,yellow,pink,blue,0.927010185253489,0.752006328871478,0.420407744855837,0.308682551224015,3,0,0
282,green,yellow,pink,blue,0.305897379753243,0.00616810022412978,0.648987347178585,0.615740507989404,1,0,0
283,green,yellow,pink,blue,0.920257169353184,0.397425135540337,0.176687938716419,0.096567690491059,3,0,0
284,green,yellow,pink,blue,0.655905027246276,0.183703691535506,0.483946700270286,0.65945841634941,3,0,1
285,green,yellow,pink,blue,0.116887437237019,0.326973230761958,0.501204340748472,0.984386197990082,1,0,1
286,green,yellow,pink,blue,0.529655294731689,0.892072966000046,0.373219124089781,0.529220328069023,3,1,1
287,green,yellow,pink,blue,0.304366163730741,0.347531973095287,0.742246192701355,0.581572487638739,1,0,0
288,green,yellow,pink,blue,0.129970802977679,0.910967526727663,0.597329274084864,0.363439868967764,2,0,0
289,green,yellow,pink,blue,0.393401786989187,0.95572865544353,0.464051781640348,0.30269264829919,2,0,1
290,green,yellow,pink,blue,0.29642924242682,0.77178323898633,0.326819459442533,0.0038827895082777,2,0,0
291,green,yellow,pink,blue,0.412346004192867,0.56146614509141,0.992346529865557,0.23075622597143,2,0,0
292,green,yellow,pink,blue,0.634486647223782,0.0906488553433871,0.983072456837504,0.999835291839077,4,0,0
293,green,yellow,pink,blue,0.296372833538327,0.00538069319730283,0.228207259223414,0.860009760344221,1,0,0
294,green,yellow,pink,blue,0.796783006829387,0.967746092253353,0.492961021351484,0.206248299253903,3,0,1
295,green,yellow,pink,blue,0.509273605512033,0.439277054241266,0.18232116248043,0.0380374690648256,3,1,1
296,green,yellow,pink,blue,0.516663918704863,0.617617450172325,0.377403486799888,0.5838089863325,3,1,1
297,green,yellow,pink,blue,0.259578530344315,0.132470131795981,0.376699707592393,0.665665860343939,1,0,0
298,green,yellow,pink,blue,0.851612368301156,0.258911183658813,0.196196894761999,0.269286870390448,3,0,0
299,green,yellow,pink,blue,0.734054046987426,0.936548497327111,0.825806093861625,0.323173580294193,4,0,0
300,green,yellow,pink,blue,0.973220121891979,0.395557091453214,0.323249536265641,0.794474485734686,3,0,0
301,green,yellow,pink,blue,0.123235178300937,0.743807960050254,0.105638672808888,0.662919407009602,2,0,0
302,green,yellow,pink,blue,0.473057364592467,0.760967133046917,0.419573500650533,0.499452740408287,2,1,1
303,green,yellow,pink,blue,0.412287869385811,0.429799752544269,0.257037383592945,0.730602612659237,1,0,0
304,green,yellow,pink,blue,0.758166539195163,0.112639363064882,0.485870821453219,0.992072377780481,3,0,1
305,green,yellow,pink,blue,0.878282701372974,0.512789525650663,0.971861759129652,0.488895789653908,4,0,1
306,green,yellow,pink,blue,0.671964351618877,0.762232163653571,0.731421382344204,0.56240354147175,4,0,0
307,green,yellow,pink,blue,0.577963112992844,0.579572677674114,0.414667675826577,0.330065565344727,3,0,0
308,green,yellow,pink,blue,0.532730603832158,0.323306521375907,0.954191022265546,0.818948780857856,4,1,1
309,green,yellow,pink,blue,0.923281144646782,0.339222451690732,0.937310584476078,0.421131305200151,4,0,0
310,green,yellow,pink,blue,0.0583134137151545,0.495153347488615,0.760483655124423,0.790982520182062,1,0,1
311,green,yellow,pink,blue,0.676759518799385,0.486411687564134,0.134844761182219,0.987779573451141,3,0,1
312,green,yellow,pink,blue,0.623383763341782,0.570448782217595,0.338579236453227,0.994474967868252,3,0,0
313,green,yellow,pink,blue,0.808747138976293,0.771344653712608,0.250745942542218,0.256489735824665,3,0,0
314,green,yellow,pink,blue,0.309766416819648,0.187259734054049,0.112661706838815,0.374451863748752,1,0,0
315,green,yellow,pink,blue,0.681913511369016,0.594918828699884,0.872822634158416,0.0146277324404692,4,0,0
316,green,yellow,pink,blue,0.0220451798961774,0.349320991930662,0.562444141861128,0.0881224472751548,1,0,0
317,green,yellow,pink,blue,0.259081819144154,0.676170380718437,0.151882783928371,0.299374907282429,2,0,0
318,green,yellow,pink,blue,0.789203305316918,0.57729332158073,0.969328621530426,0.507759761590088,4,0,0
319,green,yellow,pink,blue,0.588881243951011,0.549871068930625,0.298568087315612,0.681006809060859,3,0,1
320,green,yellow,pink,blue,0.143152552566786,0.0170723044057867,0.519304654253348,0.538638973856624,1,0,1
321,green,yellow,pink,blue,0.047950017148616,0.592264336147835,0.616572399356264,0.783745749322264,2,0,0
322,green,yellow,pink,blue,0.963155787890696,0.397626007460638,0.93062496768926,0.0674267772607491,4,0,0
323,green,yellow,pink,blue,0.963931316562549,0.884358006346805,0.811466071055652,0.383668850528666,4,0,0
324,green,yellow,pink,blue,0.820265359573279,0.320957754559647,0.316039110522909,0.481321225001032,3,0,0
325,green,yellow,pink,blue,0.337004662600885,0.756881856322962,0.647543819120756,0.716500144827223,2,0,0
326,green,yellow,pink,blue,0.262680637193211,0.556587501283455,0.128461032601074,0.295004875990143,2,0,0
327,green,yellow,pink,blue,0.388262170628967,0.332394682634059,0.816306357076191,0.271141182172784,1,0,0
328,green,yellow,pink,blue,0.959477503843727,0.305881028285873,0.915139679702316,0.631732173073349,4,0,0
329,green,yellow,pink,blue,0.461983240883901,0.283533767519671,0.497441726983881,0.0947004106326546,1,1,1
330,green,yellow,pink,blue,0.843409800947542,0.391822346054252,0.045824984836967,0.561346093061437,3,0,0
331,green,yellow,pink,blue,0.396180815944531,0.231909356539086,0.805865628489068,0.843329222751681,1,0,0
332,green,yellow,pink,blue,0.151164920293361,0.312979652323203,0.18825577033508,0.643604654225129,1,0,0
333,green,yellow,pink,blue,0.44918608236269,0.299059985556368,0.270088518046145,0.812072442695618,1,0,0
334,green,yellow,pink,blue,0.0865730509667333,0.981293886124578,0.775606053881072,0.994350486014612,2,0,0
335,green,yellow,pink,blue,0.457323527417595,0.842106283031596,0.0773940871236628,0.112862179447046,2,1,1
336,green,yellow,pink,blue,0.132975214796737,0.275987464171404,0.841017412993898,0.497968212035133,1,0,0
337,green,yellow,pink,blue,0.703117363348048,0.260373815926014,0.993186565156249,0.156923550457152,4,0,0
338,green,yellow,pink,blue,0.0353729567831475,0.872732864655291,0.437051977279985,0.734216646962871,2,0,0
339,green,yellow,pink,blue,0.454316010448549,0.719066800157801,0.105691666997783,0.402308319846503,2,1,1
340,green,yellow,pink,blue,0.50141496152211,0.885697892488878,0.288516529065013,0.690937939472859,3,1,1
341,green,yellow,pink,blue,0.0122179788325465,0.952762461921322,0.549440837084768,0.741580504713814,2,0,1
342,green,yellow,pink,blue,0.93897728874778,0.466353177237303,0.440262532059808,0.723759163332828,3,0,1
343,green,yellow,pink,blue,0.163609522505278,0.573794118242152,0.95167968718712,0.286512497617224,2,0,0
344,green,yellow,pink,blue,0.484052021333339,0.0671510175780554,0.391244182225982,0.41884223619409,1,1,1
345,green,yellow,pink,blue,0.824083970432352,0.633982793773495,0.597856934543193,0.99500087424268,4,0,0
346,green,yellow,pink,blue,0.712753296418805,0.415347105190184,0.184019385887713,0.316808836272288,3,0,0
347,green,yellow,pink,blue,0.59914436799969,0.103739892578999,0.663328124211145,0.168185581895801,4,0,0
348,green,yellow,pink,blue,0.540414429079839,0.164860945094998,0.802698615221502,0.718572916065714,4,1,1
349,green,yellow,pink,blue,0.435994236519065,0.955247987010609,0.865880929686299,0.378547847741803,2,0,0
350,green,yellow,pink,blue,0.333296196005871,0.149462016621436,0.900436980583295,0.607036888156083,1,0,0
351,green,yellow,pink,blue,0.174612521828683,0.897180863715824,0.974811245203963,0.955885891186721,2,0,0
352,green,yellow,pink,blue,0.157751243604092,0.141219454770764,0.0882357571220198,0.897368818280231,1,0,0
353,green,yellow,pink,blue,0.877222658214454,0.705215090913113,0.942499335313209,0.578229935057299,4,0,0
354,green,yellow,pink,blue,0.75096958096614,0.652074855484345,0.0356510421226842,0.915979659340909,3,0,0
355,green,yellow,pink,blue,0.00258016416148188,0.91997291570418,0.617721502296432,0.0128007180580084,2,0,0
356,green,yellow,pink,blue,0.848675320754558,0.225763905088178,0.796088977442331,0.0287896816850515,4,0,0
357,green,yellow,pink,blue,0.206207870551497,0.313411492768029,0.640203656023585,0.767495544602884,1,0,0
358,green,yellow,pink,blue,0.83547543896457,0.821340997535325,0.460323864538771,0.406764463839425,3,0,1
359,green,yellow,pink,blue,0.46852743433184,0.0952973637993345,0.776179414010664,0.247859726646371,1,1,1
360,green,yellow,pink,blue,0.641167026451255,0.829438859788163,0.604220272479634,0.785516401163467,4,0,0
361,green,yellow,pink,blue,0.468973566728714,0.576681127414193,0.203811882318425,0.44805792353276,2,1,1
362,green,yellow,pink,blue,0.636704570726006,0.468737296674246,0.818733816795643,0.132544829095432,4,0,1
363,green,yellow,pink,blue,0.514701766078107,0.241047114568058,0.774394860731449,0.41500532546218,4,1,1
364,green,yellow,pink,blue,0.553650900000527,0.599421721187243,0.266256794765379,0.128847731562616,3,0,0
365,green,yellow,pink,blue,0.5076631555778,0.703135200786066,0.451592574385158,0.351982699221935,3,1,1
366,green,yellow,pink,blue,0.750958579916275,0.338404371865453,0.353451085359889,0.902001442913081,3,0,0
367,green,yellow,pink,blue,0.113995487235802,0.960945479203585,0.459363269106155,0.65096870504939,2,0,1
368,green,yellow,pink,blue,0.325981229566973,0.700085782967876,0.120131032661608,0.500411444226595,2,0,0
369,green,yellow,pink,blue,0.404247139608069,0.488422892160081,0.94861645560689,0.826456707861401,1,0,1
370,green,yellow,pink,blue,0.037646233733114,0.0439190852458136,0.643540435091912,0.347110513995668,1,0,0
371,green,yellow,pink,blue,0.637269512548325,0.83412939278489,0.506305258953224,0.74527964225843,4,0,1
372,green,yellow,pink,blue,0.165546598563501,0.960383361766107,0.335295809716493,0.650040687432029,2,0,0
373,green,yellow,pink,blue,0.370750609368551,0.590290866195821,0.0108221598459659,0.884421051861911,2,0,0
374,green,yellow,pink,blue,0.108620837272849,0.334552440526628,0.569650721167448,0.591973773172713,1,0,0
375,green,yellow,pink,blue,0.896690445784034,0.435642061665612,0.127375583732269,0.765288817243114,3,0,0
376,green,yellow,pink,blue,0.614027834933348,0.368992694982638,0.172156555698396,0.881920032363767,3,0,0
377,green,yellow,pink,blue,0.404917424067849,0.628353403043478,0.580812439206102,0.99043309669635,2,0,0
378,green,yellow,pink,blue,0.745141733574413,0.171224480101304,0.809567549311215,0.670204329775401,4,0,0
379,green,yellow,pink,blue,0.818426456284315,0.744589061815523,0.144951676408038,0.309032556831712,3,0,0
380,green,yellow,pink,blue,0.33819991879858,0.425949310598962,0.814322345201466,0.900883260199744,1,0,0
381,green,yellow,pink,blue,0.12748080751358,0.963971185115335,0.219455649787321,0.00442945100028258,2,0,0
382,green,yellow,pink,blue,0.691735480533848,0.203355747276035,0.543159844900131,0.350533336676173,4,0,1
383,green,yellow,pink,blue,0.825253267891924,0.621641341600531,0.764496464264656,0.23750890625841,4,0,0
384,green,yellow,pink,blue,0.283911025801303,0.489355438385098,0.393314520816626,0.535574372531555,1,0,1
385,green,yellow,pink,blue,0.568933198243768,0.635570231349923,0.347160401432695,0.904800952816212,3,0,0
386,green,yellow,pink,blue,0.350030006359867,0.0078820958212007,0.988802513968791,0.100681887497513,1,0,0
387,green,yellow,pink,blue,0.208921640745,0.141176539106606,0.912014864515076,0.685690137363942,1,0,0
388,green,yellow,pink,blue,0.333436492674037,0.209838468319895,0.00472946581945527,0.377808160329907,1,0,0
389,green,yellow,pink,blue,0.791000426274717,0.611298344322889,0.789305652981922,0.853693019191069,4,0,0
390,green,yellow,pink,blue,0.522982364518097,0.283589294097947,0.346408881834623,0.774678970083367,3,1,1
391,green,yellow,pink,blue,0.955621301449306,0.706130332660204,0.771685894140896,0.527500975925172,4,0,0
392,green,yellow,pink,blue,0.755760728996833,0.714498365429753,0.841677469972267,0.613124559890269,4,0,0
393,green,yellow,pink,blue,0.274971934308088,0.216073688593851,0.313117589656173,0.349267138822494,1,0,0
394,green,yellow,pink,blue,0.962402236489575,0.303807596120472,0.647472333443836,0.319440354781581,4,0,0
395,green,yellow,pink,blue,0.715832502259576,0.0386831040301514,0.0978367672671815,0.0297621228808445,3,0,0
396,green,yellow,pink,blue,0.199489974812801,0.349895030949656,0.477440066905289,0.488367438000342,1,0,1
397,green,yellow,pink,blue,0.738058326830545,0.63417913364759,0.473291890286616,0.911965233020545,3,0,1
398,green,yellow,pink,blue,0.798755500272349,0.653507498344545,0.985497256983736,0.462584480091437,4,0,0
399,green,yellow,pink,blue,0.489021098013672,0.106708471164825,0.936870587334126,0.738855169719404,1,1,1
400,green,yellow,pink,blue,0.312979149551433,0.67691695932584,0.630233203064496,0.304462209053486,2,0,0
401,green,yellow,pink,blue,0.587429735151656,0.966370060589374,0.491320807647442,0.330138794599718,3,0,1
402,green,yellow,pink,blue,0.379674129780612,0.705932403100723,0.240421131436514,0.137626364488278,2,0,0
403,green,yellow,pink,blue,0.157945946113716,0.294817075981787,0.928391835518426,0.675249890259608,1,0,0
404,green,yellow,pink,blue,0.763377485971284,0.629650040221683,0.0132979304344971,0.546084496976127,3,0,0
405,green,yellow,pink,blue,0.659804443345985,0.173221164014805,0.411104061469638,0.491993328396443,3,0,0
406,green,yellow,pink,blue,0.172737719167792,0.807422663002068,0.584590931312996,0.999789518434652,2,0,0
407,green,yellow,pink,blue,0.207476870173911,0.840659479530917,0.752964789134436,0.975136329134009,2,0,0
408,green,yellow,pink,blue,0.185583358515781,0.328321007210338,0.043431413378243,0.383812703937823,1,0,0
409,green,yellow,pink,blue,0.568018590751693,0.76330274895467,0.993232939625524,0.726249677090645,4,0,0
410,green,yellow,pink,blue,0.919970130300125,0.205572840798557,0.081754998255458,0.463458248681832,3,0,0
411,green,yellow,pink,blue,0.742040875949531,0.693041691451134,0.441392304062274,0.163735659872594,3,0,0
412,green,yellow,pink,blue,0.396718439616661,0.499110002860625,0.497389562663577,0.65727005903147,1,0,1
413,green,yellow,pink,blue,0.963644500214347,0.710429693398213,0.988800541059874,0.765326139066169,4,0,0
414,green,yellow,pink,blue,0.924797184440654,0.18306779000742,0.126093759981177,0.769903549552652,3,0,0
415,green,yellow,pink,blue,0.243438032155542,0.802523670444257,0.694727889852088,0.55770601246739,2,0,0
416,green,yellow,pink,blue,0.545895274771955,0.306947491950791,0.646585626999318,0.182152192082593,4,1,1
417,green,yellow,pink,blue,0.615848907261153,0.615936458520425,0.816922906136412,0.692674330746429,4,0,0
418,green,yellow,pink,blue,0.119472640599215,0.0118808339076676,0.346304067340298,0.280376436193511,1,0,0
419,green,yellow,pink,blue,0.635018772888266,0.415202150762903,0.703203645849697,0.469536332566371,4,0,0
420,green,yellow,pink,blue,0.446240602765542,0.683605070266037,0.235974002926207,0.476237132513937,2,0,0
421,green,yellow,pink,blue,0.950394043300124,0.000742933455093908,0.220526756738232,0.251259502802928,3,0,0
422,green,yellow,pink,blue,0.290960152977305,0.0324277389361841,0.163592221250877,0.900679551453742,1,0,0
423,green,yellow,pink,blue,0.127708567189595,0.886361840553676,0.640454270584501,0.0826177378803318,2,0,0
424,green,yellow,pink,blue,0.800272679006742,0.373493393558016,0.668012879180448,0.715446123805636,4,0,0
425,green,yellow,pink,blue,0.407411360232853,0.609882978603957,0.407315684853433,0.37811151047181,2,0,0
426,green,yellow,pink,blue,0.0511946695471643,0.504219360055008,0.76650786185711,0.360024302676651,2,0,1
427,green,yellow,pink,blue,0.274735999400899,0.313151844274031,0.174337861348908,0.0832307945425469,1,0,0
428,green,yellow,pink,blue,0.52440816173374,0.101789145486287,0.847697576024169,0.706747970378541,4,1,1
429,green,yellow,pink,blue,0.141056786742679,0.248243755674163,0.73124574560527,0.213053802715814,1,0,0
430,green,yellow,pink,blue,0.592839798025301,0.643795735226137,0.226978135323315,0.566563456938557,3,0,0
431,green,yellow,pink,blue,0.0524165683469287,0.85117671370912,0.545406967948943,0.406731432176228,2,0,1
432,green,yellow,pink,blue,0.327095853955356,0.814039330137878,0.991340898870045,0.787631934554405,2,0,0
433,green,yellow,pink,blue,0.244650068613518,0.174797785594057,0.56548676203942,0.866283344221944,1,0,0
434,green,yellow,pink,blue,0.0670033513849583,0.627398759351709,0.39821743961347,0.300030523145022,2,0,0
435,green,yellow,pink,blue,0.679019235862783,0.611110764011976,0.895312278002298,0.128587667552369,4,0,0
436,green,yellow,pink,blue,0.210355257755814,0.520527887871783,0.546721839196641,0.207902510401658,2,0,1
437,green,yellow,pink,blue,0.835443831004865,0.0500505911399342,0.0784383309048847,0.705183616201733,3,0,0
438,green,yellow,pink,blue,0.192667738173587,0.717150440547346,0.572041976974147,0.592625707104705,2,0,0
439,green,yellow,pink,blue,0.260177664462783,0.369117948794807,0.805891277162583,0.546420011972894,1,0,0
440,green,yellow,pink,blue,0.96763512448292,0.801680892384607,0.747742903018877,0.668768702536676,4,0,0
441,green,yellow,pink,blue,0.983570097459352,0.606601198334147,0.165270067581499,0.952286865884468,3,0,0
442,green,yellow,pink,blue,0.354005391747937,0.698174890258836,0.185513423331472,0.0915342914661268,2,0,0
443,green,yellow,pink,blue,0.568131038472444,0.0665098193965611,0.702729096877532,0.355358091334568,4,0,0
444,green,yellow,pink,blue,0.682387544067481,0.192764605427992,0.154666619744738,0.408797534043816,3,0,0
445,green,yellow,pink,blue,0.17692791406059,0.874810072856266,0.18708110375772,0.967007957860294,2,0,0
446,green,yellow,pink,blue,0.379565527774804,0.493345428470146,0.697610343471032,0.655751938558001,1,0,1
447,green,yellow,pink,blue,0.244422659941853,0.52791237876588,0.26644455249645,0.932903427945287,2,0,1
448,green,yellow,pink,blue,0.190559021731646,0.130249916441474,0.185991415748531,0.999581686860788,1,0,0
449,green,yellow,pink,blue,0.202763033076419,0.905099494480422,0.951409476846424,0.441518093894268,2,0,0
450,green,yellow,pink,blue,0.967962690504115,0.772910043732642,0.517570559632541,0.425680809597085,4,0,1
451,green,yellow,pink,blue,0.350106149591041,0.16710484695666,0.859087443049029,0.984522459313896,1,0,0
452,green,yellow,pink,blue,0.0145287868587385,0.786974822970615,0.351702678512865,0.35865685761174,2,0,0
453,green,yellow,pink,blue,0.322285508534148,0.362357804261643,0.0770675558225331,0.584609152503225,1,0,0
454,green,yellow,pink,blue,0.433414886695175,0.170565616362739,0.604451789781529,0.0250342447816178,1,0,0
455,green,yellow,pink,blue,0.125202959606475,0.293964882373245,0.339102241825314,0.486363650533592,1,0,0
456,green,yellow,pink,blue,0.84720642678417,0.66408033824974,0.749308549477782,0.533060625996116,4,0,0
457,green,yellow,pink,blue,0.627701814843379,0.244080895973319,0.512305380397061,0.460886898210211,4,0,1
458,green,yellow,pink,blue,0.870498648321121,0.3343030109614,0.172474774092863,0.997086857955437,3,0,0
459,green,yellow,pink,blue,0.357280553088041,0.196457528922406,0.660588599362062,0.982577022149093,1,0,0
460,green,yellow,pink,blue,0.949033253722302,0.539880117912671,0.0861770966509507,0.982525030106422,3,0,1
461,green,yellow,pink,blue,0.887399804680137,0.933918037325298,0.131335705895958,0.86361937219291,3,0,0
462,green,yellow,pink,blue,0.943905295165971,0.505810822029389,0.629702204675466,0.888660823552658,4,0,1
463,green,yellow,pink,blue,0.165713393619171,0.495613573732293,0.0152308419087643,0.914511533323041,1,0,1
464,green,yellow,pink,blue,0.229980377664124,0.0269830689020243,0.207181395536994,0.155082872546934,1,0,0
465,green,yellow,pink,blue,0.589249603045348,0.855772018183276,0.468610841581258,0.788835881085858,3,0,1
466,green,yellow,pink,blue,0.96517282283842,0.653113852472864,0.528656982817846,0.535480953155526,4,0,1
467,green,yellow,pink,blue,0.888488774666317,0.465310225214717,0.26752848441864,0.339804717374558,3,0,1
468,green,yellow,pink,blue,0.410450005375262,0.978391050754397,0.706412510984487,0.730191940487901,2,0,0
469,green,yellow,pink,blue,0.905439996683355,0.769497143533319,0.539593541427486,0.923128797619797,4,0,1
470,green,yellow,pink,blue,0.416020335581337,0.680411179906699,0.678639719518876,0.827351135267717,2,0,0
471,green,yellow,pink,blue,0.826618464892034,0.226540138086794,0.295519016123931,0.30073461789729,3,0,0
472,green,yellow,pink,blue,0.50557191960956,0.0642209071578145,0.977313169141401,0.448965854645182,4,1,1
473,green,yellow,pink,blue,0.029912414394235,0.488920217653909,0.148256550860484,0.221001970062807,1,0,1
474,green,yellow,pink,blue,0.1008157239558,0.391549400793131,0.7266587921418,0.567423027007906,1,0,0
475,green,yellow,pink,blue,0.953593594684557,0.306867355784783,0.0953220714169386,0.525424343598771,3,0,0
476,green,yellow,pink,blue,0.171805529500046,0.62748907043324,0.62107572856927,0.41581229684564,2,0,0
477,green,yellow,pink,blue,0.141972148644435,0.623155365688848,0.0357450582079085,0.191633066571406,2,0,0
478,green,yellow,pink,blue,0.271627385540488,0.861848577936091,0.565231945332639,0.125439527721576,2,0,0
479,green,yellow,pink,blue,0.0971144950070445,0.667686580327921,0.234125198464242,0.764504749994832,2,0,0
480,green,yellow,pink,blue,0.769120739578392,0.2763074110124,0.532827900838385,0.804062825325263,4,0,1
481,green,yellow,pink,blue,0.616730848026165,0.804980301600745,0.444469967544734,0.0726735725349158,3,0,0
482,green,yellow,pink,blue,0.277778372347835,0.645511643936347,0.166931761350068,0.0990094556934463,2,0,0
483,green,yellow,pink,blue,0.99598499423453,0.995371991423762,0.184123639501083,0.450226516405527,3,0,0
484,green,yellow,pink,blue,0.939667541285977,0.100837761821909,0.231993840985986,0.551031740462165,3,0,0
485,green,yellow,pink,blue,0.134125626515314,0.399329811471001,0.574441763231488,0.840569736288287,1,0,0
486,green,yellow,pink,blue,0.90537869411192,0.891038126808537,0.352513427675912,0.938617514054142,3,0,0
487,green,yellow,pink,blue,0.751495844779938,0.0769387491282219,0.888772793420283,0.694845267318519,4,0,0
488,green,yellow,pink,blue,0.370144923811724,0.601626968153846,0.743436914237832,0.424195066581578,2,0,0
489,green,yellow,pink,blue,0.977026791487211,0.394032421608097,0.929300764857834,0.106208459396688,4,0,0
490,green,yellow,pink,blue,0.591326124385275,0.888561017218182,0.196858856544834,0.758320840841326,3,0,0
491,green,yellow,pink,blue,0.276768371791554,0.302963865729828,0.0802368061677929,0.017875923425428,1,0,0
492,green,yellow,pink,blue,0.162783329632967,0.857408820053814,0.10595737141808,0.392573748199283,2,0,0
493,green,yellow,pink,blue,0.660249927662081,0.920447512913176,0.932493871804648,0.955749102042297,4,0,0
494,green,yellow,pink,blue,0.00788874496562264,0.15871923865226,0.595642514841556,0.106341586140804,1,0,0
495,green,yellow,pink,blue,0.548035688346292,0.721246262133428,0.260244052355176,0.498004074323979,3,1,1
496,green,yellow,pink,blue,0.604437933531308,0.0737895308166563,0.587252969750969,0.0788608349452334,4,0,0
497,green,yellow,pink,blue,0.0238502433182865,0.626117922607818,0.507952209067545,0.922977376424645,2,0,1
498,green,yellow,pink,blue,0.588164473485043,0.00348628923772903,0.529968101641242,0.939848517271923,4,0,1
499,green,yellow,pink,blue,0.757695617119498,0.0719366634633771,0.649048748424559,0.945295444344815,4,0,0
500,green,yellow,pink,blue,0.379873906889254,0.449718257212188,0.216336614608743,0.705529734389068,1,0,0
501,green,yellow,pink,blue,0.527442974444397,0.0773921134371262,0.169131165391935,0.0514951800062683,3,1,1
502,green,yellow,pink,blue,0.320200903072436,0.429593449950755,0.310651966451262,0.636420573658206,1,0,0
503,green,yellow,pink,blue,0.686987367015313,0.55078992427254,0.932296171352511,0.53825738036261,4,0,0
504,green,yellow,pink,blue,0.886297900765684,0.442394618337032,0.442796230199016,0.00174802796626006,3,0,0
505,green,yellow,pink,blue,0.836985185267122,0.21460699536434,0.662837721153025,0.607424618091209,4,0,0
506,green,yellow,pink,blue,0.182871181370205,0.373656677242475,0.249328741278451,0.772184338403049,1,0,0
507,green,yellow,pink,blue,0.256403160203312,0.636176331257633,0.343451339391774,0.861451119345448,2,0,0
508,green,yellow,pink,blue,0.392719141613688,0.752981172193995,0.859200202187193,0.0699304035887715,2,0,0
509,green,yellow,pink,blue,0.453322769667967,0.822853221988617,0.847259681491793,0.754248128315478,2,1,1
510,green,yellow,pink,blue,0.0129713450254107,0.91274320760748,0.516160437535199,0.657522477180746,2,0,1
511,green,yellow,pink,blue,0.167459831795595,0.524649402113984,0.629640138223118,0.108180949888965,2,0,1
512,green,yellow,pink,blue,0.784018236589883,0.258789117113656,0.647496808122539,0.890049452608243,4,0,0
513,green,yellow,pink,blue,0.155535333464186,0.119830545826795,0.267643568363752,0.123761338734718,1,0,0
514,green,yellow,pink,blue,0.998503398753709,0.87199480337747,0.973811260711124,0.535669294133924,4,0,0
515,green,yellow,pink,blue,0.532944027192066,0.769936929046483,0.599037569557689,0.459757305310543,4,1,1
516,green,yellow,pink,blue,0.300556077403931,0.615396720925764,0.196551013477859,0.763230151915701,2,0,0
517,green,yellow,pink,blue,0.784683134419289,0.468662236108119,0.856324097011168,0.942172442417709,4,0,1
518,green,yellow,pink,blue,0.209923635621611,0.0518173390492361,0.88029482290953,0.130152211966729,1,0,0
519,green,yellow,pink,blue,0.0639162455808779,0.54224562123781,0.0331703673408891,0.223588677740441,2,0,1
520,green,yellow,pink,blue,0.502518766719095,0.859289490240121,0.106795774308293,0.869243007880674,3,1,1
521,green,yellow,pink,blue,0.872147439839212,0.172645796477931,0.706620978479317,0.997598671466187,4,0,0
522,green,yellow,pink,blue,0.616049265706959,0.48009411593285,0.310715363623736,0.146859333712483,3,0,1
523,green,yellow,pink,blue,0.961622793525322,0.692024363971952,0.667979828156823,0.779678192284723,4,0,0
524,green,yellow,pink,blue,0.909243889335486,0.791581385373531,0.641245824383707,0.762435217069497,4,0,0
525,green,yellow,pink,blue,0.796704768451227,0.756513713764979,0.417144982929992,0.0419013852478476,3,0,0
526,green,yellow,pink,blue,0.97207709450563,0.240482566751963,0.0966765090564491,0.533287097039741,3,0,0
527,green,yellow,pink,blue,0.496107038296801,0.847507058714476,0.185363550301164,0.162339041250202,2,1,1
528,green,yellow,pink,blue,0.488451871328999,0.041314673102498,0.103352926633394,0.187430434643754,1,1,1
529,green,yellow,pink,blue,0.610058271423518,0.60401185982937,0.656679502408144,0.405607869132934,4,0,0
530,green,yellow,pink,blue,0.357154013211849,0.922549352963308,0.34068736632871,0.575984608121483,2,0,0
531,green,yellow,pink,blue,0.880656450318196,0.048708501792508,0.0195411038586044,0.926819906429669,3,0,0
532,green,yellow,pink,blue,0.718492166290216,0.891734744775449,0.458841757649875,0.204889413634434,3,0,1
533,green,yellow,pink,blue,0.565931555040379,0.822467974104413,0.577226548052788,0.278142359460793,4,0,0
534,green,yellow,pink,blue,0.477403707557648,0.232243936925952,0.555423074162796,0.772473751317429,1,1,1
535,green,yellow,pink,blue,0.0869343042705465,0.261845266936215,0.995963819435672,0.518424066983384,1,0,0
536,green,yellow,pink,blue,0.204260823995728,0.565036610033908,0.498379463853362,0.326915385010328,2,0,1
537,green,yellow,pink,blue,0.638490855827815,0.388820446144101,0.922677533847886,0.403667996303457,4,0,0
538,green,yellow,pink,blue,0.221464527108153,0.342874156883189,0.151956052654425,0.847010947299685,1,0,0
539,green,yellow,pink,blue,0.326862551043536,0.886958401078908,0.90986284261809,0.0316744724195189,2,0,0
540,green,yellow,pink,blue,0.994702457363665,0.672716188502528,0.825974957156468,0.270863372250599,4,0,0
541,green,yellow,pink,blue,0.897213965762942,0.49649585886093,0.782675808888333,0.687897473272424,4,0,1
542,green,yellow,pink,blue,0.0253437039095007,0.470233807114717,0.98939348589023,0.161529244774822,1,0,1
543,green,yellow,pink,blue,0.160155175059547,0.0563865796064398,0.0520981671341503,0.0621365525492734,1,0,0
544,green,yellow,pink,blue,0.698991649426399,0.589210540961827,0.556788630240406,0.68468374808109,4,0,0
545,green,yellow,pink,blue,0.479646330979216,0.638139552684881,0.69167774927966,0.303898731309976,2,1,1
546,green,yellow,pink,blue,0.213863430631451,0.0868911625679997,0.451769959654758,0.185336700419046,1,0,1
547,green,yellow,pink,blue,0.051468517379642,0.913902683850914,0.753433758068498,0.490440473312803,2,0,0
548,green,yellow,pink,blue,0.868420771215413,0.0733001334182325,0.209269418951965,0.935938556931908,3,0,0
549,green,yellow,pink,blue,0.955379601652425,0.343348231793305,0.205873208573782,0.639240615095715,3,0,0
550,green,yellow,pink,blue,0.845139522581173,0.0240492302266909,0.614430943687319,0.419501426965675,4,0,0
551,green,yellow,pink,blue,0.445091736236424,0.300524566490463,0.781885006357138,0.219857695720531,1,0,0
552,green,yellow,pink,blue,0.107814383274818,0.514171239440919,0.62828572257454,0.881698420793275,2,0,1
553,green,yellow,pink,blue,0.774040267681906,0.468951161413908,0.410169852512994,0.563229417317471,3,0,1
554,green,yellow,pink,blue,0.779676516875785,0.0869128111783218,0.9612175673675,0.236186150503894,4,0,0
555,green,yellow,pink,blue,0.49534645532067,0.584187273706556,0.967293274423345,0.97047313165759,2,1,1
556,green,yellow,pink,blue,0.0856399085385245,0.0355749542242002,0.862869958864992,0.099083581343987,1,0,0
557,green,yellow,pink,blue,0.195311615284772,0.330264588056471,0.154751506792481,0.355803014485713,1,0,0
558,green,yellow,pink,blue,0.544664472665405,0.746457463573917,0.476931857790436,0.604013194373406,3,1,1
559,green,yellow,pink,blue,0.799681079212964,0.673183420066928,0.139503052124594,0.89430158609391,3,0,0
560,green,yellow,pink,blue,0.435745948571424,0.132181911113463,0.967546050277559,0.733491721475241,1,0,0
561,green,yellow,pink,blue,0.909828420680913,0.218906622918912,0.0882427352213564,0.896642554988909,3,0,0
562,green,yellow,pink,blue,0.291234026803164,0.172897389979683,0.387203171921307,0.372061799020438,1,0,0
563,green,yellow,pink,blue,0.561576932021713,0.616290016349313,0.186241220706548,0.365357591024277,3,0,0
564,green,yellow,pink,blue,0.612715745066341,0.808753743716983,0.469874181217719,0.888371454343782,3,0,1
565,green,yellow,pink,blue,0.837828441691043,0.0312276724027759,0.974873534457536,0.960016228135864,4,0,0
566,green,yellow,pink,blue,0.442059611976795,0.362341015411227,0.180118231185618,0.386339241375255,1,0,0
567,green,yellow,pink,blue,0.855298607942815,0.516524028248502,0.659951818340416,0.800454390259505,4,0,1
568,green,yellow,pink,blue,0.0134217981042452,0.724635207021257,0.396657170434801,0.904511595593433,2,0,0
569,green,yellow,pink,blue,0.325904770883403,0.109461920451768,0.679023417205582,0.777230030382631,1,0,0
570,green,yellow,pink,blue,0.879906709524262,0.120983800623481,0.372789351413856,0.465843077326348,3,0,0
571,green,yellow,pink,blue,0.606079277539773,0.119044932988692,0.197496046089611,0.816064986160115,3,0,0
572,green,yellow,pink,blue,0.842265738383838,0.695429415732282,0.215580961988061,0.475339002547223,3,0,0
573,green,yellow,pink,blue,0.624430743860176,0.629222104772073,0.189762243143745,0.805969754540599,3,0,0
574,green,yellow,pink,blue,0.430303133687799,0.960227683407586,0.416452529013154,0.229557227889692,2,0,0
575,green,yellow,pink,blue,0.234437428713391,0.0291446546429874,0.562732693633839,0.144359146267773,1,0,0
576,green,yellow,pink,blue,0.482405316397483,0.997657049639193,0.421393996798622,0.93404312776799,2,1,1
577,green,yellow,pink,blue,0.510397879591273,0.849401377392447,0.946897941165703,0.174576223998567,4,1,1
578,green,yellow,pink,blue,0.184426611563488,0.369393661053243,0.171489890463141,0.110507026212559,1,0,0
579,green,yellow,pink,blue,0.554572819884905,0.353249334493371,0.233803532694949,0.821532492136572,3,0,0
580,green,yellow,pink,blue,0.572390646563,0.135007115057745,0.661662147678546,0.46689471118748,4,0,0
581,green,yellow,pink,blue,0.83023544188521,0.213901962951571,0.87300410247515,0.155379664719518,4,0,0
582,green,yellow,pink,blue,0.386803043756695,0.202040481851828,0.238353715259618,0.906461063166908,1,0,0
583,green,yellow,pink,blue,0.251749972987356,0.121034092031549,0.524245482975835,0.369777311742476,1,0,1
584,green,yellow,pink,blue,0.467074363228843,0.921054267896703,0.809672482461641,0.398025639117107,2,1,1
585,green,yellow,pink,blue,0.488257688307695,0.0432714110264538,0.135445300962352,0.446729120338563,1,1,1
586,green,yellow,pink,blue,0.28175932721141,0.766203699488296,0.655070573297847,0.133810903196799,2,0,0
587,green,yellow,pink,blue,0.329073306107118,0.0582906461252742,0.394752912572348,0.103785518843836,1,0,0
588,green,yellow,pink,blue,0.0033074562503545,0.0456549844967941,0.854958945971506,0.629624371642267,1,0,0
589,green,yellow,pink,blue,0.575906433250482,0.564507921504862,0.293879617747472,0.661315864110163,3,0,0
590,green,yellow,pink,blue,0.452241460308518,0.628214405344016,0.756518225765005,0.246211655725949,2,1,1
591,green,yellow,pink,blue,0.65488393718847,0.597059433486251,0.336628975715191,0.253658084958659,3,0,0
592,green,yellow,pink,blue,0.763004341996988,0.660978202663944,0.91293545507391,0.0384437565609472,4,0,0
593,green,yellow,pink,blue,0.793105014777625,0.936487916547602,0.183921981966996,0.484218901009855,3,0,0
594,green,yellow,pink,blue,0.361085724571725,0.343467963640966,0.767627055209581,0.522519411663657,1,0,0
595,green,yellow,pink,blue,0.459023271391127,0.601928311254603,0.875043035106371,0.977006978917788,2,1,1
596,green,yellow,pink,blue,0.907621394892857,0.432712063890764,0.145898673069082,0.355905841839962,3,0,0
597,green,yellow,pink,blue,0.351597913119153,0.246377983073043,0.775591680368698,0.790174556071484,1,0,0
598,green,yellow,pink,blue,0.979491654507481,0.690700190553961,0.20477904446183,0.154367837477276,3,0,0
599,green,yellow,pink,blue,0.420393645314736,0.668450454830424,0.906486644062375,0.724187267514649,2,0,0
600,green,yellow,pink,blue,0.0770506302042523,0.744458559525153,0.172144013133398,0.0143911830865791,2,0,0
601,green,yellow,pink,blue,0.367505165641766,0.715972434142767,0.378630779548327,0.194171773623654,2,0,0
602,green,yellow,pink,blue,0.746321739336589,0.175281095631783,0.348270843621906,0.806164424284813,3,0,0
603,green,yellow,pink,blue,0.654071385117335,0.427663765809624,0.605506066917203,0.151547205994388,4,0,0
604,green,yellow,pink,blue,0.694133379593927,0.777302709102999,0.700384548336826,0.453989888289715,4,0,0
605,green,yellow,pink,blue,0.0964653215217189,0.447228234875536,0.259285203169689,0.100812580239847,1,0,0
606,green,yellow,pink,blue,0.715371516796897,0.0686416482048849,0.19619753792691,0.797675521596759,3,0,0
607,green,yellow,pink,blue,0.270686028124408,0.844610272031187,0.884325490611921,0.325717897064288,2,0,0
608,green,yellow,pink,blue,0.446250315689886,0.390814334345321,0.934156118530763,0.809364024112482,1,0,0
609,green,yellow,pink,blue,0.047695016956946,0.175156463559176,0.896546428887866,0.0785744520716802,1,0,0
610,green,yellow,pink,blue,0.594517397736102,0.248454819448232,0.748071651612281,0.323365588320164,4,0,0
611,green,yellow,pink,blue,0.822902033815504,0.667390650833616,0.980155598084317,0.252385711127086,4,0,0
612,green,yellow,pink,blue,0.761320593880773,0.18745252070353,0.105278092000421,0.100267954823193,3,0,0
613,green,yellow,pink,blue,0.0711539492224157,0.765784156000146,0.291748538220535,0.00236533033741004,2,0,0
614,green,yellow,pink,blue,0.402343825498887,0.223665510920082,0.160964893015534,0.207993744856959,1,0,0
615,green,yellow,pink,blue,0.167905370378227,0.864835411581011,0.602477374066831,0.255839676290532,2,0,0
616,green,yellow,pink,blue,0.301892142821182,0.578118683006043,0.668119203181195,0.454985384967874,2,0,0
617,green,yellow,pink,blue,0.970176907856033,0.510991040568428,0.0389924553900226,0.851489504993352,3,0,1
618,green,yellow,pink,blue,0.299197892490665,0.909428991148836,0.476058695427536,0.671844984999177,2,0,1
619,green,yellow,pink,blue,0.632396924495031,0.0137433835512001,0.399823580837753,0.924653902044358,3,0,0
620,green,yellow,pink,blue,0.174054137961027,0.917166985183275,0.444113897443647,0.65073266649505,2,0,0
621,green,yellow,pink,blue,0.779002104978011,0.677104791787254,0.72649217790711,0.439786675847997,4,0,0
622,green,yellow,pink,blue,0.554891502982769,0.0139919334566796,0.562874407971107,0.956262028398237,4,0,0
623,green,yellow,pink,blue,0.88976603392183,0.792639516218479,0.909623982359194,0.129577108737937,4,0,0
624,green,yellow,pink,blue,0.0768116300997193,0.925865908766402,0.0394992129742625,0.759905285118811,2,0,0
625,green,yellow,pink,blue,0.565789897982141,0.0374341655191426,0.398769615993856,0.862328251874124,3,0,0
626,green,yellow,pink,blue,0.790158849381402,0.568603098191205,0.316915530143938,0.545753637981763,3,0,0
627,green,yellow,pink,blue,0.680998065854225,0.709244771831365,0.961837210031052,0.971204225871895,4,0,0
628,green,yellow,pink,blue,0.0272655824798824,0.523793018518667,0.670470506856587,0.978358357038596,2,0,1
629,green,yellow,pink,blue,0.673221707505729,0.985701928181045,0.278815676633734,0.0708096550499945,3,0,0
630,green,yellow,pink,blue,0.108081084671501,0.632002929365287,0.292942817410331,0.370996057665422,2,0,0
631,green,yellow,pink,blue,0.250644241495782,0.191698612523531,0.307244882490937,0.498821580461311,1,0,0
632,green,yellow,pink,blue,0.411531042227575,0.826350881833839,0.375007352327056,0.590995015727051,2,0,0
633,green,yellow,pink,blue,0.350766370598222,0.753229976937948,0.0523467468570425,0.680883511766683,2,0,0
634,green,yellow,pink,blue,0.785143110528462,0.397049434310897,0.886019157741956,0.497612627322269,4,0,0
635,green,yellow,pink,blue,0.358251538521301,0.383788102247049,0.397697317678869,0.235988779192229,1,0,0
636,green,yellow,pink,blue,0.90360904396006,0.67446816973177,0.00750222670947209,0.393522872383905,3,0,0
637,green,yellow,pink,blue,0.0524469998562378,0.0790505176212837,0.795290778590505,0.971009798362542,1,0,0
638,green,yellow,pink,blue,0.750427936449677,0.30910281513266,0.533374570384149,0.607315889536449,4,0,1
639,green,yellow,pink,blue,0.772128455745018,0.989916780890602,0.0504822921290548,0.0492536761267934,3,0,0
640,green,yellow,pink,blue,0.994178671815253,0.606358940591004,0.911889961905291,0.0084191710638255,4,0,0
641,green,yellow,pink,blue,0.792583386456265,0.28426370088547,0.585154882171096,0.362071594060804,4,0,0
642,green,yellow,pink,blue,0.433655498694845,0.37925547868247,0.267235471411384,0.271882538423606,1,0,0
643,green,yellow,pink,blue,0.795110825628849,0.936806227721855,0.910848006115558,0.827625222618788,4,0,0
644,green,yellow,pink,blue,0.223016959239192,0.0854223952410368,0.596778196185247,0.970104302290518,1,0,0
645,green,yellow,pink,blue,0.357290087547172,0.0768823499632367,0.726941791453839,0.632813334757528,1,0,0
646,green,yellow,pink,blue,0.621380140341842,0.081674647660045,0.621523315566377,0.622780437328941,4,0,0
647,green,yellow,pink,blue,0.962201050059117,0.386217339251795,0.0545772895928125,0.495237275777256,3,0,0
648,green,yellow,pink,blue,0.898189078118092,0.234405408336349,0.000342354136534995,0.878008088296427,3,0,0
649,green,yellow,pink,blue,0.422130276075026,0.18056012188926,0.0706602606193767,0.678919583965221,1,0,0
650,green,yellow,pink,blue,0.080417059013768,0.464643256426859,0.598635791097289,0.387040528325211,1,0,1
651,green,yellow,pink,blue,0.699442940425965,0.849365716474523,0.224739528298991,0.293058557591757,3,0,0
652,green,yellow,pink,blue,0.228873088407167,0.909251348475137,0.479599389410572,0.0120489086710025,2,0,1
653,green,yellow,pink,blue,0.12204973015901,0.640775907703952,0.680558885846985,0.737639513010719,2,0,0
654,green,yellow,pink,blue,0.722433282400607,0.392065679379333,0.240706843079226,0.256102461755388,3,0,0
655,green,yellow,pink,blue,0.17550704345079,0.691361059904738,0.950338685780871,0.191072563231977,2,0,0
656,green,yellow,pink,blue,0.194687370496384,0.994912099370566,0.705912886055812,0.757284230569601,2,0,0
657,green,yellow,pink,blue,0.962307481426521,0.602940607372372,0.405408229303278,0.942583789327627,3,0,0
658,green,yellow,pink,blue,0.974120099407732,0.188838595003158,0.641761827506074,0.0122267886046223,4,0,0
659,green,yellow,pink,blue,0.388470376688621,0.507957858769688,0.540195996923384,0.635903601764183,2,0,1
660,green,yellow,pink,blue,0.0816076946792398,0.980772970975647,0.184863785325231,0.47312524729303,2,0,0
661,green,yellow,pink,blue,0.491119149915595,0.62248739075669,0.0497083625223789,0.314817516605106,2,1,1
662,green,yellow,pink,blue,0.192113634253031,0.688962365991927,0.966858876419094,0.836523711963906,2,0,0
663,green,yellow,pink,blue,0.407255945930424,0.426575775339143,0.375530084582913,0.225656046601622,1,0,0
664,green,yellow,pink,blue,0.852680838735772,0.928922384121552,0.875596719400935,0.0741701034366984,4,0,0
665,green,yellow,pink,blue,0.212692398663917,0.180395347825682,0.910727809597877,0.456393886912446,1,0,0
666,green,yellow,pink,blue,0.258302486987298,0.129166191247499,0.934180501514148,0.183193830147354,1,0,0
667,green,yellow,pink,blue,0.647497532557109,0.612085076099047,0.38276267583481,0.205243255486335,3,0,0
668,green,yellow,pink,blue,0.679044556240221,0.228751195917134,0.244297525545013,0.782004379427191,3,0,0
669,green,yellow,pink,blue,0.421065638101156,0.971091154093092,0.777327416807879,0.865811013482846,2,0,0
670,green,yellow,pink,blue,0.466480468224462,0.651059819007204,0.817011385401461,0.99598700126367,2,1,1
671,green,yellow,pink,blue,0.935422755127344,0.067962296646475,0.588614263445959,0.0573254167947277,4,0,0
672,green,yellow,pink,blue,0.596168172501686,0.791585597389611,0.747782788909619,0.207529809471354,4,0,0
673,green,yellow,pink,blue,0.00857640268797449,0.298603591736736,0.507965909428771,0.0568956092246502,1,0,1
674,green,yellow,pink,blue,0.62106588745205,0.897702181030111,0.994173598225202,0.0583783906651668,4,0,0
675,green,yellow,pink,blue,0.351104249715828,0.235050267456135,0.803590247243265,0.173414348537228,1,0,0
676,green,yellow,pink,blue,0.0889927020677748,0.0200928358982712,0.12421660100561,0.920257911356215,1,0,0
677,green,yellow,pink,blue,0.767697095911279,0.955691077139689,0.966623650712151,0.280210724055434,4,0,0
678,green,yellow,pink,blue,0.481614641434439,0.0910680088284435,0.521330977317661,0.645181335175127,1,1,1
679,green,yellow,pink,blue,0.777927199165171,0.977430061548156,0.252782436613339,0.296656572700666,3,0,0
680,green,yellow,pink,blue,0.689468159997878,0.640188555220223,0.492636152215958,0.20924855334602,3,0,1
681,green,yellow,pink,blue,0.884006373261857,0.0281730337854279,0.948246701341413,0.892593237612295,4,0,0
682,green,yellow,pink,blue,0.553390715604821,0.421120106207688,0.506984852181534,0.887670457292423,4,0,1
683,green,yellow,pink,blue,0.597039285165639,0.781217831930488,0.158225863868129,0.461992520416851,3,0,0
684,green,yellow,pink,blue,0.192130671352323,0.84359450007905,0.948571549670848,0.46188396758938,2,0,0
685,green,yellow,pink,blue,0.0154363412204512,0.669416780004705,0.0263413500153147,0.203282188908809,2,0,0
686,green,yellow,pink,blue,0.527708531536202,0.139151217983597,0.898042082958158,0.0450691778696319,4,1,1
687,green,yellow,pink,blue,0.0828516931751628,0.247920060425237,0.95536278946364,0.433807051435691,1,0,0
688,green,yellow,pink,blue,0.551463195182894,0.388674396188653,0.557342632066838,0.888471639041117,4,0,0
689,green,yellow,pink,blue,0.645703336473137,0.999395636945608,0.885374308591029,0.720567668250413,4,0,0
690,green,yellow,pink,blue,0.0306422864427653,0.104825442800834,0.0156541188293248,0.823181925160707,1,0,0
691,green,yellow,pink,blue,0.160754093115944,0.757972876178085,0.4908574644639,0.711859548720785,2,0,1
692,green,yellow,pink,blue,0.0970287627951906,0.812973782546774,0.598915689774932,0.0782826884876484,2,0,0
693,green,yellow,pink,blue,0.971040494240774,0.782863001987254,0.675765573545745,0.77194849081299,4,0,0
694,green,yellow,pink,blue,0.360103119676436,0.288178729809197,0.553054069786928,0.811097740705802,1,0,0
695,green,yellow,pink,blue,0.559274759840346,0.498483378919462,0.882207418886107,0.298311768740961,4,0,1
696,green,yellow,pink,blue,0.872168621142433,0.194183204357722,0.369971305802309,0.225595930046447,3,0,0
697,green,yellow,pink,blue,0.992573920574161,0.439687952100801,0.982687928306707,0.356123649498366,4,0,0
698,green,yellow,pink,blue,0.6052604703274,0.561007965637809,0.189086943942331,0.258882380370463,3,0,0
699,green,yellow,pink,blue,0.231160330622842,0.483592489770497,0.651762230367648,0.735800147275682,1,0,1
700,green,yellow,pink,blue,0.78709071538829,0.811496078310654,0.0987426661406557,0.409679022732432,3,0,0
701,green,yellow,pink,blue,0.315059610179445,0.334790793376864,0.0910876018691565,0.350197045160483,1,0,0
702,green,yellow,pink,blue,0.109041174001333,0.169619198815049,0.0475854475323214,0.977813757545281,1,0,0
703,green,yellow,pink,blue,0.0318408886189016,0.0334653668528385,0.499569430553304,0.282419563198818,1,0,1
704,green,yellow,pink,blue,0.481533105248645,0.69771568457327,0.177227342176449,0.00340398011749032,2,1,1
705,green,yellow,pink,blue,0.564885385945214,0.193051111386043,0.595055781794838,0.944451182225851,4,0,0
706,green,yellow,pink,blue,0.997425460001668,0.425376450476631,0.457885913947258,0.444715408198792,3,0,1
707,green,yellow,pink,blue,0.641080020932317,0.345785691356715,0.49187804196515,0.129606888642955,3,0,1
708,green,yellow,pink,blue,0.813528653402453,0.030541221804362,0.475565550563876,0.435330070458896,3,0,1
709,green,yellow,pink,blue,0.243445731789755,0.961424696464873,0.336439798145369,0.217368200000716,2,0,0
710,green,yellow,pink,blue,0.799535171846421,0.769899052509829,0.432961181837079,0.125062508044836,3,0,0
711,green,yellow,pink,blue,0.165526822050319,0.827266901960637,0.0424033106275043,0.786932255340592,2,0,0
712,green,yellow,pink,blue,0.547653431633501,0.566445463229424,0.845730450725835,0.108586938743561,4,1,1
713,green,yellow,pink,blue,0.906637348772915,0.925823850462231,0.965763134943114,0.778330044005752,4,0,0
714,green,yellow,pink,blue,0.471519529846629,0.636850841694021,0.299581456927755,0.0845122805720536,2,1,1
715,green,yellow,pink,blue,0.652220961398308,0.321571758125013,0.441292087217722,0.352958855115193,3,0,0
716,green,yellow,pink,blue,0.674165550733814,0.0901985567226055,0.04659514487805,0.535846977578465,3,0,0
717,green,yellow,pink,blue,0.64633306336291,0.181622267012435,0.304452768581121,0.498142887123695,3,0,0
718,green,yellow,pink,blue,0.248440328707044,0.380543807247576,0.0971653746626827,0.415453086895713,1,0,0
719,green,yellow,pink,blue,0.662874052781408,0.960815861550373,0.681581664753501,0.388279322216216,4,0,0
720,green,yellow,pink,blue,0.108761824279093,0.384851277786845,0.303871031389733,0.96524241475834,1,0,0
