seqID,iSession,iRun,iTrial,stiID,feature1_name,feature2_name,feature3_name,feature4_name,feature1,feature2,feature3,feature4,category,ambiguous,miss,choice,presskey,rating,feedback,fixDU,choRT,rateRT,fdbDU
1,1,1,1,1,green,yellow,pink,blue,0.338540307617467,0.249531275589439,0.477226975418779,0.656601421582224,1,1,0,1,2,1,1,1.311,0.512,1.888,2.975
1,1,1,2,2,green,yellow,pink,blue,0.193323880727257,0.340363744753379,0.955913489733858,0.55547155083189,1,0,0,2,3,1,0.5,1.041,1.373,1.554,2.004
1,1,1,3,3,green,yellow,pink,blue,0.182550236718842,0.600126070319594,0.638884508750067,0.951751408155542,2,0,0,2,3,1,1,1.133,1.162,1.244,1.882
1,1,1,4,4,green,yellow,pink,blue,0.736529729451832,0.772264406378498,0.285717449112933,0.649631249371428,3,0,0,3,1,2,1,1.268,1.789,1.723,1.589
1,1,1,5,5,green,yellow,pink,blue,0.372588055010565,0.314297241599861,0.0839876034528789,0.684813055013724,1,0,0,2,3,2,0.5,1.475,4.632,2.33,1.242
1,1,1,6,6,green,yellow,pink,blue,0.667858827384855,0.545615197730496,0.711283365753476,0.135772361184586,4,1,0,4,4,1,1,1.479,2.493,0.941,1.162
1,1,1,7,7,green,yellow,pink,blue,0.620496807396374,0.000167333220274402,0.319220219016344,0.333971195463847,3,0,0,2,3,1,0,1.072,1.686,0.95,1.258
1,1,1,8,8,green,yellow,pink,blue,0.777020195962353,0.955800198159682,0.166473724211922,0.96209055528601,3,0,0,3,1,3,1,1.482,1.613,3.215,1.633
1,1,1,9,9,green,yellow,pink,blue,0.380615452356077,0.78251600563847,0.522987240270632,0.870633086768111,2,1,0,2,3,1,1,1.475,0.641,2.392,1.271
1,1,1,10,10,green,yellow,pink,blue,0.760644250042984,0.381570223641606,0.875618999723335,0.336988074376244,4,0,0,4,4,2,1,1.237,2.874,1.351,1.023
1,1,1,11,11,green,yellow,pink,blue,0.838391789117747,0.858345353961738,0.335890646698906,0.948998357808051,3,0,0,3,1,3,1,1.396,3.108,1.379,0.594
1,1,1,12,12,green,yellow,pink,blue,0.602709013562678,0.0831554573819205,0.875800907274642,0.441276481977924,4,0,0,1,2,3,0,1.064,0.296,2.035,1.169
1,1,1,13,13,green,yellow,pink,blue,0.281418491488066,0.858459047382738,0.0955347181010384,0.00265739565723289,2,0,0,1,2,3,0.5,1.205,2.24,0.845,1.154
1,1,1,14,14,green,yellow,pink,blue,0.150655375091456,0.376805873557448,0.421078492268306,0.913102638265413,1,0,0,2,3,1,0.5,1.454,2.976,1.211,0.817
1,1,1,15,15,green,yellow,pink,blue,0.693348700285336,0.611351033805061,0.136319284438865,0.291474836337739,3,0,0,3,1,2,1,1.392,0.352,1.87,0.755
1,1,1,16,16,green,yellow,pink,blue,0.757044097576085,0.83905846635311,0.567999560951486,0.622812243556119,4,0,0,1,2,2,0,1.476,3.626,0.815,0.746
1,1,1,17,17,green,yellow,pink,blue,0.60858867500497,0.747809997257011,0.103040891831042,0.651572314951661,3,0,0,3,1,3,1,1.323,1.179,1.009,0.371
1,1,1,18,18,green,yellow,pink,blue,0.635319193290866,0.80529598019842,0.792754487111617,0.888868229574326,4,0,0,1,2,1,0,1.01,1.547,2.21,0.708
1,1,1,19,19,green,yellow,pink,blue,0.854162597098904,0.487356690115702,0.706066266637805,0.576423571807912,4,1,0,1,2,1,0,1.42,1.186,0.692,0.537
1,1,1,20,20,green,yellow,pink,blue,0.839824250248795,0.239659340311907,0.238782862798406,0.751914802202189,3,0,0,3,1,1,1,1.463,0.336,0.851,0.443
1,1,1,21,21,green,yellow,pink,blue,0.404435093867519,0.36767295259649,0.952379627664773,0.819934006911178,1,0,0,1,2,1,1,1.334,0.888,3.5,2.011
1,1,1,22,22,green,yellow,pink,blue,0.510888498745883,0.357142096135755,0.370324906133733,0.733827784440533,3,1,0,1,2,1,0,1.374,4.104,0.719,0.497
1,1,1,23,23,green,yellow,pink,blue,0.986569246990042,0.523011178614968,0.789039117811581,0.185858357907612,4,1,0,4,4,1,1,1.367,1.712,1.003,0.401
1,1,1,24,24,green,yellow,pink,blue,0.337122320524509,0.479627198939952,0.418474674850211,0.969212765288818,1,1,0,2,3,1,0.5,1.19,1.328,1.217,0.601
1,1,1,25,25,green,yellow,pink,blue,0.686134119203102,0.507540584345851,0.316507760247758,0.326847594793022,3,1,0,1,2,2,0,1.323,7.117,0.749,0.473
1,1,1,26,26,green,yellow,pink,blue,0.725235744179621,0.0341359355628322,0.834202843911858,0.369464731354038,4,0,0,1,2,1,0,1.078,4.28,3.09,0.395
1,1,1,27,27,green,yellow,pink,blue,0.982506255172626,0.119313042046731,0.807252059818017,0.0819532909704777,4,0,0,4,4,1,1,1.348,1.163,2.161,0.419
1,1,1,28,28,green,yellow,pink,blue,0.973886172477944,0.996181048149038,0.801143335790506,0.64529843031441,4,0,0,1,2,2,0,1.008,4.782,1.332,0.617
1,1,1,29,29,green,yellow,pink,blue,0.300812376905953,0.14568796088802,0.173852804439967,0.127067779393876,1,0,0,1,2,1,1,1.132,0.594,0.842,0.661
1,1,1,30,30,green,yellow,pink,blue,0.204512657547971,0.950021798758643,0.848029479466423,0.090010040683454,2,0,0,4,4,1,0,1.015,2.238,0.84,0.45
1,1,1,31,31,green,yellow,pink,blue,0.302941199456475,0.390105922880454,0.971689901046317,0.597108864573855,1,0,0,3,1,1,0,1.041,5.414,2.868,0.403
1,1,1,32,32,green,yellow,pink,blue,0.434667453627807,0.744794302053674,0.377777407864368,0.20391776625318,2,0,0,4,4,1,0,1.407,1.615,0.964,0.372
1,1,1,33,33,green,yellow,pink,blue,0.570111446116527,0.401674661378228,0.563843574729314,0.112225977282465,4,0,0,4,4,1,1,1.343,0.872,1.525,0.579
1,1,1,34,34,green,yellow,pink,blue,0.386083709097766,0.210700100910222,0.71182244303753,0.766823341472693,1,0,0,2,3,1,0.5,1.152,2.59,0.929,0.564
1,1,1,35,35,green,yellow,pink,blue,0.0285651261531494,0.531843537956469,0.449532770399511,0.690362016333493,2,1,0,2,3,1,1,1.471,1.055,0.638,0.647
1,1,1,36,36,green,yellow,pink,blue,0.802741317660312,0.563799428772799,0.550908950917404,0.00200511048267649,4,0,0,2,3,1,0,1.01,1.302,0.445,0.54
1,1,2,37,37,green,yellow,pink,blue,0.104375789222493,0.598690167844827,0.529324053279458,0.296431550256506,2,1,0,4,4,2,0,1.213,1.109,1.295,1.254
1,1,2,38,38,green,yellow,pink,blue,0.0995955013579098,0.089013020615799,0.612860957513424,0.17124095619481,1,0,0,1,2,1,1,1.185,1.143,1.191,0.642
1,1,2,39,39,green,yellow,pink,blue,0.0781282036557939,0.353344113580975,0.22195439187123,0.73107151730749,1,0,0,4,4,1,0,1.378,3.316,1.576,1.706
1,1,2,40,40,green,yellow,pink,blue,0.0211465004028558,0.0863709225230821,0.754800233449589,0.96501559686499,1,0,0,2,3,1,0.5,1.393,3.189,1.453,1.847
1,1,2,41,41,green,yellow,pink,blue,0.243155199176024,0.664285843184594,0.490081147572976,0.981201878337786,2,1,0,2,3,1,1,1.086,2.968,5.072,0.644
1,1,2,42,42,green,yellow,pink,blue,0.273971029472466,0.782676781895452,0.863676262394078,0.204020618346124,2,0,0,1,2,1,0.5,1.239,1.326,1.021,1.379
1,1,2,43,43,green,yellow,pink,blue,0.673328248808855,0.875053347020122,0.449303071468478,0.217250380267658,3,0,0,4,4,1,0.5,1.217,2.877,0.919,1.514
1,1,2,44,44,green,yellow,pink,blue,0.548263790335234,0.79357609248907,0.0850005532883895,0.128146078685893,3,1,0,1,2,1,0,1.318,0.569,0.901,1.865
1,1,2,45,45,green,yellow,pink,blue,0.734902178071617,0.801159991328717,0.622339527862731,0.263512123168346,4,0,0,4,4,1,1,1.35,2.72,0.619,1.592
1,1,2,46,46,green,yellow,pink,blue,0.304924051515122,0.54318640403044,0.480623410518346,0.277144261142359,2,1,0,2,3,1,1,1.373,2.482,0.846,1.427
1,1,2,47,47,green,yellow,pink,blue,0.115177122259193,0.379372327969644,0.42120741313032,0.892623997819066,1,0,0,2,3,2,0.5,1.131,0.443,1.614,1.154
1,1,2,48,48,green,yellow,pink,blue,0.786071805568956,0.243030716653047,0.0430523534037094,0.807221626302438,3,0,0,3,1,2,1,1.335,1.575,7.86,0.89
1,1,2,49,49,green,yellow,pink,blue,0.097363208057821,0.694150222062143,0.0331232434958778,0.597434020539696,2,0,0,3,1,1,0,1.322,2.3,1.733,2.32
1,1,2,50,50,green,yellow,pink,blue,0.148284582469214,0.835934486478226,0.980925402439669,0.309388214773432,2,0,0,1,2,1,0.5,1.074,1.316,0.732,1.042
1,1,2,51,51,green,yellow,pink,blue,0.957556090234298,0.75068187966773,0.474626203316088,0.885318449454633,3,1,0,3,1,1,1,1.052,3.426,0.82,1.307
1,1,2,52,52,green,yellow,pink,blue,0.144791157673957,0.048293663116095,0.086721121230573,0.540935738707139,1,0,0,1,2,2,1,1.243,6.347,4.085,1.005
1,1,2,53,53,green,yellow,pink,blue,0.762150499210794,0.208487502261558,0.307281279900562,0.0863666770173886,3,0,0,4,4,2,0.5,1.476,3.033,1.829,1.066
1,1,2,54,54,green,yellow,pink,blue,0.495714205277787,0.514902773558037,0.407266865021864,0.767461186683123,2,1,0,2,3,1,1,1.164,4.019,0.51,0.669
1,1,2,55,55,green,yellow,pink,blue,0.644172553640729,0.753557700678155,0.995548465487242,0.918082544896002,4,0,0,2,3,2,0,1.287,0.879,1.259,5.536
1,1,2,56,56,green,yellow,pink,blue,0.456493627391345,0.238836307319485,0.267928371076376,0.776742520530591,1,1,0,3,1,1,0,1.105,3.67,0.823,1.861
1,1,2,57,57,green,yellow,pink,blue,0.519536201331106,0.474341682106941,0.453585445305823,0.149843374820798,3,1,0,4,4,2,0.5,1.371,4.732,1.602,0.964
1,1,2,58,58,green,yellow,pink,blue,0.468765954689914,0.810514305936315,0.0134801679307477,0.749981163933274,2,1,0,3,1,2,0,1.121,2.422,0.724,0.663
1,1,2,59,59,green,yellow,pink,blue,0.301121366366183,0.081104690847175,0.559778564180917,0.336687098395901,1,0,0,1,2,2,1,1.247,12.759,1.809,0.93
1,1,2,60,60,green,yellow,pink,blue,0.287553374242272,0.885378573724251,0.608418942695846,0.882221194022763,2,0,0,2,3,1,1,1.345,1.477,1.583,0.907
1,1,2,61,61,green,yellow,pink,blue,0.856245391116627,0.114017524797255,0.899118765110629,0.440914365799874,4,0,0,3,1,1,0.5,1.441,4.254,0.987,1.759
1,1,2,62,62,green,yellow,pink,blue,0.112271313079764,0.720166716205716,0.896562988144801,0.560827824350063,2,0,0,1,2,1,0.5,1.476,4.843,2.079,0.85
1,1,2,63,63,green,yellow,pink,blue,0.621108567330535,0.264367890715012,0.788830705412681,0.483150574654749,4,0,0,4,4,1,1,1.268,2.995,1.854,1.162
1,1,2,64,64,green,yellow,pink,blue,0.364722132285368,0.270783175619408,0.919435429132033,0.353445502080976,1,0,0,1,2,1,1,1.062,12.793,0.463,0.463
1,1,2,65,65,green,yellow,pink,blue,0.936584380146442,0.46694945019221,0.488552426117003,0.273065902091723,3,1,0,4,4,2,0.5,1.067,3.219,1.705,1.062
1,1,2,66,66,green,yellow,pink,blue,0.754717387302335,0.274862271755082,0.108992928450309,0.210785603192278,3,0,0,3,1,1,1,1.122,3.052,0.49,0.428
1,1,3,67,67,green,yellow,pink,blue,0.219957100956476,0.447704677137601,0.957666144786035,0.468181926500067,1,0,0,2,3,2,0.5,1.416,3.096,0.446,0.893
1,1,3,68,68,green,yellow,pink,blue,0.287562276828998,0.572195437914478,0.729621043377509,0.640487879832434,2,0,0,2,3,1,1,1.12,2.655,0.464,1.383
1,1,3,69,69,green,yellow,pink,blue,0.7015639893487,0.121598633825249,0.951896261827674,0.996194077289132,4,0,0,1,2,2,0,1.403,4.452,2.015,6.945
1,1,3,70,70,green,yellow,pink,blue,0.530021862915806,0.575529518292631,0.814773807512089,0.580541746599803,4,1,0,1,2,1,0,1.115,4.324,1.414,1.001
1,1,3,71,71,green,yellow,pink,blue,0.897899957742367,0.404230604051963,0.101199654870196,0.964436375604122,3,0,0,3,1,2,1,1.461,1.37,1.159,1.114
1,1,3,72,72,green,yellow,pink,blue,0.127056953890691,0.618305614105582,0.276763705265492,0.238285702056903,2,0,0,2,3,1,1,1.169,4.558,0.915,1.881
1,1,3,73,73,green,yellow,pink,blue,0.37787160659288,0.694622907018215,0.196708651954612,0.477664507703182,2,0,0,3,1,2,0,1.091,1.236,0.883,2.024
1,1,3,74,74,green,yellow,pink,blue,0.489044499319282,0.321712233194486,0.633163919069855,0.436839995930885,1,1,0,1,2,1,1,1.119,0.775,0.909,1.43
1,1,3,75,75,green,yellow,pink,blue,0.0798650258574817,0.545001492881026,0.442833538112252,0.383875684415037,2,1,0,2,3,1,1,1.303,3.664,0.898,1.11
1,1,3,76,76,green,yellow,pink,blue,0.611172612705356,0.168751439244483,0.0536676020384427,0.179227648693296,3,0,0,3,1,2,1,1.231,3.697,0.628,1.029
1,1,3,77,77,green,yellow,pink,blue,0.551476276252972,0.41123381713775,0.170605224264913,0.750391438203067,3,0,0,3,1,3,1,1.169,0.245,0.698,1.52
1,1,3,78,78,green,yellow,pink,blue,0.499841434094373,0.489464722196795,0.0359371711896007,0.253416912541172,1,1,0,3,1,3,0,1.411,0.499,1.048,1.096
1,1,3,79,79,green,yellow,pink,blue,0.914767507064846,0.684583197269554,0.899164229523606,0.922977061653135,4,0,0,1,2,1,0,1.287,1.606,1.009,2.6
1,1,3,80,80,green,yellow,pink,blue,0.841131563422315,0.148603486516948,0.762683151477588,0.310099186216144,4,0,0,1,2,1,0,1.269,4.537,7.79,0.889
1,1,3,81,81,green,yellow,pink,blue,0.383809910943029,0.971961747392607,0.951591098897774,0.584413339311815,2,0,0,2,3,1,1,1.455,3.728,2.986,0.636
1,1,3,82,82,green,yellow,pink,blue,0.955681690185346,0.500577151267434,0.586978826994628,0.112952048014391,4,1,0,4,4,3,1,1.136,0.878,1.489,0.673
1,1,3,83,83,green,yellow,pink,blue,0.842038084499628,0.932818165544831,0.361551365395791,0.508736154141371,3,0,0,3,1,2,1,1.374,1.433,1.248,0.632
1,1,3,84,84,green,yellow,pink,blue,0.88135040059712,0.4732584352661,0.698561630616361,0.85595066689521,4,1,0,3,1,1,0.5,1.372,3.427,0.684,1.026
1,1,3,85,85,green,yellow,pink,blue,0.469477769384897,0.937997655036378,0.881155494199879,0.741853689830892,2,1,0,2,3,2,1,1.184,0.454,0.845,0.45
1,1,3,86,86,green,yellow,pink,blue,0.595727527910202,0.999785923476787,0.105989207709199,0.169311238204767,3,0,0,3,1,2,1,1.278,5.496,0.624,0.765
1,1,3,87,87,green,yellow,pink,blue,0.672335851391435,0.131825708300722,0.409670818557396,0.511458285269348,3,0,0,4,4,2,0.5,1.03,1.144,0.567,0.732
1,1,3,88,88,green,yellow,pink,blue,0.633075963007514,0.755530926502715,0.189921142530413,0.988587942371461,3,0,0,3,1,4,1,1.019,0.38,4.17,0.921
1,1,3,89,89,green,yellow,pink,blue,0.0584011388033517,0.700360475427647,0.940783221335081,0.380867520174349,2,0,0,2,3,4,1,1.26,0.882,0.897,0.938
1,1,3,90,90,green,yellow,pink,blue,0.249337553732062,0.492849166645286,0.460865352687429,0.825729079657505,1,1,0,2,3,2,0.5,1.385,5.013,1.822,1.532
1,1,3,91,91,green,yellow,pink,blue,0.508444489010769,0.554451414163814,0.824349808539752,0.188160781810542,4,1,0,4,4,4,1,1.463,0.327,1.627,1.082
1,1,3,92,92,green,yellow,pink,blue,0.603165275117232,0.290318550426025,0.385799476108823,0.845108951835216,3,0,0,3,1,1,1,1.058,3.029,0.619,0.994
1,1,3,93,93,green,yellow,pink,blue,0.0333548619748134,0.278683557574123,0.618953458516499,0.872322340129482,1,0,0,2,3,3,0.5,1.279,2.951,5.858,0.854
1,1,3,94,94,green,yellow,pink,blue,0.317413360603382,0.420128596059343,0.500466249363283,0.327046879315903,1,1,0,1,2,3,1,1.229,1.634,0.586,0.708
1,1,3,95,95,green,yellow,pink,blue,0.534360414023599,0.891188582487199,0.417723862295388,0.735668165321065,3,1,0,3,1,2,1,0.998,0.177,0.468,0.451
1,1,3,96,96,green,yellow,pink,blue,0.299392823752563,0.0163484357899549,0.339367872080041,0.96778377101096,1,0,0,1,2,1,1,1.162,3.196,1.511,0.632
1,1,3,97,97,green,yellow,pink,blue,0.39661925122508,0.710117446423244,0.0341487072425715,0.286282965221524,2,0,0,3,1,2,0,1.074,10.14,0.587,3.52
1,1,3,98,98,green,yellow,pink,blue,0.0481873014709518,0.96741987665905,0.790179430645945,0.301214367375024,2,0,0,2,3,2,1,1.393,3.206,0.299,0.657
1,1,3,99,99,green,yellow,pink,blue,0.0202474369253686,0.484136627177461,0.346886759754267,0.277882750789198,1,1,0,2,3,2,0.5,1.149,1.818,0.377,1.429
1,1,4,100,100,green,yellow,pink,blue,0.842761933560642,0.539238072460923,0.0887159112737243,0.522326288265602,3,1,0,3,1,2,1,1.259,1.06,0.959,0.977
1,1,4,101,101,green,yellow,pink,blue,0.84987670664048,0.039103867047985,0.793073235251088,0.0326216097732698,4,0,0,4,4,2,1,1.076,0.586,2.277,0.826
1,1,4,102,102,green,yellow,pink,blue,0.22451774039969,0.23674723537888,0.0426539100194002,0.693827636987624,1,0,0,3,1,1,0,1.296,2.511,0.831,0.725
1,1,4,103,103,green,yellow,pink,blue,0.000691251223964462,0.770643059962927,0.757821413157917,0.767689984211554,2,0,0,2,3,3,1,1.125,0.042,1.214,1.033
1,1,4,104,104,green,yellow,pink,blue,0.904110478652394,0.763623243669191,0.68374779221879,0.0563179837846178,4,0,0,4,4,3,1,1.322,1.733,1.165,0.916
1,1,4,105,105,green,yellow,pink,blue,0.062247273690726,0.688784265709547,0.843163717660291,0.0534603932133541,2,0,0,2,3,2,1,1.34,0.707,0.885,0.914
1,1,4,106,106,green,yellow,pink,blue,0.795947944433113,0.501963365755429,0.393971562329176,0.558382754529527,3,1,0,1,2,1,0,1.369,2.181,0.897,1.106
1,1,4,107,107,green,yellow,pink,blue,0.958987707318927,0.674138123657053,0.643361046116861,0.671856368090389,4,0,0,3,1,1,0.5,1.219,0.627,1.072,1.149
1,1,4,108,108,green,yellow,pink,blue,0.015390951462697,0.110859226683083,0.0638249375414536,0.174218083582396,1,0,0,1,2,1,1,1.034,1.428,1.326,1.203
1,1,4,109,109,green,yellow,pink,blue,0.521554899641459,0.858007613022709,0.874841645454256,0.676709594235911,4,1,0,2,3,2,0,1.108,2.626,1.618,0.892
1,1,4,110,110,green,yellow,pink,blue,0.977114820099923,0.748403364873798,0.899366104710736,0.309944383390176,4,0,0,4,4,2,1,1.453,1.904,0.649,0.533
1,1,4,111,111,green,yellow,pink,blue,0.0478336053889375,0.0754059838251717,0.290935590141729,0.71236376172294,1,0,0,2,3,2,0.5,1.069,4.242,0.63,0.769
1,1,4,112,112,green,yellow,pink,blue,0.678077553853502,0.861694890020046,0.0562084053259748,0.258657465055,3,0,0,3,1,2,1,1.409,0.965,0.779,0.426
1,1,4,113,113,green,yellow,pink,blue,0.947626175530301,0.384827682518702,0.493854798269526,0.561051094060093,3,1,0,1,2,1,0,1.264,8.951,0.855,0.645
1,1,4,114,114,green,yellow,pink,blue,0.0999716004542859,0.218008537269885,0.113468487005104,0.340768576639366,1,0,0,3,1,2,0,1.494,0.856,1.334,0.669
1,1,4,115,115,green,yellow,pink,blue,0.475049829081837,0.674686110342458,0.322489875398822,0.655624631080674,2,1,0,3,1,1,0,1.032,3.927,2.106,0.649
1,1,4,116,116,green,yellow,pink,blue,0.545555122116302,0.99966956278375,0.564226165900427,0.450198926383195,4,1,0,4,4,2,1,1.215,4.063,0.562,0.579
1,1,4,117,117,green,yellow,pink,blue,0.20052635152566,0.122260143172182,0.665443828359254,0.626591762856134,1,0,0,1,2,2,1,1.046,0.505,1.038,0.502
1,1,4,118,118,green,yellow,pink,blue,0.534702363747072,0.330541424798944,0.595225194350357,0.349927952622915,4,1,0,2,3,2,0,1.477,2.898,0.487,0.595
1,1,4,119,119,green,yellow,pink,blue,0.0375489917649622,0.814047325024636,0.400026409622652,0.666530432728925,2,0,0,2,3,2,1,0.995,0.628,0.518,0.357
1,1,4,120,120,green,yellow,pink,blue,0.682099299165151,0.487602251083886,0.4650008345086,0.291283705880188,3,1,0,4,4,2,0.5,1.383,1.656,0.598,4.885
1,1,4,121,121,green,yellow,pink,blue,0.44175385558082,0.387259810549924,0.0148618795546149,0.615716120836888,1,0,0,3,1,2,0,1.404,2.17,0.502,6.374
1,1,4,122,122,green,yellow,pink,blue,0.157821147719836,0.171755803856694,0.722056307238265,0.875757305655547,1,0,0,2,3,2,0.5,1.43,4.808,0.902,1.91
1,1,4,123,123,green,yellow,pink,blue,0.0512069722368166,0.205818033319893,0.858351263404612,0.634016301952446,1,0,0,1,2,2,1,1.035,1.651,0.669,0.691
1,1,4,124,124,green,yellow,pink,blue,0.589650342234211,0.221706340786208,0.848740664406385,0.961539784839773,4,0,0,1,2,2,0,1.194,3.581,0.526,0.632
1,1,4,125,125,green,yellow,pink,blue,0.089555466605691,0.720818266518471,0.426533018874064,0.201285760180739,2,0,0,2,3,2,1,1.123,0.26,0.455,0.508
1,1,4,126,126,green,yellow,pink,blue,0.933380375418284,0.349900664494902,0.696995476133955,0.645875234324345,4,0,0,1,2,2,0,1.396,2.619,0.523,0.539
1,1,4,127,127,green,yellow,pink,blue,0.626472433490159,0.718616159738077,0.228207510813407,0.221898947653813,3,0,0,3,1,1,1,1.21,2.269,0.449,0.835
1,1,4,128,128,green,yellow,pink,blue,0.993227488154617,0.111763563743984,0.520542739111438,0.504126247146332,4,1,0,1,2,1,0,1.451,1.651,0.526,3.041
1,1,4,129,129,green,yellow,pink,blue,0.499170697750083,0.180536852737867,0.794893678081137,0.839645779669144,1,1,0,1,2,2,1,1.084,5.068,0.938,0.851
1,1,4,130,130,green,yellow,pink,blue,0.00979744802186644,0.444694340731438,0.705865576035973,0.404451828442501,1,0,0,2,3,4,0.5,1.125,1.217,2.131,3.316
1,1,4,131,131,green,yellow,pink,blue,0.416738770591671,0.793007289594686,0.717267704530187,0.62312071437956,2,0,0,2,3,2,1,1.066,1.956,0.521,0.489
1,1,4,132,132,green,yellow,pink,blue,0.388261200426783,0.477080753078152,0.996105859432297,0.55554545042013,1,1,0,2,3,2,0.5,1.061,0.826,0.386,0.788
1,1,4,133,133,green,yellow,pink,blue,0.573246435046335,0.103734112639369,0.342270101762748,0.901864053552871,3,0,0,1,2,1,0,1.43,4.992,0.699,1.099
1,1,4,134,134,green,yellow,pink,blue,0.421113601889941,0.835811352536394,0.912394321277311,0.600455239502299,2,0,0,2,3,2,1,1.284,0.586,0.361,0.387
1,1,4,135,135,green,yellow,pink,blue,0.804183855663699,0.212973099921052,0.694524411227614,0.8328455952076,4,0,0,1,2,1,0,1.269,1.082,0.831,0.531
1,1,4,136,136,green,yellow,pink,blue,0.325362479345754,0.62580613920724,0.140257043711863,0.307995897405883,2,0,0,3,1,1,0,1.065,0.445,0.762,1.323
1,1,4,137,137,green,yellow,pink,blue,0.748404682457325,0.621213927961415,0.546645863456801,0.235430339386225,4,1,0,4,4,2,1,1.422,0.144,1.454,1.521
1,1,5,138,138,green,yellow,pink,blue,0.0212446805726575,0.688523253354971,0.377403760074308,0.0210130990070254,2,0,0,2,3,2,1,1.306,2.269,0.865,1.482
1,1,5,139,139,green,yellow,pink,blue,0.292467903451276,0.522566360480932,0.550875264748901,0.290730974438544,2,1,0,2,3,1,1,1.169,0.87,1.323,1.01
1,1,5,140,140,green,yellow,pink,blue,0.0428176186137135,0.623878362393198,0.0502819592839449,0.35588809825489,2,0,0,2,3,2,1,1.251,3.769,2.699,1.086
1,1,5,141,141,green,yellow,pink,blue,0.763308169998469,0.267782636419939,0.304357864263666,0.992540702206073,3,0,0,3,1,1,1,1.195,2.628,0.714,2.134
1,1,5,142,142,green,yellow,pink,blue,0.953263580015324,0.480266382603371,0.0244439779266433,0.25721922517919,3,1,0,3,1,1,1,1.03,5.464,0.42,1.163
1,1,5,143,143,green,yellow,pink,blue,0.621989620438504,0.285380548464581,0.578654179141166,0.820483978745704,4,0,0,3,1,1,0.5,1.113,1.87,0.586,1.219
1,1,5,144,144,green,yellow,pink,blue,0.62452517671804,0.833763117845917,0.346637204367716,0.498607772101529,3,0,0,3,1,2,1,1.054,1.656,0.996,0.8
1,1,5,145,145,green,yellow,pink,blue,0.0215897125190708,0.182705424494592,0.337151634008127,0.757259636601291,1,0,0,2,3,2,0.5,1.085,7.514,0.76,1.257
1,1,5,146,146,green,yellow,pink,blue,0.962909270951095,0.899606337902421,0.0481408267490352,0.198191013102832,3,0,0,3,1,1,1,1.113,3.486,0.445,0.524
1,1,5,147,147,green,yellow,pink,blue,0.892866209948969,0.235315835589127,0.882321356074417,0.262171403149875,4,0,0,4,4,2,1,1.203,2.461,0.533,0.69
1,1,5,148,148,green,yellow,pink,blue,0.64162473307252,0.378689583294523,0.355267696913274,0.474667789660168,3,0,0,3,1,2,1,1.017,1.07,0.549,0.625
1,1,5,149,149,green,yellow,pink,blue,0.0232603671068843,0.216464152310722,0.911553160735135,0.832852785624495,1,0,0,2,3,4,0.5,1.447,0.135,0.576,0.813
1,1,5,150,150,green,yellow,pink,blue,0.861747635275829,0.440194054681589,0.108606257624124,0.580446846396006,3,0,0,3,1,2,1,1.469,0.458,1.158,0.59
1,1,5,151,151,green,yellow,pink,blue,0.945683967474158,0.825461203564709,0.652650891165218,0.953699897674851,4,0,0,3,1,3,0.5,1.24,0.638,0.592,1.249
1,1,5,152,152,green,yellow,pink,blue,0.975605579704272,0.521225004040071,0.417826957241728,0.453271230958324,3,1,0,3,1,2,1,1.239,8.768,0.797,0.659
1,1,5,153,153,green,yellow,pink,blue,0.289474192446924,0.000429104050255091,0.90335216882139,0.317204938452875,1,0,0,1,2,3,1,1.162,4.86,1.495,0.515
1,1,5,154,154,green,yellow,pink,blue,0.267802339589686,0.413192262561865,0.659072178144253,0.340585069476687,1,0,0,2,3,3,0.5,1.446,0.641,0.759,1.658
1,1,5,155,155,green,yellow,pink,blue,0.723187072203907,0.95944086219594,0.60800251163806,0.298214012196042,4,0,0,4,4,2,1,1.178,1.284,0.643,0.517
1,1,5,156,156,green,yellow,pink,blue,0.0944080937043432,0.457155860644452,0.493168025844074,0.819497861695302,1,1,0,2,3,3,0.5,1.048,0.846,0.505,0.653
1,1,5,157,157,green,yellow,pink,blue,0.454657984382246,0.676350537314789,0.56690212605405,0.040382859337652,2,1,0,4,4,3,0,1.386,3.092,0.764,2.818
1,1,5,158,158,green,yellow,pink,blue,0.421543015596265,0.744070440876563,0.275684209757311,0.784311515171387,2,0,0,3,1,2,0,1.189,8.21,0.5,1.806
1,1,5,159,159,green,yellow,pink,blue,0.646250292917057,0.289969926587659,0.9647522970349,0.87562942839485,4,0,0,1,2,2,0,1.114,1.404,0.328,1.53
1,1,5,160,160,green,yellow,pink,blue,0.485276890944539,0.640023613050598,0.474148259110298,0.615445627144968,2,1,0,1,2,2,0.5,1.196,4.21,0.392,0.689
1,1,5,161,161,green,yellow,pink,blue,0.425007231339202,0.606686785624506,0.570762859532861,0.613629248403932,2,0,0,2,3,2,1,1.041,0.661,0.38,0.461
1,1,5,162,162,green,yellow,pink,blue,0.510794020355734,0.0956653729095924,0.547675774593442,0.67203257285568,4,1,0,3,1,2,0.5,1.059,4.772,0.443,0.622
1,1,5,163,163,green,yellow,pink,blue,0.00941745073689071,0.813772697781808,0.0291647357646438,0.244933344271429,2,0,0,2,3,3,1,1.467,0.643,0.685,0.471
1,1,5,164,164,green,yellow,pink,blue,0.0705200756527239,0.970993486925641,0.193010688446559,0.420319471365186,2,0,0,2,3,4,1,1.474,0.587,0.915,0.54
1,1,5,165,165,green,yellow,pink,blue,0.231837135366134,0.575584482231486,0.776175996076,0.757387488159282,2,0,0,2,3,1,1,1.282,1.278,1.287,0.544
1,1,5,166,166,green,yellow,pink,blue,0.721065953724075,0.82178709073846,0.207860778813061,0.871989660904307,3,0,0,3,1,3,1,1.022,2.496,0.664,0.721
1,1,5,167,167,green,yellow,pink,blue,0.209111357798739,0.41151690607574,0.359637161621971,0.394368862402603,1,0,0,2,3,2,0.5,1.111,3.255,0.33,0.986
1,1,5,168,168,green,yellow,pink,blue,0.123086151946475,0.136074702093644,0.476912740396652,0.287915159754665,1,1,0,1,2,2,1,1.17,2.741,0.457,0.645
1,1,5,169,169,green,yellow,pink,blue,0.701810809823396,0.232634242365538,0.21930094911121,0.827275217515094,3,0,0,3,1,2,1,1.406,8.472,0.658,0.653
1,1,5,170,170,green,yellow,pink,blue,0.972114887167431,0.598639376452202,0.280787633283891,0.672420670375865,3,0,0,3,1,3,1,1,2.222,0.551,0.594
1,1,5,171,171,green,yellow,pink,blue,0.648918236870584,0.791691671508567,0.511820372518894,0.194295722454253,4,1,0,4,4,4,1,1.014,0.344,1.02,0.603
1,1,5,172,172,green,yellow,pink,blue,0.162508875472241,0.548755088038734,0.385772742830697,0.532302746224409,2,1,0,2,3,4,1,1.077,0.377,0.637,0.868
1,1,5,173,173,green,yellow,pink,blue,0.588614272262978,0.353751852394151,0.916076886948637,0.84620075980798,4,0,0,1,2,3,0,1.319,1.751,0.685,2.204
1,1,5,174,174,green,yellow,pink,blue,0.187498524303842,0.9078857854199,0.765821678540755,0.233687917531109,2,0,0,2,3,1,1,1.361,2.077,0.547,0.962
1,1,6,175,175,green,yellow,pink,blue,0.974450061375467,0.0995234878207738,0.414720240682288,0.0720337011426029,3,0,0,4,4,2,0.5,1.319,3.987,0.734,4.801
1,1,6,176,176,green,yellow,pink,blue,0.0817229412317192,0.488800201968612,0.0681598286428928,0.961350280605768,1,1,0,3,1,2,0,1.22,1.019,0.569,1.119
1,1,6,177,177,green,yellow,pink,blue,0.268948205200087,0.503125366639571,0.588133791945839,0.652217574827592,2,1,0,2,3,2,1,1.268,0.29,0.626,0.388
1,1,6,178,178,green,yellow,pink,blue,0.546343169307855,0.829616483803612,0.0967900005496725,0.322537726537895,3,1,0,3,1,2,1,1.142,0.257,0.414,0.536
1,1,6,179,179,green,yellow,pink,blue,0.391341797813483,0.522009037772081,0.806284674304798,0.356047793000191,2,1,0,2,3,2,1,1.368,1.264,0.395,0.604
1,1,6,180,180,green,yellow,pink,blue,0.916507151987603,0.410024343307254,0.177425167577441,0.0734320718101038,3,0,0,4,4,2,0.5,1.087,1.248,0.525,0.73
1,1,6,181,181,green,yellow,pink,blue,0.198291274908296,0.0892226513301917,0.513056438846124,0.489615258161855,1,1,0,1,2,1,1,1.338,4.508,0.804,0.905
1,1,6,182,182,green,yellow,pink,blue,0.715579467098455,0.219424006015551,0.361591378064656,0.656800038136361,3,0,0,3,1,2,1,1.085,1.081,0.445,0.724
1,1,6,183,183,green,yellow,pink,blue,0.439149448196326,0.666578690207697,0.0305008982712959,0.404445533439215,2,0,0,3,1,2,0,1.178,0.316,0.52,5.491
1,1,6,184,184,green,yellow,pink,blue,0.280709761569576,0.0345299393027649,0.442247800644018,0.979466002872859,1,0,0,1,2,2,1,1.308,2.516,0.353,0.489
1,1,6,185,185,green,yellow,pink,blue,0.725935463015162,0.0883308940443718,0.830718727614233,0.0724979960217986,4,0,0,4,4,2,1,1.386,1.661,0.581,0.491
1,1,6,186,186,green,yellow,pink,blue,0.926968324410014,0.350803873684119,0.269351916415208,0.522647701897386,3,0,0,3,1,4,1,1.033,0.365,0.668,0.507
1,1,6,187,187,green,yellow,pink,blue,0.321946637990242,0.75442947201363,0.134720671839186,0.990524260099225,2,0,0,3,1,4,0,1.461,1.674,0.618,2.113
1,1,6,188,188,green,yellow,pink,blue,0.00553139942148795,0.499140875736004,0.878136074852676,0.364289451964373,1,1,0,2,3,5,0.5,1.383,3.422,0.628,1.898
1,1,6,189,189,green,yellow,pink,blue,0.469013404318293,0.437786627221113,0.835637044328276,0.717297929946476,1,1,0,1,2,2,1,1.238,2.626,0.737,0.619
1,1,6,190,190,green,yellow,pink,blue,0.951249764042261,0.689938183152246,0.705188300324361,0.0720648284830373,4,0,0,4,4,5,1,1.212,0.362,0.393,0.49
1,1,6,191,191,green,yellow,pink,blue,0.153500899502955,0.249320362633346,0.51510595702138,0.95369204703837,1,1,0,1,2,2,1,1.217,1.021,0.751,0.476
1,1,6,192,192,green,yellow,pink,blue,0.59831597465788,0.568233013995844,0.000308466324348666,0.323766224505869,3,0,0,3,1,2,1,1.147,1.702,0.494,0.404
1,1,6,193,193,green,yellow,pink,blue,0.41879393213882,0.993536921197957,0.224219497525221,0.660520331256957,2,0,0,3,1,3,0,1.249,0.558,0.425,0.572
1,1,6,194,194,green,yellow,pink,blue,0.696354708507402,0.918799384078435,0.176941016960446,0.159725452707811,3,0,0,3,1,1,1,1.25,0.157,1.165,0.505
1,1,6,195,195,green,yellow,pink,blue,0.408376062933713,0.30142349770633,0.177726437303396,0.770870192699286,1,0,0,3,1,2,0,1.404,3.474,0.49,1.986
1,1,6,196,196,green,yellow,pink,blue,0.113704331887471,0.291563454619976,0.855110569346739,0.687714804437416,1,0,0,2,3,1,0.5,1.393,1.478,0.489,0.579
1,1,6,197,197,green,yellow,pink,blue,0.629415716893116,0.095397052935395,0.547589946437514,0.406658873226144,4,1,0,1,2,2,0,1.317,0.794,0.437,0.554
1,1,6,198,198,green,yellow,pink,blue,0.339421255837886,0.0744811582944699,0.850193260840093,0.139045623024785,1,0,0,1,2,3,1,1.183,0.007,0.878,0.931
1,1,6,199,199,green,yellow,pink,blue,0.914260136598857,0.940933365395441,0.584950772896706,0.0267680823336874,4,0,0,4,4,5,1,1.401,0.685,0.377,0.643
1,1,6,200,200,green,yellow,pink,blue,0.68966356911161,0.898787324696395,0.0782652755480596,0.297142541270491,3,0,0,3,1,3,1,1.261,0.442,0.96,0.514
1,1,6,201,201,green,yellow,pink,blue,0.655163739629766,0.0785721457651634,0.952552638180115,0.751826134205353,4,0,0,3,1,1,0.5,1.169,0.669,1.497,0.907
1,1,6,202,202,green,yellow,pink,blue,0.819231803333711,0.548688286371965,0.803338457905012,0.522067740310565,4,1,0,3,1,2,0.5,1.466,2.557,0.403,0.671
1,1,6,203,203,green,yellow,pink,blue,0.397899414623038,0.464617785802127,0.497693543899801,0.161461933035072,1,1,0,4,4,2,0,1.434,2.484,0.535,1.392
1,1,6,204,204,green,yellow,pink,blue,0.599900448218257,0.373943992246791,0.235348741177167,0.784062555155544,3,0,0,3,1,1,1,1.27,3.449,2.769,0.606
1,1,6,205,205,green,yellow,pink,blue,0.677483462120784,0.333143296318585,0.909738529009204,0.886572162118455,4,0,0,3,1,2,0.5,1.306,1.132,0.812,0.675
1,1,6,206,206,green,yellow,pink,blue,0.485029789057692,0.640548500686138,0.754866527668058,0.633036652860583,2,1,0,2,3,1,1,1.288,2.326,1.028,0.929
1,1,6,207,207,green,yellow,pink,blue,0.77149531287205,0.88616057522307,0.491863180952732,0.437772686175636,3,1,0,3,1,2,1,1.097,4.532,0.29,0.484
1,1,6,208,208,green,yellow,pink,blue,0.586190129936105,0.0296670971059561,0.431114786775608,0.191656553955434,3,0,0,4,4,2,0.5,1.144,2.19,0.4,0.764
1,1,6,209,209,green,yellow,pink,blue,0.646080166470748,0.641547417359933,0.524354239570002,0.256276852752218,4,1,0,4,4,2,1,1.23,5.241,0.574,0.584
1,1,6,210,210,green,yellow,pink,blue,0.573209866828027,0.674447942134463,0.848040846620539,0.274206685021626,4,0,0,4,4,4,1,1.108,1.706,1.53,0.508
1,1,6,211,211,green,yellow,pink,blue,0.0547300353880555,0.993530648593533,0.635283493329391,0.211650692453436,2,0,0,2,3,2,1,1.418,2.597,0.365,0.502
1,1,6,212,212,green,yellow,pink,blue,0.698584172582958,0.459255689117154,0.686448290433253,0.399110216647242,4,1,0,4,4,1,1,1.09,2.387,0.747,0.547
1,1,6,213,213,green,yellow,pink,blue,0.309735403713033,0.118165304211256,0.417798184115854,0.681626957803127,1,0,0,1,2,1,1,1.106,4.98,1.062,0.574
1,1,6,214,214,green,yellow,pink,blue,0.981006978628823,0.8669763396728,0.609429819443265,0.358104159488607,4,0,0,3,1,1,0.5,1.078,6.776,0.992,0.647
1,1,7,215,215,green,yellow,pink,blue,0.391259080877989,0.596146732001738,0.0248068387937026,0.829396757937213,2,0,0,3,1,2,0,1.107,1.625,0.954,1.689
1,1,7,216,216,green,yellow,pink,blue,0.338148791161737,0.824443114949651,0.73775785289478,0.803082241741543,2,0,0,2,3,2,1,1.212,2.363,0.917,0.42
1,1,7,217,217,green,yellow,pink,blue,0.550004469082184,0.948908447511912,0.568492742091306,0.533462463478748,4,0,0,3,1,2,0.5,1.149,1.433,0.373,0.714
1,1,7,218,218,green,yellow,pink,blue,0.442637610901032,0.136740157186985,0.713862624572663,0.296645573563707,1,0,0,4,4,2,0,1.458,1.82,0.514,0.523
1,1,7,219,219,green,yellow,pink,blue,0.880551391736888,0.209605519554242,0.947221020176013,0.235909728259851,4,0,0,1,2,2,0,1.209,1.47,0.332,0.438
1,1,7,220,220,green,yellow,pink,blue,0.0198713755711805,0.605846147354608,0.314900486793957,0.556009506985028,2,0,0,2,3,2,1,1.085,8.17,0.493,0.442
1,1,7,221,221,green,yellow,pink,blue,0.310508628426588,0.630797886130188,0.494805107058589,0.152669661405213,2,1,0,4,4,3,0,1.448,0.845,0.362,1.116
1,1,7,222,222,green,yellow,pink,blue,0.192257798912455,0.384776183682032,0.368042529970532,0.822077425978559,1,0,0,2,3,2,0.5,1.486,2.584,0.463,0.656
1,1,7,223,223,green,yellow,pink,blue,0.107580697415942,0.212622503785043,0.854294444553012,0.979785749050459,1,0,0,3,1,2,0,1.213,3.354,0.53,0.458
1,1,7,224,224,green,yellow,pink,blue,0.659201983139141,0.136229313698239,0.620167436740497,0.898357351644078,4,0,0,3,1,2,0.5,1.048,3.719,0.258,0.474
1,1,7,225,225,green,yellow,pink,blue,0.805422584102182,0.693102268425662,0.126825642809761,0.0072843394791543,3,0,0,4,4,2,0.5,1.122,7.996,0.368,0.569
1,1,7,226,226,green,yellow,pink,blue,0.720101459966807,0.697732319096022,0.585500110960001,0.713248490613174,4,0,0,3,1,2,0.5,1.198,2.033,0.479,0.489
1,1,7,227,227,green,yellow,pink,blue,0.141203332857417,0.36904191065388,0.482244145462683,0.56824666637604,1,1,0,2,3,2,0.5,1.292,0.642,2.738,0.44
1,1,7,228,228,green,yellow,pink,blue,0.647561124226256,0.0288547930870174,0.944234719759941,0.0582511418011041,4,0,0,3,1,2,0.5,1.124,1.411,0.486,3.33
1,1,7,229,229,green,yellow,pink,blue,0.438031116227958,0.814229872121176,0.904509568030878,0.301908713121245,2,0,0,2,3,1,1,1.296,5.958,1.082,0.524
1,1,7,230,230,green,yellow,pink,blue,0.456544743289931,0.786478731019908,0.735767348080118,0.166619623627334,2,1,0,2,3,2,1,1.351,1.592,0.596,0.649
1,1,7,231,231,green,yellow,pink,blue,0.176016143260105,0.0614561624305613,0.322446418107768,0.164857691552845,1,0,0,1,2,1,1,1.104,2.654,0.45,0.466
1,1,7,232,232,green,yellow,pink,blue,0.757660589180371,0.518215002423302,0.703541930643015,0.888142427185544,4,1,0,3,1,1,0.5,1.051,4.867,0.345,0.634
1,1,7,233,233,green,yellow,pink,blue,0.0221543106839569,0.647704054375564,0.964157114264451,0.883743802517136,2,0,0,2,3,3,1,1.142,0.799,0.793,0.454
1,1,7,234,234,green,yellow,pink,blue,0.311619666608821,0.879104969276318,0.0811985760036679,0.0170168148029383,2,0,0,4,4,1,0,1.153,5.95,0.427,0.578
1,1,7,235,235,green,yellow,pink,blue,0.654689099584683,0.305368686286325,0.430243166106025,0.724840245535697,3,0,0,3,1,1,1,1.206,13.145,0.658,0.47
1,1,7,236,236,green,yellow,pink,blue,0.341494423472625,0.89730169448814,0.230251808028046,0.827168665670079,2,0,0,3,1,2,0,1.248,3.711,0.407,0.723
1,1,7,237,237,green,yellow,pink,blue,0.745201196381641,0.537209167597301,0.792129285144313,0.556430641139199,4,1,0,4,4,1,1,1.035,4.939,0.54,0.425
1,1,7,238,238,green,yellow,pink,blue,0.371598025980841,0.34869581768696,0.404076000549168,0.125037633044316,1,0,0,4,4,2,0,1.125,1.858,0.341,0.532
1,1,7,239,239,green,yellow,pink,blue,0.541625166155144,0.788540542935683,0.0748984482347533,0.108096573353426,3,1,0,3,1,1,1,1.396,4.322,0.458,0.469
1,1,7,240,240,green,yellow,pink,blue,0.843424852977555,0.25911594537353,0.131434122084705,0.194286007455814,3,0,0,3,1,1,1,1.007,2.6,0.531,0.403
1,1,7,241,241,green,yellow,pink,blue,0.587442221798052,0.247715350315913,0.328651991839486,0.272189427051855,3,0,0,3,1,1,1,1.461,2.883,0.475,0.436
1,1,7,242,242,green,yellow,pink,blue,0.318035733367904,0.704795854241041,0.883472899302132,0.515749491015035,2,0,0,2,3,1,1,1.36,1.622,0.549,0.408
1,1,7,243,243,green,yellow,pink,blue,0.460923210514438,0.25709406556757,0.501969478036505,0.631144234291827,1,1,0,1,2,2,1,1.239,2.423,0.484,0.336
1,1,7,244,244,green,yellow,pink,blue,0.401679742887662,0.69108640709644,0.47723448617208,0.686116071603089,2,1,0,2,3,2,1,1.284,5.466,0.283,0.396
1,1,7,245,245,green,yellow,pink,blue,0.833650336980721,0.466506335084132,0.812813303315274,0.438745036915054,4,1,0,4,4,1,1,1.112,2.454,1.041,0.613
1,1,7,246,246,green,yellow,pink,blue,0.368734550776626,0.184752674234459,0.343792680158568,0.778490725559285,1,0,0,1,2,3,1,1.224,6.895,0.493,0.378
1,1,7,247,247,green,yellow,pink,blue,0.995223240466101,0.37528878344427,0.802002458555924,0.8219386863015,4,0,0,1,2,1,0,1.478,3.241,0.492,0.469
1,1,7,248,248,green,yellow,pink,blue,0.720728254957289,0.463916553124556,0.211364039599316,0.340447626385598,3,1,0,3,1,3,1,1.268,2.922,0.435,0.361
1,1,7,249,249,green,yellow,pink,blue,0.0342109514844649,0.119274322394627,0.486842966103833,0.937985016721272,1,1,0,2,3,3,0.5,1.255,0.567,0.616,1.461
1,1,7,250,250,green,yellow,pink,blue,0.894881611725267,0.041867485730744,0.447479250281142,0.456823017967587,3,0,0,3,1,1,1,1.109,6.033,0.375,0.457
1,1,8,251,251,green,yellow,pink,blue,0.0643147501114884,0.553645956179288,0.0177470149067908,0.433999676461988,2,0,0,2,3,1,1,1.239,9.297,0.272,0.752
1,1,8,252,252,green,yellow,pink,blue,0.372072652494349,0.455696873453094,0.847621271968786,0.197332227053767,1,1,0,4,4,2,0,1.307,5.626,0.389,0.588
1,1,8,253,253,green,yellow,pink,blue,0.48046186984405,0.196637677647392,0.309310511944469,0.816628460566448,1,1,0,1,2,1,1,1.335,8.848,0.489,0.405
1,1,8,254,254,green,yellow,pink,blue,0.282716264305155,0.907320210364131,0.043023917508473,0.0413171425664597,2,0,0,3,1,2,0,1.192,4.983,0.491,0.523
1,1,8,255,255,green,yellow,pink,blue,0.469113678549483,0.844681632209763,0.970506389605552,0.795840744396912,2,1,0,2,3,4,1,1.177,0.453,0.373,0.37
1,1,8,256,256,green,yellow,pink,blue,0.595738818915233,0.821930458544947,0.153393255770457,0.32987912945838,3,0,0,3,1,2,1,1.49,1.348,0.207,0.316
1,1,8,257,257,green,yellow,pink,blue,0.342087714533235,0.25544861770844,0.454691984962402,0.398853001908667,1,1,0,1,2,4,1,1.011,0.947,0.586,0.371
1,1,8,258,258,green,yellow,pink,blue,0.0814800333118702,0.250509539910404,0.315553774054887,0.829808530581507,1,0,0,2,3,4,0.5,1.438,0.919,0.394,2.818
1,1,8,259,259,green,yellow,pink,blue,0.312952895122042,0.329913060668172,0.57749366152598,0.796654858214033,1,0,0,1,2,1,1,1.453,1.498,0.7,0.475
1,1,8,260,260,green,yellow,pink,blue,0.854993926476951,0.0848887705385388,0.896753652414134,0.891372487398276,4,0,0,3,1,1,0.5,1.394,4.037,0.752,0.466
1,1,8,261,261,green,yellow,pink,blue,0.03728791118055,0.780156019769784,0.560795677817072,0.199397992244494,2,0,0,2,3,2,1,1.042,10.973,0.988,0.346
1,1,8,262,262,green,yellow,pink,blue,0.197909178176661,0.916171959087369,0.621695185414089,0.0655781480409388,2,0,0,2,3,2,1,1.124,3.979,0.454,0.394
1,1,8,263,263,green,yellow,pink,blue,0.834434709927678,0.86241410971246,0.924884676843372,0.171108246981093,4,0,0,4,4,5,1,1.161,0.686,0.354,0.387
1,1,8,264,264,green,yellow,pink,blue,0.768703121666016,0.948478925530768,0.959235822488421,0.125611632720835,4,0,0,4,4,5,1,1.335,0.279,0.391,0.427
1,1,8,265,265,green,yellow,pink,blue,0.691653426812219,0.214965031453538,0.458581759210521,0.00612744966076251,3,1,0,4,4,5,0.5,1.061,1.202,0.349,0.49
1,1,8,266,266,green,yellow,pink,blue,0.674711924724342,0.53847913913396,0.362051011235572,0.268656410414011,3,1,0,3,1,1,1,1.356,7.306,0.315,0.413
1,1,8,267,267,green,yellow,pink,blue,0.816178846496069,0.311679992805556,0.488689514233846,0.158796020356935,3,1,0,4,4,1,0.5,1.046,2.935,1.179,1.335
1,1,8,268,268,green,yellow,pink,blue,0.898138207563804,0.553292154370328,0.588873565944321,0.183541401416826,4,0,0,4,4,2,1,1.322,3.892,0.367,0.36
1,1,8,269,269,green,yellow,pink,blue,0.203710936577485,0.439365424923848,0.978902855127183,0.166080280050093,1,0,0,2,3,3,0.5,1.241,6.55,0.531,0.398
1,1,8,270,270,green,yellow,pink,blue,0.594379997008371,0.713808448960461,0.814344700649573,0.251438593340223,4,0,0,4,4,1,1,1.385,0.853,0.295,0.331
1,1,8,271,271,green,yellow,pink,blue,0.99972274744812,0.71696296437082,0.75279322296018,0.338536828923252,4,0,0,4,4,3,1,1.353,0.326,0.361,0.347
1,1,8,272,272,green,yellow,pink,blue,0.882411385233915,0.0163644224935159,0.78153550316246,0.384803325138775,4,0,0,3,1,1,0.5,1.448,2.951,0.344,0.441
1,1,8,273,273,green,yellow,pink,blue,0.622867482087517,0.26426201135391,0.683123625202461,0.092660528958277,4,0,0,4,4,3,1,1.441,0.245,0.722,0.37
1,1,8,274,274,green,yellow,pink,blue,0.345160089735124,0.759197464192377,0.719206190177047,0.525425094933237,2,0,0,2,3,4,1,1.161,0.589,0.517,0.332
1,1,8,275,275,green,yellow,pink,blue,0.69332375742161,0.275525471421932,0.685788635737664,0.854251839333879,4,0,0,1,2,3,0,1.344,1.238,0.42,1.163
1,1,8,276,276,green,yellow,pink,blue,0.63396613292098,0.7768740519789,0.388425948922535,0.219323930335362,3,0,0,4,4,2,0.5,1.092,6.851,0.534,0.662
1,1,8,277,277,green,yellow,pink,blue,0.523340389659153,0.61356043963958,0.364111691386964,0.461103462542701,3,1,0,3,1,2,1,1.008,0.606,0.44,0.411
1,1,8,278,278,green,yellow,pink,blue,0.236134751814395,0.799308464411881,0.0637210216414364,0.70533196916917,2,0,0,3,1,1,0,1.367,0.503,1.339,0.474
1,1,8,279,279,green,yellow,pink,blue,0.264790391944757,0.906639997186066,0.466694660007408,0.195956338195037,2,1,0,2,3,2,1,1.244,1.714,0.699,0.372
1,1,8,280,280,green,yellow,pink,blue,0.851888258163744,0.793262450491281,0.169038475157924,0.807874704714802,3,0,0,3,1,5,1,1.234,0.037,0.696,0.47
1,1,8,281,281,green,yellow,pink,blue,0.927010185253489,0.752006328871478,0.420407744855837,0.308682551224015,3,0,0,3,1,2,1,1.448,3.782,0.406,0.371
1,1,8,282,282,green,yellow,pink,blue,0.305897379753243,0.00616810022412978,0.648987347178585,0.615740507989404,1,0,0,1,2,3,1,1.3,0.819,0.374,0.327
1,1,8,283,283,green,yellow,pink,blue,0.920257169353184,0.397425135540337,0.176687938716419,0.096567690491059,3,0,0,4,4,1,0.5,1.304,2.175,0.756,0.504
1,1,8,284,284,green,yellow,pink,blue,0.655905027246276,0.183703691535506,0.483946700270286,0.65945841634941,3,1,0,1,2,1,0,1.426,6.782,0.59,0.612
1,1,8,285,285,green,yellow,pink,blue,0.116887437237019,0.326973230761958,0.501204340748472,0.984386197990082,1,1,0,2,3,3,0.5,1.398,0.345,0.306,1.298
1,1,8,286,286,green,yellow,pink,blue,0.529655294731689,0.892072966000046,0.373219124089781,0.529220328069023,3,1,0,3,1,1,1,1.283,4.325,0.404,0.362
1,1,8,287,287,green,yellow,pink,blue,0.304366163730741,0.347531973095287,0.742246192701355,0.581572487638739,1,0,0,1,2,1,1,1.084,3.931,0.282,0.355
1,1,8,288,288,green,yellow,pink,blue,0.129970802977679,0.910967526727663,0.597329274084864,0.363439868967764,2,0,0,2,3,3,1,1.113,0.333,0.371,0.302
1,1,9,289,289,green,yellow,pink,blue,0.393401786989187,0.95572865544353,0.464051781640348,0.30269264829919,2,1,0,4,4,1,0,1.439,2.576,0.403,1.667
1,1,9,290,290,green,yellow,pink,blue,0.29642924242682,0.77178323898633,0.326819459442533,0.0038827895082777,2,0,0,4,4,2,0,1.007,0.456,0.571,0.916
1,1,9,291,291,green,yellow,pink,blue,0.412346004192867,0.56146614509141,0.992346529865557,0.23075622597143,2,0,0,2,3,1,1,1.239,4.52,0.948,3.357
1,1,9,292,292,green,yellow,pink,blue,0.634486647223782,0.0906488553433871,0.983072456837504,0.999835291839077,4,0,0,1,2,2,0,1.077,2.121,1.489,1.39
1,1,9,293,293,green,yellow,pink,blue,0.296372833538327,0.00538069319730283,0.228207259223414,0.860009760344221,1,0,0,1,2,2,1,1.486,1.937,0.712,0.486
1,1,9,294,294,green,yellow,pink,blue,0.796783006829387,0.967746092253353,0.492961021351484,0.206248299253903,3,1,0,4,4,3,0.5,1.352,0.263,0.531,0.845
1,1,9,295,295,green,yellow,pink,blue,0.509273605512033,0.439277054241266,0.18232116248043,0.0380374690648256,3,1,0,3,1,2,1,1.245,2.618,0.35,0.416
1,1,9,296,296,green,yellow,pink,blue,0.516663918704863,0.617617450172325,0.377403486799888,0.5838089863325,3,1,0,3,1,2,1,1.23,0.777,0.72,0.435
1,1,9,297,297,green,yellow,pink,blue,0.259578530344315,0.132470131795981,0.376699707592393,0.665665860343939,1,0,0,1,2,1,1,1.022,6.241,0.773,0.428
1,1,9,298,298,green,yellow,pink,blue,0.851612368301156,0.258911183658813,0.196196894761999,0.269286870390448,3,0,0,3,1,2,1,1.336,7.014,0.325,0.374
1,1,9,299,299,green,yellow,pink,blue,0.734054046987426,0.936548497327111,0.825806093861625,0.323173580294193,4,0,0,4,4,5,1,1.014,1.273,0.366,0.411
1,1,9,300,300,green,yellow,pink,blue,0.973220121891979,0.395557091453214,0.323249536265641,0.794474485734686,3,0,0,3,1,4,1,1.028,0.132,0.457,0.344
1,1,9,301,301,green,yellow,pink,blue,0.123235178300937,0.743807960050254,0.105638672808888,0.662919407009602,2,0,0,2,3,4,1,1.255,0.039,0.51,0.338
1,1,9,302,302,green,yellow,pink,blue,0.473057364592467,0.760967133046917,0.419573500650533,0.499452740408287,2,1,0,2,3,4,1,1.041,3.022,0.336,0.341
1,1,9,303,303,green,yellow,pink,blue,0.412287869385811,0.429799752544269,0.257037383592945,0.730602612659237,1,0,0,2,3,4,0.5,1.405,0.986,0.35,1.027
1,1,9,304,304,green,yellow,pink,blue,0.758166539195163,0.112639363064882,0.485870821453219,0.992072377780481,3,1,0,1,2,1,0,1.404,1.306,0.622,0.444
1,1,9,305,305,green,yellow,pink,blue,0.878282701372974,0.512789525650663,0.971861759129652,0.488895789653908,4,1,0,4,4,2,1,1.356,3.523,0.394,0.386
1,1,9,306,306,green,yellow,pink,blue,0.671964351618877,0.762232163653571,0.731421382344204,0.56240354147175,4,0,0,4,4,2,1,1.068,6.091,0.674,0.381
1,1,9,307,307,green,yellow,pink,blue,0.577963112992844,0.579572677674114,0.414667675826577,0.330065565344727,3,0,0,4,4,2,0.5,1.325,2.05,0.568,0.597
1,1,9,308,308,green,yellow,pink,blue,0.532730603832158,0.323306521375907,0.954191022265546,0.818948780857856,4,1,0,1,2,1,0,1.254,1.697,0.348,0.404
1,1,9,309,309,green,yellow,pink,blue,0.923281144646782,0.339222451690732,0.937310584476078,0.421131305200151,4,0,0,4,4,2,1,1.483,3.156,0.224,0.34
1,1,9,310,310,green,yellow,pink,blue,0.0583134137151545,0.495153347488615,0.760483655124423,0.790982520182062,1,1,0,2,3,4,0.5,1.319,0.471,0.375,0.931
1,1,9,311,311,green,yellow,pink,blue,0.676759518799385,0.486411687564134,0.134844761182219,0.987779573451141,3,1,0,3,1,2,1,1.396,1.826,0.338,0.41
1,1,9,312,312,green,yellow,pink,blue,0.623383763341782,0.570448782217595,0.338579236453227,0.994474967868252,3,0,0,3,1,2,1,1.221,2.218,0.11,0.311
1,1,9,313,313,green,yellow,pink,blue,0.808747138976293,0.771344653712608,0.250745942542218,0.256489735824665,3,0,0,3,1,4,1,1.21,3.02,0.298,0.365
1,1,9,314,314,green,yellow,pink,blue,0.309766416819648,0.187259734054049,0.112661706838815,0.374451863748752,1,0,0,4,4,1,0,1.408,7.926,0.799,0.546
1,1,9,315,315,green,yellow,pink,blue,0.681913511369016,0.594918828699884,0.872822634158416,0.0146277324404692,4,0,0,4,4,3,1,1.034,0.141,0.887,0.398
1,1,9,316,316,green,yellow,pink,blue,0.0220451798961774,0.349320991930662,0.562444141861128,0.0881224472751548,1,0,0,2,3,1,0.5,1.059,0.484,0.745,0.419
1,1,9,317,317,green,yellow,pink,blue,0.259081819144154,0.676170380718437,0.151882783928371,0.299374907282429,2,0,0,3,1,2,0,1.08,0.296,0.424,0.494
1,1,9,318,318,green,yellow,pink,blue,0.789203305316918,0.57729332158073,0.969328621530426,0.507759761590088,4,0,0,4,4,2,1,1.189,2.994,0.384,0.452
1,1,9,319,319,green,yellow,pink,blue,0.588881243951011,0.549871068930625,0.298568087315612,0.681006809060859,3,1,0,3,1,3,1,1.411,0.051,0.691,0.407
1,1,9,320,320,green,yellow,pink,blue,0.143152552566786,0.0170723044057867,0.519304654253348,0.538638973856624,1,1,0,2,3,3,0.5,1.397,1.993,0.73,0.549
1,1,9,321,321,green,yellow,pink,blue,0.047950017148616,0.592264336147835,0.616572399356264,0.783745749322264,2,0,0,2,3,3,1,1.023,1.063,0.416,0.41
1,1,9,322,322,green,yellow,pink,blue,0.963155787890696,0.397626007460638,0.93062496768926,0.0674267772607491,4,0,0,4,4,4,1,1.193,0.708,0.923,0.355
1,1,9,323,323,green,yellow,pink,blue,0.963931316562549,0.884358006346805,0.811466071055652,0.383668850528666,4,0,0,4,4,4,1,1.258,0.429,0.458,0.389
1,1,9,324,324,green,yellow,pink,blue,0.820265359573279,0.320957754559647,0.316039110522909,0.481321225001032,3,0,0,3,1,2,1,1.202,0.772,0.27,1.527
1,1,9,325,325,green,yellow,pink,blue,0.337004662600885,0.756881856322962,0.647543819120756,0.716500144827223,2,0,0,2,3,4,1,1.323,0.203,0.481,0.389
1,1,9,326,326,green,yellow,pink,blue,0.262680637193211,0.556587501283455,0.128461032601074,0.295004875990143,2,0,0,3,1,3,0,1.309,1.29,0.383,0.94
1,1,9,327,327,green,yellow,pink,blue,0.388262170628967,0.332394682634059,0.816306357076191,0.271141182172784,1,0,0,2,3,4,0.5,1.139,1.915,0.543,0.822
1,1,9,328,328,green,yellow,pink,blue,0.959477503843727,0.305881028285873,0.915139679702316,0.631732173073349,4,0,0,1,2,1,0,1.21,4.564,0.222,0.557
1,1,9,329,329,green,yellow,pink,blue,0.461983240883901,0.283533767519671,0.497441726983881,0.0947004106326546,1,1,0,4,4,2,0,1,0.111,0.701,0.565
1,1,9,330,330,green,yellow,pink,blue,0.843409800947542,0.391822346054252,0.045824984836967,0.561346093061437,3,0,0,3,1,1,1,1.488,0.51,2.252,0.451
1,1,9,331,331,green,yellow,pink,blue,0.396180815944531,0.231909356539086,0.805865628489068,0.843329222751681,1,0,0,1,2,3,1,1.076,3.114,0.459,1.462
1,1,10,332,332,green,yellow,pink,blue,0.151164920293361,0.312979652323203,0.18825577033508,0.643604654225129,1,0,0,2,3,2,0.5,1.046,1.955,1.12,0.764
1,1,10,333,333,green,yellow,pink,blue,0.44918608236269,0.299059985556368,0.270088518046145,0.812072442695618,1,0,0,3,1,1,0,1.18,5.098,0.768,3.142
1,1,10,334,334,green,yellow,pink,blue,0.0865730509667333,0.981293886124578,0.775606053881072,0.994350486014612,2,0,0,2,3,4,1,1.092,0.177,0.946,0.382
1,1,10,335,335,green,yellow,pink,blue,0.457323527417595,0.842106283031596,0.0773940871236628,0.112862179447046,2,1,0,3,1,3,0,1.239,0.774,1.144,4.389
1,1,10,336,336,green,yellow,pink,blue,0.132975214796737,0.275987464171404,0.841017412993898,0.497968212035133,1,0,0,2,3,2,0.5,1.163,0.052,0.596,0.654
1,1,10,337,337,green,yellow,pink,blue,0.703117363348048,0.260373815926014,0.993186565156249,0.156923550457152,4,0,0,4,4,3,1,1.472,0.703,1.279,0.434
1,1,10,338,338,green,yellow,pink,blue,0.0353729567831475,0.872732864655291,0.437051977279985,0.734216646962871,2,0,0,2,3,4,1,1.456,0.406,0.477,0.365
1,1,10,339,339,green,yellow,pink,blue,0.454316010448549,0.719066800157801,0.105691666997783,0.402308319846503,2,1,0,3,1,4,0,1.019,0.388,0.353,2.715
1,1,10,340,340,green,yellow,pink,blue,0.50141496152211,0.885697892488878,0.288516529065013,0.690937939472859,3,1,0,3,1,2,1,1.364,8.793,0.764,0.438
1,1,10,341,341,green,yellow,pink,blue,0.0122179788325465,0.952762461921322,0.549440837084768,0.741580504713814,2,1,0,2,3,4,1,1.128,0.287,0.387,0.421
1,1,10,342,342,green,yellow,pink,blue,0.93897728874778,0.466353177237303,0.440262532059808,0.723759163332828,3,1,0,3,1,1,1,1.205,1.01,0.433,0.436
1,1,10,343,343,green,yellow,pink,blue,0.163609522505278,0.573794118242152,0.95167968718712,0.286512497617224,2,0,0,2,3,4,1,1.268,0.858,0.506,0.391
1,1,10,344,344,green,yellow,pink,blue,0.484052021333339,0.0671510175780554,0.391244182225982,0.41884223619409,1,1,0,1,2,2,1,1.468,1.443,0.591,0.366
1,1,10,345,345,green,yellow,pink,blue,0.824083970432352,0.633982793773495,0.597856934543193,0.99500087424268,4,0,0,3,1,1,0.5,1.203,5.005,1.206,0.821
1,1,10,346,346,green,yellow,pink,blue,0.712753296418805,0.415347105190184,0.184019385887713,0.316808836272288,3,0,0,3,1,2,1,1.488,2.023,1.363,0.5
1,1,10,347,347,green,yellow,pink,blue,0.59914436799969,0.103739892578999,0.663328124211145,0.168185581895801,4,0,0,4,4,4,1,1.144,1.558,0.66,0.418
1,1,10,348,348,green,yellow,pink,blue,0.540414429079839,0.164860945094998,0.802698615221502,0.718572916065714,4,1,0,1,2,2,0,1.346,1.99,0.651,0.686
1,1,10,349,349,green,yellow,pink,blue,0.435994236519065,0.955247987010609,0.865880929686299,0.378547847741803,2,0,0,4,4,1,0,1.328,6.327,1.302,0.42
1,1,10,350,350,green,yellow,pink,blue,0.333296196005871,0.149462016621436,0.900436980583295,0.607036888156083,1,0,0,1,2,1,1,1.264,4.807,0.554,0.418
1,1,10,351,351,green,yellow,pink,blue,0.174612521828683,0.897180863715824,0.974811245203963,0.955885891186721,2,0,0,2,3,4,1,1.344,0.326,0.515,0.389
1,1,10,352,352,green,yellow,pink,blue,0.157751243604092,0.141219454770764,0.0882357571220198,0.897368818280231,1,0,0,1,2,1,1,1.328,12.502,0.657,2.573
1,1,10,353,353,green,yellow,pink,blue,0.877222658214454,0.705215090913113,0.942499335313209,0.578229935057299,4,0,0,4,4,2,1,1.082,4.54,1.115,0.403
1,1,10,354,354,green,yellow,pink,blue,0.75096958096614,0.652074855484345,0.0356510421226842,0.915979659340909,3,0,0,3,1,5,1,1.057,0.989,0.313,0.623
1,1,10,355,355,green,yellow,pink,blue,0.00258016416148188,0.91997291570418,0.617721502296432,0.0128007180580084,2,0,0,4,4,1,0,1.496,1.886,0.368,0.516
1,1,10,356,356,green,yellow,pink,blue,0.848675320754558,0.225763905088178,0.796088977442331,0.0287896816850515,4,0,0,4,4,4,1,1.078,0.504,0.587,0.404
1,1,10,357,357,green,yellow,pink,blue,0.206207870551497,0.313411492768029,0.640203656023585,0.767495544602884,1,0,0,2,3,2,0.5,1.009,6.038,0.334,0.485
1,1,10,358,358,green,yellow,pink,blue,0.83547543896457,0.821340997535325,0.460323864538771,0.406764463839425,3,1,0,3,1,2,1,1.275,3.683,0.327,0.378
1,1,10,359,359,green,yellow,pink,blue,0.46852743433184,0.0952973637993345,0.776179414010664,0.247859726646371,1,1,0,4,4,1,0,1.437,3.634,0.934,0.588
1,1,10,360,360,green,yellow,pink,blue,0.641167026451255,0.829438859788163,0.604220272479634,0.785516401163467,4,0,0,3,1,2,0.5,1.33,1.718,0.269,0.523
