iSession,stiID,feature1_name,feature2_name,feature3_name,feature4_name,feature1,feature2,feature3,feature4,dist_category1,dist_category2,prob_category1,prob_category2,ambiguous
1,1,yellow,green,pink,blue,0.44804122538711,0.388892869840307,0.674369500949748,0.237434652691047,0.388471885461594,0.450410013661971,0.650077817749772,0.349922182250228,0
1,2,yellow,green,pink,blue,0.297554323388776,0.966289565909498,0.0213912666345311,0.524126327817149,0.670325124321528,0.807329826593751,0.797387750690831,0.202612249309169,0
1,3,yellow,green,pink,blue,0.864459152435133,0.930030564164882,0.657918875040482,0.8269157483526,0.833245830317956,0.574316516658826,0.0698306827771156,0.930169317222884,0
1,4,yellow,green,pink,blue,0.150358760343697,0.454595895065117,0.414013400913167,0.389234555309305,0.177911743134707,0.617489941619726,0.987820923421051,0.0121790765789492,0
1,5,yellow,green,pink,blue,0.853493541479747,0.205160773118339,0.110186337140644,0.795514970351275,0.830914203615202,0.580452299754026,0.0755350019692825,0.924464998030718,0
1,6,yellow,green,pink,blue,0.315603699778319,0.827078892414592,0.527412189541882,0.181725100562947,0.461881789027134,0.630659248133719,0.843931272710905,0.156068727289095,0
1,7,yellow,green,pink,blue,0.736544349160976,0.50388355704654,0.500212853045711,0.229860839269768,0.556521066252001,0.270502029606598,0.0541569483274115,0.945843051672588,0
1,8,yellow,green,pink,blue,0.564165305886873,0.137972746614606,0.77622685824467,0.938969229792446,0.706228598640029,0.659237080002472,0.384636318052705,0.615363681947295,0
1,9,yellow,green,pink,blue,0.216842591072765,0.198922204588556,0.617532055401769,0.371156399385387,0.349516394641061,0.636646777302862,0.946409514684414,0.0535904853155862,0
1,10,yellow,green,pink,blue,0.108471460218172,0.302390569763294,0.909759141397109,0.479990345778833,0.476846678411204,0.786709154957299,0.95683598232553,0.04316401767447,0
1,11,yellow,green,pink,blue,0.352747307462827,0.944548011827945,0.574011513112241,0.302414235488716,0.502690543397935,0.632416377838908,0.785373205308277,0.214626794691723,0
1,12,yellow,green,pink,blue,0.00412706599418956,0.0176681736448125,0.446967928803413,0.928840924966359,0.692686386392254,0.987768881823561,0.950302463605297,0.049697536394703,0
1,13,yellow,green,pink,blue,0.414547739742617,0.410481401064331,0.282097501282982,0.956967387025148,0.539805733538947,0.613874979306783,0.677147259104947,0.322852740895053,0
1,14,yellow,green,pink,blue,0.841646202899469,0.580916041006497,0.980842109020629,0.292300715644332,0.79431779636792,0.537861096127354,0.0714539358689618,0.928546064131038,0
1,15,yellow,green,pink,blue,0.0715273262444105,0.998804057697387,0.483977542312228,0.117202732768087,0.65379541922793,0.925160053157838,0.937827097033749,0.0621729029662511,0
1,16,yellow,green,pink,blue,0.781959308638431,0.568114979333297,0.689567623824917,0.462707657422275,0.570041190857479,0.207334634433761,0.0259051834592992,0.974094816540701,0
1,17,yellow,green,pink,blue,0.541098116825198,0.392563267254357,0.704825030238755,0.00879226269210009,0.616051214888575,0.581739617475457,0.415052768817706,0.584947231182294,1
1,18,yellow,green,pink,blue,0.701470724202072,0.282893782214768,0.20417159893624,0.339516103992372,0.603515077165666,0.403434906972869,0.119118774155927,0.880881225844073,0
1,19,yellow,green,pink,blue,0.397426895550306,0.894414097108088,0.729430422710207,0.130642736921719,0.605277024330886,0.684787106064758,0.688925524264628,0.311074475735372,0
1,20,yellow,green,pink,blue,0.469459780742543,0.141226146037105,0.276594746129637,0.841380103239953,0.585945011068408,0.611450550129291,0.563420411173005,0.436579588826995,1
1,21,yellow,green,pink,blue,0.758694549607871,0.857955788337444,0.311567514524649,0.708421725188765,0.682531250799636,0.455142130229936,0.0933084870209032,0.906691512979097,0
1,22,yellow,green,pink,blue,0.560993978049147,0.798582676977562,0.232150318564144,0.764959407846878,0.572552014253533,0.516547994843297,0.363538159629732,0.636461840370268,0
1,23,yellow,green,pink,blue,0.913993913302707,0.0771636359320438,0.424469961043381,0.423118089437428,0.794540195734483,0.466154705366238,0.0361292332359034,0.963870766764097,0
1,24,yellow,green,pink,blue,0.0388654198929546,0.0975277405269888,0.459428171254467,0.0585280676508085,0.634905718120553,0.929645013437506,0.950140127393546,0.0498598726064538,0
1,25,yellow,green,pink,blue,0.12061069522017,0.794352891111065,0.938713454173813,0.444120321987711,0.546788121656576,0.823630107975999,0.940945243765287,0.059054756234713,0
1,26,yellow,green,pink,blue,0.943005804600124,0.227863859424466,0.368826696371575,0.638520464847637,0.768576267512348,0.38432235738126,0.0209891086224874,0.979010891377513,0
1,27,yellow,green,pink,blue,0.893777882002721,0.479735479574306,0.74344269078856,0.725540952549602,0.724564474094161,0.36223720835473,0.0260010663700177,0.973998933629982,0
1,28,yellow,green,pink,blue,0.51955400880381,0.268611726222995,0.384412013478622,0.279352257085388,0.433873145037908,0.410721191541508,0.442377274340203,0.557622725659797,1
1,29,yellow,green,pink,blue,0.0871941288657228,0.744875850669064,0.0775787520499323,0.648413230867322,0.535664196799504,0.83650582954761,0.952952903384864,0.047047096615136,0
1,30,yellow,green,pink,blue,0.0485541119311251,0.629848516861448,0.0149309502187948,0.804699734667052,0.620946853211117,0.914888453627907,0.949760868672543,0.0502391313274572,0
1,31,yellow,green,pink,blue,0.157458505739924,0.425565779615601,0.200882925825427,0.739919569687537,0.401418491484798,0.709702965730035,0.956179534774559,0.0438204652254413,0
1,32,yellow,green,pink,blue,0.0283264042900883,0.648446109430505,0.755374184646848,0.0755804462671031,0.562604090115677,0.887804571921546,0.96274508618269,0.0372549138173098,0
1,33,yellow,green,pink,blue,0.81354310942537,0.595675656596476,0.635938821726792,0.900417234349112,0.711018981646933,0.438183617718499,0.0613208599364647,0.938679140063535,0
1,34,yellow,green,pink,blue,0.972491636380126,0.909238434097803,0.149591399754259,0.621438775001167,0.909397505924674,0.595409260426718,0.0414917938416517,0.958508206158348,0
1,35,yellow,green,pink,blue,0.466415980313985,0.830153111070625,0.655218587995305,0.260857459028975,0.486948578646873,0.52029120493453,0.582592805096039,0.41740719490396,1
1,36,yellow,green,pink,blue,0.360088438805159,0.0343619162190449,0.236288552934807,0.350800672447908,0.566341289401516,0.6787149749901,0.754681206783698,0.245318793216302,0
1,37,yellow,green,pink,blue,0.183549065743276,0.66375832522688,0.179968923266825,0.105310600267946,0.537988966504471,0.77838490628819,0.917128729521602,0.0828712704783978,0
1,38,yellow,green,pink,blue,0.629386400699585,0.688111873308254,0.0525009094351774,0.532763756607642,0.616967598597134,0.501261026830463,0.239200868332497,0.760799131667503,0
1,39,yellow,green,pink,blue,0.261067863064229,0.532743806777892,0.860865080113837,0.0189181159170056,0.602376991354688,0.775751362647399,0.849890656032091,0.150109343967909,0
1,40,yellow,green,pink,blue,0.72257197108638,0.616837668372254,0.404685312629569,0.857395969409144,0.611385375344844,0.388870294698857,0.0975145644411975,0.902485435558802,0
1,41,yellow,green,pink,blue,0.703240330381357,0.523864232014915,0.994267935374502,0.907769043388391,0.785221423127974,0.64290928828083,0.194172720941288,0.805827279058712,0
1,42,yellow,green,pink,blue,0.589653351466827,0.0589714479923397,0.885794268318197,0.571755332124225,0.681070207837674,0.611721567820872,0.333257955460537,0.666742044539463,0
1,43,yellow,green,pink,blue,0.805766573470637,0.315494751639421,0.829075742958174,0.558837567354544,0.674293240953494,0.385881848918719,0.052944479049443,0.947055520950557,0
1,44,yellow,green,pink,blue,0.231677924626896,0.184728828147358,0.959441470190701,0.867377766685741,0.6676709505687,0.845048267027638,0.854926273625909,0.145073726374091,0
1,45,yellow,green,pink,blue,0.925814729840876,0.437598487904367,0.556270423584317,0.49482357528698,0.681037923852179,0.194930561698287,0.00768268662501142,0.992317313374989,0
1,46,yellow,green,pink,blue,0.662378704824043,0.8892047078903,0.485584957139132,0.19303988859706,0.64495643596255,0.503577302373203,0.195636751785629,0.804363248214371,0
1,47,yellow,green,pink,blue,0.884285791290093,0.372821958751788,0.0956790856247717,0.39369995759381,0.770238807140364,0.457145522492474,0.0418491859463054,0.958150814053695,0
1,48,yellow,green,pink,blue,0.388344661425279,0.078721858453696,0.593985812882655,0.327711809743299,0.484903156738256,0.588885735936477,0.738816391131079,0.261183608868921,0
1,49,yellow,green,pink,blue,0.247385378390993,0.550033875100355,0.343333458188304,0.150049262566813,0.386678353230412,0.634140970499455,0.922343766011676,0.0776562339883237,0
1,50,yellow,green,pink,blue,0.956608881483869,0.12234897771611,0.933163328080823,0.660300572816085,0.924793570729799,0.631374902082196,0.0504892367266686,0.949510763273331,0
1,51,yellow,green,pink,blue,0.595691813376458,0.755308639044218,0.800260129473637,0.673456304523151,0.552203373709785,0.457424040207782,0.279328816587001,0.720671183412999,0
1,52,yellow,green,pink,blue,0.991707176308843,0.160795025918043,0.791193204171933,0.978196306981124,0.989269801417328,0.697816282188541,0.0514396961577793,0.948560303842221,0
1,53,yellow,green,pink,blue,0.130066486835294,0.671901315423491,0.352702327032985,0.598093588575983,0.274322923587452,0.667223035851036,0.980715885430697,0.0192841145693033,0
1,54,yellow,green,pink,blue,0.686085073809715,0.772336890737537,0.324967435821795,0.206698181691648,0.617251916807065,0.441491625053389,0.147090811704249,0.852909188295751,0
1,55,yellow,green,pink,blue,0.65327985778829,0.863673259704163,0.139645560705695,0.166385104573801,0.732152377508222,0.618681861785725,0.243293826398687,0.756706173601314,0
1,56,yellow,green,pink,blue,0.486082031277033,0.982865785242074,0.0832150697467478,0.990262576942321,0.838427793244993,0.846687151909509,0.520636666564899,0.479363333435101,1
1,57,yellow,green,pink,blue,0.287085567789325,0.00114277835921692,0.891838052863985,0.777753803795441,0.693482589627521,0.832966106349573,0.801363028282479,0.198636971717521,0
1,58,yellow,green,pink,blue,0.431447179226897,0.703539614372193,0.591295471065477,0.0402788760423869,0.542245173623608,0.602148361362214,0.645434783808622,0.354565216191378,0
1,59,yellow,green,pink,blue,0.611982884423376,0.487632992460192,0.256690551443978,0.591796116436196,0.445881785051106,0.294665372612704,0.18061829146238,0.81938170853762,0
1,60,yellow,green,pink,blue,0.335617531122086,0.236284038572205,0.162267671174483,0.881960122899773,0.580373268997413,0.7079658185567,0.7817554074806,0.2182445925194,0
1,61,yellow,green,pink,blue,0.281121830100036,0.258446267657658,0.0376337135561705,0.695650564670607,0.558012992871202,0.728187249348023,0.845762186879484,0.154237813120516,0
1,62,yellow,green,pink,blue,0.771297823465971,0.732646139963952,0.820699427624019,0.421699414497585,0.659435176312942,0.404421720847075,0.0724174463798955,0.927582553620105,0
1,63,yellow,green,pink,blue,0.511229262314768,0.34008002434725,0.543269766335141,0.504922142509221,0.309372956587793,0.290658500569147,0.453349932988938,0.546650067011062,1
1,64,yellow,green,pink,blue,0.20016603503728,0.354223462457295,0.851737209179702,0.0930302938903251,0.559533402912074,0.782886705684217,0.903220632261521,0.096779367738479,0
1,65,yellow,green,pink,blue,0.781889565455099,0.536605270600769,0.863579972112577,0.907771465485398,0.763357334320737,0.548475026237442,0.10444125299016,0.89555874700984,0
1,66,yellow,green,pink,blue,0.346950070331023,0.129806593470934,0.177405912895441,0.489693635478524,0.500615262011915,0.635346810984548,0.793690397072354,0.206309602927646,0
1,67,yellow,green,pink,blue,0.626923007530475,0.471375017900724,0.271138610595689,0.889143079716143,0.588812546789756,0.468804018462474,0.231460045428305,0.768539954571696,0
1,68,yellow,green,pink,blue,0.646429805243336,0.104805379765717,0.946536597707296,0.0900037219103256,0.82512257240169,0.731024934077796,0.280703159917191,0.719296840082809,0
1,69,yellow,green,pink,blue,0.593961924034912,0.0290264058174018,0.72794270936183,0.228889036317767,0.682337867176514,0.609608924596812,0.325789825875551,0.674210174124449,0
1,70,yellow,green,pink,blue,0.949261896396022,0.805066345229467,0.293117539728065,0.859833718347196,0.868512136916211,0.552314616477549,0.0406220062998233,0.959377993700177,0
1,71,yellow,green,pink,blue,0.417403039221332,0.220343594822883,0.142452241229579,0.528813047954325,0.484666972292621,0.56347052701092,0.687409368907669,0.312590631092331,0
1,72,yellow,green,pink,blue,0.546183083303782,0.581652553992811,0.35134179686265,0.840648924722178,0.482216247842486,0.431682089481952,0.376286200385968,0.623713799614032,0
1,73,yellow,green,pink,blue,0.723781921874661,0.846861346057992,0.627437122516333,0.606435000390157,0.610205483741096,0.385446248539331,0.0955573460940995,0.904442653905901,0
1,74,yellow,green,pink,blue,0.367952411628757,0.358834479045287,0.614027265909557,0.56214688363015,0.225177548239613,0.427495633430853,0.883209515635198,0.116790484364802,0
1,75,yellow,green,pink,blue,0.775591873293268,0.987668115917006,0.700586844106409,0.582631648625128,0.749086163226263,0.534357751552063,0.104585284996953,0.895414715003047,0
1,76,yellow,green,pink,blue,0.454347176076163,0.172100405330253,0.264036380058408,0.294303885882908,0.49725811592542,0.541219417406227,0.608166816059695,0.391833183940305,0
1,77,yellow,green,pink,blue,0.707515149832722,0.874918226416191,0.762819591413233,0.744882679581859,0.692044401187764,0.52097053984137,0.15306793874746,0.84693206125254,0
1,78,yellow,green,pink,blue,0.489829474241874,0.739615647494825,0.602368262944037,0.385895163032169,0.37206586825068,0.38549129182805,0.53351323661901,0.46648676338099,1
1,79,yellow,green,pink,blue,0.580817327538803,0.00556279131462291,0.207279648055715,0.262488412783265,0.704276377594124,0.644350749590856,0.354513863608271,0.645486136391729,0
1,80,yellow,green,pink,blue,0.079474904440065,0.876107363036647,0.491545258989023,0.00472300408093032,0.644908010555216,0.914566256560027,0.936824681282143,0.0631753187178568,0
1,81,yellow,green,pink,blue,0.990141266634531,0.124322499414484,0.00914841304828715,0.27385016046012,0.990465400384323,0.7006286054137,0.0522343001425607,0.947765699857439,0
1,82,yellow,green,pink,blue,0.428594907813825,0.610450870029278,0.512302705561445,0.966461598488763,0.511696506941446,0.577268055068226,0.658297275039097,0.341702724960903,0
1,83,yellow,green,pink,blue,0.195091956983867,0.249282253155253,0.964717164374343,0.825881472907316,0.622924601391805,0.832432040490557,0.890423513094512,0.109576486905487,0
1,84,yellow,green,pink,blue,0.892220083275153,0.528351207551373,0.0658319978197937,0.610014195839987,0.783489249278531,0.470781605906479,0.0420040932367094,0.957995906763291,0
1,85,yellow,green,pink,blue,0.966298578194373,0.265107293289703,0.436477673225473,0.947331549741642,0.878862240730639,0.553263282703367,0.0371122556502141,0.962887744349786,0
1,86,yellow,green,pink,blue,0.0982822016600713,0.792063496862005,0.219905321936324,0.514012231062222,0.432398829590591,0.767259112797783,0.966059053978915,0.033940946021085,0
1,87,yellow,green,pink,blue,0.505357259887104,0.0364356117713044,0.41396610337438,0.573556093140628,0.541213084115301,0.536240937014782,0.487572192504246,0.512427807495754,1
1,88,yellow,green,pink,blue,0.910812434660741,0.627637217184079,0.973307597318301,0.414515001230255,0.827219499109299,0.522952832524978,0.045535132437031,0.954464867562969,0
1,89,yellow,green,pink,blue,0.451462392581312,0.3855579534167,0.463474339779525,0.751060578592764,0.343583491496079,0.408150980701166,0.656035148678865,0.343964851321135,0
1,90,yellow,green,pink,blue,0.827358030982807,0.485646428809131,0.403684161523465,0.680215621004325,0.612619565261907,0.218962783958555,0.0191415308418357,0.980858469158164,0
1,91,yellow,green,pink,blue,0.133723748692441,0.320597199883911,0.0904635570900735,0.118335109259109,0.599244289253727,0.851686544164438,0.925836294787366,0.0741637052126336,0
1,92,yellow,green,pink,blue,0.318998657038114,0.952629248903038,0.686018640038965,0.40396594019153,0.503447640495846,0.659136457558464,0.825906372153634,0.174093627846366,0
1,93,yellow,green,pink,blue,0.206959787534833,0.2807834000283,0.896354277662884,0.0622012103494065,0.631405472920049,0.831692902277372,0.881098530211818,0.118901469788182,0
1,94,yellow,green,pink,blue,0.011160478887437,0.0924630945023632,0.833910514310143,0.643996428303543,0.596122344086271,0.918804315527236,0.961831169708094,0.0381688302919055,0
1,95,yellow,green,pink,blue,0.694768712802713,0.310978440512056,0.749595535288232,0.627963061792981,0.55876724515552,0.342712884870086,0.103350065555052,0.896649934444947,0
1,96,yellow,green,pink,blue,0.39639914683961,0.960946313624912,0.569540307597202,0.776869592395424,0.561602029744981,0.647300311272962,0.702029892776758,0.297970107223242,0
1,97,yellow,green,pink,blue,0.566120307015179,0.916979795426753,0.438903027693668,0.357586826493971,0.545727542199005,0.481350437103145,0.344394586366694,0.655605413633306,0
1,98,yellow,green,pink,blue,0.266245009300246,0.0598665339843788,0.297304202401877,0.711043977074259,0.528778322983601,0.716492502094127,0.867282481610728,0.132717518389272,0
1,99,yellow,green,pink,blue,0.0451770606834974,0.731425621889454,0.522780182572139,0.205237828313118,0.427684380721063,0.798584290372195,0.976083956562486,0.0239160434375137,0
1,100,yellow,green,pink,blue,0.305586244808606,0.286624618528441,0.591864111196088,0.84882930402126,0.422776279254004,0.610862944932211,0.867710640730234,0.132289359269766,0
1,101,yellow,green,pink,blue,0.287324608354094,0.597689247297066,0.534758085903528,0.187289594148776,0.331560308073159,0.56798558919701,0.914060469342934,0.0859395306570662,0
1,102,yellow,green,pink,blue,0.017827923034837,0.892302873056204,0.816152637593866,0.927563019096667,0.700405627538133,0.98627588435095,0.945766790158839,0.0542332098411612,0
1,103,yellow,green,pink,blue,0.389145207445307,0.671509888482767,0.248314944203837,0.340092272667871,0.371069911437203,0.498545556322295,0.781555886171298,0.218444113828702,0
1,104,yellow,green,pink,blue,0.870901698589976,0.928955772482194,0.168125772409203,0.0937817623543693,0.91906242094464,0.688312454487529,0.0905037437378451,0.909496256262155,0
1,105,yellow,green,pink,blue,0.889094607198072,0.413310130623875,0.848089721076394,0.146773714370886,0.813567645116551,0.522300398221577,0.0515306612144793,0.948469338785521,0
1,106,yellow,green,pink,blue,0.223463543427965,0.835499836298651,0.881305206251066,0.125322500538483,0.631697089276755,0.821935319336479,0.870160917522639,0.129839082477361,0
1,107,yellow,green,pink,blue,0.757110341301184,0.200105828877755,0.331701207564676,0.791298970291065,0.678437164191,0.450740107439244,0.0930482928711277,0.906951707128872,0
1,108,yellow,green,pink,blue,0.528806703465239,0.143378294467726,0.366923948360185,0.319847805403156,0.505050757342273,0.475678004564815,0.427091552445189,0.572908447554811,1
1,109,yellow,green,pink,blue,0.835626692601499,0.575551144568225,0.0181440618071163,0.0283648816206241,0.89626526686769,0.68386017283646,0.106781080421658,0.893218919578342,0
1,110,yellow,green,pink,blue,0.158791429029087,0.559176987141036,0.709539399425185,0.895792356033068,0.460846252270018,0.744034837357925,0.94437475091592,0.0556252490840796,0
1,111,yellow,green,pink,blue,0.561085284985177,0.821043746865705,0.991682988725341,0.811985158412437,0.734118547924923,0.691263160758781,0.394471706481521,0.605528293518479,0
1,112,yellow,green,pink,blue,0.797357233503215,0.215956823282493,0.0410682895270384,0.248874927999248,0.808679531070922,0.597164424986847,0.107632916432712,0.892367083567288,0
1,113,yellow,green,pink,blue,0.73898304452608,0.45100231589765,0.661857934664657,0.974772548568177,0.702219449153339,0.504112200053856,0.121204556156802,0.878795443843198,0
1,114,yellow,green,pink,blue,0.983680950218795,0.511374612878845,0.122037511849122,0.69353862080686,0.847779428109176,0.484818531521153,0.0258410803263427,0.974158919673657,0
1,115,yellow,green,pink,blue,0.669060899979633,0.717877100435278,0.766764647677552,0.470281720825142,0.543257786095577,0.355060730261507,0.132162695068973,0.867837304931027,0
1,116,yellow,green,pink,blue,0.47028072657408,0.405091748845775,0.190401412048866,0.464579636419215,0.393239192419435,0.429367367042034,0.589350673226934,0.410649326773065,1
1,117,yellow,green,pink,blue,0.248498538202529,0.339225615059303,0.784485695656758,0.362049929339728,0.354701269054782,0.614259271046473,0.930576574957272,0.069423425042728,0
1,118,yellow,green,pink,blue,0.855949949317623,0.0715461227849335,0.477603444939063,0.446141181309179,0.744412818272242,0.445197141377164,0.0477814645575929,0.952218535442407,0
1,119,yellow,green,pink,blue,0.61946563717444,0.761889003570819,0.0542347261862152,0.539100365307163,0.636652358159038,0.534659319543785,0.265040960688879,0.734959039311121,0
1,120,yellow,green,pink,blue,0.145406699217008,0.9775422626921,0.646422258399412,0.720144379513261,0.555778190298823,0.814544472447531,0.930063346856335,0.0699366531436647,0
1,121,yellow,green,pink,blue,0.250003320302155,0.644488313015903,0.810609074393293,0.072344253641402,0.54794553296673,0.741782304180976,0.874172709966,0.125827290034,0
1,122,yellow,green,pink,blue,0.928004165435042,0.772775357037305,0.548926669934436,0.165547010488654,0.805201009051807,0.469408670076518,0.0336366586508242,0.966363341349176,0
1,123,yellow,green,pink,blue,0.681453088702362,0.683008320928563,0.323379246104701,0.987185734464748,0.698704976261368,0.55383711969318,0.190205019353429,0.809794980646571,0
1,124,yellow,green,pink,blue,0.0639200332848971,0.16412318894001,0.911474958243906,0.422932126696182,0.568058170065285,0.871074079107525,0.953918166811931,0.0460818331880692,0
1,125,yellow,green,pink,blue,0.0587361467110607,0.700424787352849,0.935850295778325,0.0321598802910302,0.69684418265472,0.962733435686464,0.934556966047625,0.0654430339523754,0
1,126,yellow,green,pink,blue,0.18511134292557,0.363107090812418,0.105311749161782,0.189172242656674,0.524731280264076,0.768265301547588,0.919482777862433,0.0805172221375669,0
1,127,yellow,green,pink,blue,0.334736989710247,0.466425224021405,0.383278802575378,0.302286453756755,0.247026531578057,0.475694353123134,0.907767708471204,0.0922322915287956,0
1,128,yellow,green,pink,blue,0.123467830707467,0.423627385049847,0.133479517511992,0.665686825800937,0.428523691885794,0.748441529980776,0.960803346515417,0.0391966534845828,0
1,129,yellow,green,pink,blue,0.552142541318733,0.530933568411814,0.68233086413335,0.37133593775971,0.376889885585986,0.299839031045468,0.316369107948529,0.683630892051471,0
1,130,yellow,green,pink,blue,0.38094446635899,0.301581973910617,0.115887491686419,0.347954087291969,0.476630407088571,0.58841488645549,0.753588729006884,0.246411270993115,0
1,131,yellow,green,pink,blue,0.0821485664706834,0.930418839355296,0.94143447066363,0.611240566371833,0.648593352191196,0.915709981400186,0.935303640430945,0.0646963595690547,0
1,132,yellow,green,pink,blue,0.779895896273464,0.121794240888804,0.342505188122446,0.407673647870102,0.676134622821738,0.421025096526121,0.0723529390712783,0.927647060928722,0
1,133,yellow,green,pink,blue,0.90565465751336,0.362418192024485,0.150437083737345,0.944991612889826,0.876939879223835,0.602800874468305,0.060574753696367,0.939425246303633,0
1,134,yellow,green,pink,blue,0.326831150997341,0.548611237866259,0.612048766661819,0.699535711168807,0.246242775229128,0.483533197779844,0.914737641916993,0.0852623580830067,0
1,135,yellow,green,pink,blue,0.0490410069191981,0.442360973228913,0.101982434851692,0.78525689050358,0.532443659041524,0.857003642427691,0.962514676591672,0.0374853234083279,0
1,136,yellow,green,pink,blue,0.866291847965241,0.146540771604067,0.649393746761088,0.448177550676479,0.727841415304094,0.404303447755055,0.0378558165864912,0.962144183413509,0
1,137,yellow,green,pink,blue,0.0139203633208719,0.945642747356312,0.0594275686187881,0.377947843387367,0.680684838491926,0.97437748641474,0.949641947495662,0.0503580525043379,0
1,138,yellow,green,pink,blue,0.486404784507402,0.769726284917161,0.542157898752817,0.461665517415474,0.363161550684377,0.381420407671219,0.545520746239388,0.454479253760612,1
1,139,yellow,green,pink,blue,0.725789712476602,0.378530027827694,0.178619549535136,0.510119025471448,0.586957062531493,0.344570574453184,0.0813708890875509,0.918629110912449,0
1,140,yellow,green,pink,blue,0.332591234669068,0.0382309960848407,0.397231806484513,0.879969907429392,0.612364562308513,0.736477509841426,0.77576055460553,0.22423944539447,0
1,141,yellow,green,pink,blue,0.305464431379549,0.135067470784276,0.0843634026658371,0.255330071985142,0.60734603707142,0.750602942551393,0.8073012886832,0.1926987113168,0
1,142,yellow,green,pink,blue,0.617633330242285,0.0516617105002587,0.0217334031613084,0.0468929852676423,0.877614033495317,0.80781994376571,0.332268915405535,0.667731084594465,0
1,143,yellow,green,pink,blue,0.820911600550938,0.180200399824991,0.75244382737854,0.190248037745055,0.766737245748532,0.516695658455832,0.0758290309254535,0.924170969074546,0
1,144,yellow,green,pink,blue,0.7535777651362,0.393292313236685,0.851281594703623,0.0216682999143904,0.785606179989858,0.602991960893391,0.1386984897058,0.8613015102942,0
1,145,yellow,green,pink,blue,0.735684709031202,0.613472058559076,0.791324445888595,0.494444418459865,0.577638591092132,0.313020179681281,0.0662245894246613,0.933775410575339,0
1,146,yellow,green,pink,blue,0.590535695948186,0.232436606429578,0.625509387820789,0.740877477968278,0.511203771129814,0.413271822979934,0.27302683427137,0.72697316572863,0
1,147,yellow,green,pink,blue,0.407435223274423,0.851384515215681,0.288901369344,0.00940891386846555,0.658406540609511,0.725302660578989,0.661270515426318,0.338729484573682,0
1,148,yellow,green,pink,blue,0.59861273503195,0.87870755593393,0.778992543841342,0.931961748046446,0.727583701880623,0.656327135055653,0.329032169351915,0.670967830648085,0
1,149,yellow,green,pink,blue,0.531435969835957,0.0224352904465769,0.524048851016295,0.806460324012701,0.63385371684445,0.60855120123254,0.437079045682374,0.562920954317626,1
1,150,yellow,green,pink,blue,0.290394751424261,0.168930944660664,0.218500995693424,0.163614955526728,0.551030891073075,0.716407908591555,0.839399949554701,0.160600050445299,0
1,151,yellow,green,pink,blue,0.1707697441123,0.708105910967592,0.344573078088762,0.963114327516252,0.536859303759666,0.785778701620891,0.92338079713878,0.0766192028612199,0
1,152,yellow,green,pink,blue,0.27860669731088,0.692135560519036,0.379204991037477,0.0847554537471152,0.474082149136646,0.667942502629636,0.874198646953599,0.125801353046401,0
1,153,yellow,green,pink,blue,0.422717970604166,0.242971192857788,0.160812251249402,0.342459755344522,0.485553872046323,0.559503880285929,0.676886528351416,0.323113471648584,0
1,154,yellow,green,pink,blue,0.0648327188368603,0.538107343330095,0.88421105444836,0.729093899974361,0.485634884450047,0.819151098490352,0.965615576364818,0.0343844236351823,0
1,155,yellow,green,pink,blue,0.445793711765765,0.428682791939123,0.255818902188368,0.130038621987293,0.489813384343638,0.542331485086753,0.628358458875904,0.371641541124096,0
1,156,yellow,green,pink,blue,0.144430077636328,0.651737746569276,0.912259673818272,0.634489124073213,0.471396558528509,0.76012146250201,0.947212499958092,0.0527875000419076,0
1,157,yellow,green,pink,blue,0.465299487970344,0.319858177320587,0.708889321032248,0.99448924187958,0.605771660425369,0.633766373835158,0.569533263111358,0.430466736888642,1
1,158,yellow,green,pink,blue,0.190571800787988,0.0861058056901892,0.00270919707998446,0.857342828630594,0.741506678855624,0.926962973370301,0.864661955428908,0.135338044571092,0
1,159,yellow,green,pink,blue,0.906322409752095,0.409807254653384,0.670029164069559,0.977261189226981,0.834015585125662,0.537828584662815,0.0491784909762207,0.950821509023779,0
1,160,yellow,green,pink,blue,0.783630906546394,0.827013345929345,0.802754253285607,0.647658401515092,0.710748066657904,0.470671762177799,0.08311452901679,0.91688547098321,0
1,161,yellow,green,pink,blue,0.565034098565519,0.976389027248753,0.268720600039734,0.27511545646513,0.655939179580599,0.604336089227964,0.373780808588039,0.626219191411961,0
1,162,yellow,green,pink,blue,0.0398002426556844,0.475471990489525,0.510411544556007,0.0455623631895535,0.501405551672556,0.843568186095455,0.968373618248337,0.0316263817516632,0
1,163,yellow,green,pink,blue,0.844971492636769,0.921298258426358,0.473460233573626,0.526234636782706,0.729983503219486,0.433479437039204,0.0490304428953968,0.950969557104603,0
1,164,yellow,green,pink,blue,0.99062160389217,0.514138765135623,0.0442403084818605,0.863512172288682,0.942644291684895,0.630838059056321,0.0423683198767167,0.957631680123283,0
1,165,yellow,green,pink,blue,0.876666449534072,0.274797573508303,0.327369226012152,0.597441102765528,0.694782789442278,0.325663438185992,0.0243352406093575,0.975664759390643,0
1,166,yellow,green,pink,blue,0.66035892632094,0.331726377503306,0.815483182738067,0.589207526604852,0.551541550413866,0.379261328785299,0.151510572512082,0.848489427487918,0
1,167,yellow,green,pink,blue,0.6820949859137,0.259726173218769,0.187741986338063,0.77863932529805,0.647751904193657,0.487326936945629,0.167388502282081,0.832611497717919,0
1,168,yellow,green,pink,blue,0.95027036282271,0.797331566836909,0.565283319600005,0.17243379270733,0.830870732222312,0.489975316562918,0.0320167941154371,0.967983205884563,0
1,169,yellow,green,pink,blue,0.933982976011117,0.217796899406248,0.978392045068644,0.284246019616591,0.907127350648185,0.623616111307973,0.0554559981360955,0.944544001863905,0
1,170,yellow,green,pink,blue,0.11334815904643,0.994125938877714,0.221362006404916,0.892487727203972,0.703221100784252,0.938707493067881,0.913320062338683,0.0866799376613166,0
1,171,yellow,green,pink,blue,0.71481486863787,0.584511247595509,0.988520014215782,0.682217886748526,0.703598021328568,0.529372559715373,0.149026782757881,0.850973217242119,0
1,172,yellow,green,pink,blue,0.698268976611563,0.48726275500194,0.468485194788592,0.920934835474139,0.615862510196612,0.42546169610684,0.1296555041069,0.8703444958931,0
1,173,yellow,green,pink,blue,0.106886207124745,0.839536419732116,0.894159182496136,0.541184167351783,0.541132271096566,0.828213696878639,0.946384679039952,0.0536153209600477,0
1,174,yellow,green,pink,blue,0.241770138264105,0.00760611925629957,0.557289498646915,0.475402013154237,0.496393605952084,0.710377697964968,0.894715626162238,0.105284373837762,0
1,175,yellow,green,pink,blue,0.483343916941081,0.659714792719019,0.690475519799687,0.663417585838264,0.378079924871518,0.399500328722983,0.553347186387752,0.446652813612248,1
1,176,yellow,green,pink,blue,0.177343496343513,0.192980110993389,0.23603463038951,0.0697257681131614,0.5952762474252,0.822806365073287,0.906810730963962,0.093189269036038,0
1,177,yellow,green,pink,blue,0.399497213136332,0.634419423271595,0.495329668060952,0.236761268756847,0.331261889922647,0.458516331856121,0.781177999396647,0.218822000603353,0
1,178,yellow,green,pink,blue,0.207048185280875,0.284495973323954,0.834816453015303,0.565764608162907,0.405849583956699,0.676509940442082,0.937415182490828,0.0625848175091725,0
1,179,yellow,green,pink,blue,0.843689604947295,0.673709650794622,0.444027251629948,0.836574052142569,0.706439969804534,0.394167256364777,0.0421794569928545,0.957820543007145,0
1,180,yellow,green,pink,blue,0.371152017098101,0.0704454477403301,0.370904032742453,0.12140874575951,0.599326314426034,0.698598607259843,0.729625416064437,0.270374583935563,0
1,181,yellow,green,pink,blue,0.970069310086108,0.106525432942535,0.749713092983918,0.226148218640083,0.90037407404397,0.583613025149739,0.040402956424965,0.959597043575035,0
1,182,yellow,green,pink,blue,0.355581253579855,0.467552806907863,0.414810482831482,0.430878271572859,0.155676872473764,0.410675096692455,0.927572321643744,0.072427678356256,0
1,183,yellow,green,pink,blue,0.522959228766534,0.868414454078491,0.302179584584231,0.561643345517334,0.503158791381618,0.479801563751179,0.441870964949711,0.558129035050289,1
1,184,yellow,green,pink,blue,0.966698354771305,0.74231028569783,0.609360631168146,0.100951818219203,0.862305053515816,0.526185946740893,0.0335306037275627,0.966469396272437,0
1,185,yellow,green,pink,blue,0.508887869701128,0.793765853480777,0.957663135379328,0.821597643195738,0.682789788546935,0.676249972748864,0.483656285151783,0.516343714848217,1
1,186,yellow,green,pink,blue,0.627588261398434,0.356942324885865,0.436605265379327,0.395117158954158,0.421968833302208,0.224654033749657,0.122051162842159,0.877948837157841,0
1,187,yellow,green,pink,blue,0.137723200407325,0.566532260873626,0.930984162230432,0.763155143010802,0.521565526899768,0.796434177093693,0.939839125510154,0.0601608744898459,0
1,188,yellow,green,pink,blue,0.228375698064791,0.603045251156385,0.580125224995628,0.708597156460017,0.24701975545262,0.576752166462408,0.964336897799214,0.0356631022007863,0
1,189,yellow,green,pink,blue,0.0306139285188351,0.956743662292321,0.135263435796464,0.214402469271736,0.68654477802196,0.969912265986149,0.944468655850926,0.055531344149074,0
1,190,yellow,green,pink,blue,0.255494679797859,0.751336184329532,0.725948842769694,0.152886551480637,0.484500458979533,0.692275967337823,0.888722215854086,0.111277784145914,0
1,191,yellow,green,pink,blue,0.650030967834401,0.725377605620528,0.861259556457768,0.30841291937464,0.614844628289441,0.477496543549773,0.20205804527466,0.79794195472534,0
1,192,yellow,green,pink,blue,0.809778390273274,0.897794512940311,0.0634448621745296,0.316294524973721,0.834218443010465,0.621403267118487,0.106390579168638,0.893609420831362,0
1,193,yellow,green,pink,blue,0.354223462457295,0.851737209179702,0.0930302938903251,0.469209751588293,0.548774977141234,0.668528617995571,0.768086234380914,0.231913765619086,0
1,194,yellow,green,pink,blue,0.755308639044218,0.800260129473637,0.673456304523151,0.18136878028069,0.690728535535408,0.470953576012191,0.0999527583115425,0.900047241688458,0
1,195,yellow,green,pink,blue,0.894414097108088,0.729430422710207,0.130642736921719,0.283245533217098,0.807040974223512,0.506854058844898,0.0473415024493341,0.952658497550666,0
1,196,yellow,green,pink,blue,0.830153111070625,0.655218587995305,0.260857459028975,0.898571169179346,0.759419893173237,0.496553585302357,0.0673163404518353,0.932683659548165,0
1,197,yellow,green,pink,blue,0.12234897771611,0.933163328080823,0.660300572816085,0.790070511587202,0.560145005888478,0.831512747891271,0.937828909246607,0.0621710907533935,0
1,198,yellow,green,pink,blue,0.744875850669064,0.0775787520499323,0.648413230867322,0.0395384728282194,0.810797831396315,0.64227507559293,0.156404494220813,0.843595505779187,0
1,199,yellow,green,pink,blue,0.388892869840307,0.674369500949748,0.237434652691047,0.661217415722862,0.380299314874179,0.505702184149389,0.777996468014751,0.222003531985249,0
1,200,yellow,green,pink,blue,0.772336890737537,0.324967435821795,0.206698181691648,0.516574868114694,0.624317954910925,0.342689390099289,0.0564504484189248,0.943549551581075,0
1,201,yellow,green,pink,blue,0.50388355704654,0.500212853045711,0.229860839269768,0.941487883253045,0.576492517786928,0.573114356841435,0.491555400700372,0.508444599299628,1
1,202,yellow,green,pink,blue,0.671901315423491,0.352702327032985,0.598093588575983,0.299904946921895,0.499357293732267,0.278309883726975,0.0988138466939357,0.901186153306064,0
1,203,yellow,green,pink,blue,0.302390569763294,0.909759141397109,0.479990345778833,0.654320817586929,0.441432471349092,0.626475902966805,0.864178088620277,0.135821911379723,0
1,204,yellow,green,pink,blue,0.268611726222995,0.384412013478622,0.279352257085388,0.91314965444399,0.482788817602031,0.681522792119656,0.879461411037706,0.120538588962294,0
1,205,yellow,green,pink,blue,0.487632992460192,0.256690551443978,0.591796116436196,0.462627328906704,0.354248740858223,0.371293923919372,0.542510084072918,0.457489915927082,1
1,206,yellow,green,pink,blue,0.315494751639421,0.829075742958174,0.558837567354544,0.450676917094195,0.344202023432921,0.550436446191471,0.887189004225913,0.112810995774087,0
1,207,yellow,green,pink,blue,0.629848516861448,0.0149309502187948,0.804699734667052,0.164771686668275,0.764720098586985,0.674498563617033,0.288595455170448,0.711404544829552,0
1,208,yellow,green,pink,blue,0.372821958751788,0.0956790856247717,0.39369995759381,0.141223828665759,0.564429513301405,0.667651643249586,0.737346314380961,0.262653685619039,0
1,209,yellow,green,pink,blue,0.0975277405269888,0.459428171254467,0.0585280676508085,0.762279377221642,0.537198103090902,0.831296614595221,0.949835686234651,0.0501643137653493,0
1,210,yellow,green,pink,blue,0.998804057697387,0.483977542312228,0.117202732768087,0.561466884724141,0.843371899989761,0.460946964405833,0.0213682477273324,0.978631752272668,0
1,211,yellow,green,pink,blue,0.34008002434725,0.543269766335141,0.504922142509221,0.775572075673585,0.293173804837724,0.495853663388481,0.883582169510363,0.116417830489637,0
1,212,yellow,green,pink,blue,0.0589714479923397,0.885794268318197,0.571755332124225,0.242197058515728,0.506892798800217,0.835445307296162,0.963928883969765,0.0360711160302352,0
1,213,yellow,green,pink,blue,0.827078892414592,0.527412189541882,0.181725100562947,0.0638599962079625,0.790751851547195,0.546085706012092,0.0796830335421074,0.920316966457893,0
1,214,yellow,green,pink,blue,0.160795025918043,0.791193204171933,0.978196306981124,0.415198844132017,0.573248596687172,0.81720188918392,0.919792636522919,0.0802073634770815,0
1,215,yellow,green,pink,blue,0.857955788337444,0.311567514524649,0.708421725188765,0.58469548964372,0.675077761189088,0.312688655557933,0.025985410000388,0.974014589999612,0
1,216,yellow,green,pink,blue,0.930030564164882,0.657918875040482,0.8269157483526,0.511572559848218,0.770965479094129,0.405409923151812,0.0251958922741249,0.974804107725875,0
1,217,yellow,green,pink,blue,0.282893782214768,0.20417159893624,0.339516103992372,0.126979925578995,0.503483366739332,0.686004167894339,0.861189874411613,0.138810125588387,0
1,218,yellow,green,pink,blue,0.00114277835921692,0.891838052863985,0.777753803795441,0.212026712636372,0.612815442195168,0.935093571699454,0.961682634548388,0.038317365451612,0
1,219,yellow,green,pink,blue,0.198922204588556,0.617532055401769,0.371156399385387,0.399516944917536,0.207654142768935,0.58668393400582,0.977910114242931,0.0220898857570692,0
1,220,yellow,green,pink,blue,0.648446109430505,0.755374184646848,0.0755804462671031,0.49987306466132,0.635694305470609,0.5056294498714,0.214055886280472,0.785944113719528,0
1,221,yellow,green,pink,blue,0.66375832522688,0.179968923266825,0.105310600267946,0.21880226671472,0.71306923172661,0.587119582375088,0.221060580234698,0.778939419765302,0
1,222,yellow,green,pink,blue,0.184728828147358,0.959441470190701,0.867377766685741,0.723453483429894,0.632648933546849,0.845881696793711,0.894005775860441,0.105994224139559,0
1,223,yellow,green,pink,blue,0.0343619162190449,0.236288552934807,0.350800672447908,0.369262080934945,0.394203441529114,0.788057381853855,0.980895450953153,0.0191045490468472,0
1,224,yellow,green,pink,blue,0.078721858453696,0.593985812882655,0.327711809743299,0.638115546295426,0.294836665673017,0.712886246866558,0.984939366738392,0.0150606332616075,0
1,225,yellow,green,pink,blue,0.137972746614606,0.77622685824467,0.938969229792446,0.879704734418875,0.652473028378551,0.887551861102703,0.912996867611419,0.087003132388581,0
1,226,yellow,green,pink,blue,0.580916041006497,0.980842109020629,0.292300715644332,0.829147379882062,0.701563646726299,0.641307655810693,0.353758245516292,0.646241754483708,0
1,227,yellow,green,pink,blue,0.944548011827945,0.574011513112241,0.302414235488716,0.925706568259479,0.84151105839679,0.513412942548336,0.0362294417987426,0.963770558201257,0
1,228,yellow,green,pink,blue,0.425565779615601,0.200882925825427,0.739919569687537,0.747926550156049,0.48920684912021,0.560140662343418,0.67025489473603,0.32974510526397,0
1,229,yellow,green,pink,blue,0.437598487904367,0.556270423584317,0.49482357528698,0.114735357192181,0.432221232246877,0.499216091187616,0.66149164741561,0.33850835258439,0
1,230,yellow,green,pink,blue,0.8892047078903,0.485584957139132,0.19303988859706,0.0497706260068862,0.840072289299285,0.562598207745315,0.0587044954409537,0.941295504559046,0
1,231,yellow,green,pink,blue,0.0176681736448125,0.446967928803413,0.928840924966359,0.957859212095769,0.671066371635398,0.965744221569606,0.950111010287846,0.0498889897121537,0
1,232,yellow,green,pink,blue,0.454595895065117,0.414013400913167,0.389234555309305,0.189728018965853,0.397228978616109,0.450771523487543,0.630747620320106,0.369252379679894,0
1,233,yellow,green,pink,blue,0.258446267657658,0.0376337135561705,0.695650564670607,0.342543345698146,0.526237269410922,0.720055134041418,0.874151912238972,0.125848087761028,0
1,234,yellow,green,pink,blue,0.732646139963952,0.820699427624019,0.421699414497585,0.973030798039832,0.752120028243297,0.577094790238784,0.148015368359611,0.851984631640389,0
1,235,yellow,green,pink,blue,0.568114979333297,0.689567623824917,0.462707657422275,0.0918679823976187,0.552354493677723,0.486806437254764,0.34175556962778,0.65824443037222,0
1,236,yellow,green,pink,blue,0.550033875100355,0.343333458188304,0.150049262566813,0.998034108373184,0.696468393585865,0.659571336675359,0.408789791764216,0.591210208235784,1
1,237,yellow,green,pink,blue,0.798582676977562,0.232150318564144,0.764959407846878,0.800883635365728,0.730356662982287,0.484601050540607,0.078887737416678,0.921112262583322,0
1,238,yellow,green,pink,blue,0.966289565909498,0.0213912666345311,0.524126327817149,0.711627717426981,0.887415028248795,0.566759090312906,0.0389196265271779,0.961080373472822,0
1,239,yellow,green,pink,blue,0.236284038572205,0.162267671174483,0.881960122899773,0.62478156231156,0.525085923740409,0.734459793819998,0.890293122519184,0.109706877480816,0
1,240,yellow,green,pink,blue,0.532743806777892,0.860865080113837,0.0189181159170056,0.347199754067341,0.681876352916527,0.657427983804198,0.439181713142246,0.560818286857754,1
1,241,yellow,green,pink,blue,0.703539614372193,0.591295471065477,0.0402788760423869,0.598040442334581,0.659536568347772,0.481091332925218,0.143754228752029,0.856245771247971,0
1,242,yellow,green,pink,blue,0.479735479574306,0.74344269078856,0.725540952549602,0.848836919167999,0.533477883070342,0.552144158848853,0.546530662241517,0.453469337758483,1
1,243,yellow,green,pink,blue,0.523864232014915,0.994267935374502,0.907769043388391,0.57587005706061,0.70095240053855,0.683717804218847,0.457019843672053,0.542980156327947,1
1,244,yellow,green,pink,blue,0.392563267254357,0.704825030238755,0.00879226269210009,0.264247226481884,0.599284564789696,0.683065679375577,0.698004017855947,0.301995982144053,0
1,245,yellow,green,pink,blue,0.909238434097803,0.149591399754259,0.621438775001167,0.536687864186673,0.75728123941523,0.40526095478403,0.0287428325891652,0.971257167410835,0
1,246,yellow,green,pink,blue,0.616837668372254,0.404685312629569,0.857395969409144,0.00455759731830134,0.718922678659,0.632465136998062,0.296384297239252,0.703615702760748,0
1,247,yellow,green,pink,blue,0.205160773118339,0.110186337140644,0.795514970351275,0.429254577052534,0.49628546280231,0.735621157574036,0.91631933285506,0.0836806671449397,0
1,248,yellow,green,pink,blue,0.410481401064331,0.282097501282982,0.956967387025148,0.27278082309126,0.577653465491524,0.650539872052464,0.674555950118815,0.325444049881185,0
1,249,yellow,green,pink,blue,0.0771636359320438,0.424469961043381,0.423118089437428,0.0229329887253412,0.518730138846112,0.831815677307937,0.958147707890819,0.0418522921091811,0
1,250,yellow,green,pink,blue,0.227863859424466,0.368826696371575,0.638520464847637,0.825035024840106,0.377534277726922,0.64394741356288,0.934876645541439,0.0651233544585613,0
1,251,yellow,green,pink,blue,0.863673259704163,0.139645560705695,0.166385104573801,0.106432765934221,0.879001853112647,0.639508403440724,0.0835597829238974,0.916440217076103,0
1,252,yellow,green,pink,blue,0.794352891111065,0.938713454173813,0.444120321987711,0.697426357149542,0.728621485989941,0.486350057813427,0.0814569374193369,0.918543062580663,0
1,253,yellow,green,pink,blue,0.982865785242074,0.0832150697467478,0.990262576942321,0.866002976132817,1.04168973795123,0.77604879029016,0.065595062085653,0.934404937914347,0
1,254,yellow,green,pink,blue,0.595675656596476,0.635938821726792,0.900417234349112,0.679449681087753,0.574897532106515,0.484594176425683,0.288427499669545,0.711572500330455,0
1,255,yellow,green,pink,blue,0.141226146037105,0.276594746129637,0.841380103239953,0.388074457892421,0.436817308067135,0.741338798788998,0.954575490254297,0.0454245097457031,0
1,256,yellow,green,pink,blue,0.688111873308254,0.0525009094351774,0.532763756607642,0.325719500562207,0.65087987049942,0.485317146320927,0.160349861379168,0.839650138620832,0
1,257,yellow,green,pink,blue,0.0440186476920578,0.0641878790960211,0.682822334816663,0.301324988308625,0.55250003493558,0.872489335700878,0.960830250693426,0.0391697493065736,0
1,258,yellow,green,pink,blue,0.508209337215337,0.035452650532584,0.70644437362854,0.981272368690643,0.746135828110651,0.740614161878525,0.486199340620821,0.51380065937918,1
1,259,yellow,green,pink,blue,0.171143086660141,0.143890716428709,0.263484334321755,0.176293679638407,0.541994166555705,0.789059306972722,0.922058591910275,0.0779414080897251,0
1,260,yellow,green,pink,blue,0.758023888375256,0.604999269721263,0.527740292568185,0.25509417853856,0.574335705854498,0.268025399251878,0.044655135773974,0.955344864226026,0
1,261,yellow,green,pink,blue,0.791868922645044,0.010944098549964,0.606073558358909,0.764770262882771,0.783678821942727,0.567700249530063,0.103420318405181,0.896579681594819,0
1,262,yellow,green,pink,blue,0.653867024222991,0.669794092849967,0.867993359412147,0.54222036050238,0.573707485251731,0.4186564873627,0.175012623573275,0.824987376426725,0
1,263,yellow,green,pink,blue,0.235641471935048,0.7615480964511,0.633283892600284,0.632675412312293,0.322460749773219,0.606909765294033,0.945033172087804,0.0549668279121964,0
1,264,yellow,green,pink,blue,0.800983073320931,0.469841872535953,0.907363892182587,0.807985722481491,0.751859299101174,0.51411023363086,0.0849053298922792,0.915094670107721,0
1,265,yellow,green,pink,blue,0.0770697178986824,0.55171458514522,0.432286324799816,0.827085880345986,0.379670377716261,0.75304706215251,0.976655369469186,0.0233446305308141,0
1,266,yellow,green,pink,blue,0.398520125427236,0.509145248245523,0.309940913960372,0.108475466452611,0.459951932029982,0.559495893059884,0.73016100736389,0.26983899263611,0
1,267,yellow,green,pink,blue,0.585327423684428,0.177295843445671,0.954237522203618,0.430669327665889,0.654003763319645,0.585143998304546,0.334345105527114,0.665654894472886,0
1,268,yellow,green,pink,blue,0.28174515552527,0.123778702093642,0.206939990592975,0.330350353704767,0.507164067634343,0.689543498246588,0.861020791106136,0.138979208893864,0
1,269,yellow,green,pink,blue,0.957647729231467,0.158542039086818,0.235757270983974,0.962447065062881,0.949231455220774,0.665877335812747,0.0555383560544333,0.944461643945567,0
1,270,yellow,green,pink,blue,0.549717788496767,0.622834935868459,0.894374010292704,0.778812811801498,0.581538148559669,0.537092943291421,0.390680647019353,0.609319352980647,0
1,271,yellow,green,pink,blue,0.690588086484501,0.584049386391956,0.760977376093331,0.323692858079901,0.548065288473492,0.33134192904767,0.102731754927938,0.897268245072062,0
1,272,yellow,green,pink,blue,0.379942184982735,0.887391600959291,0.358050406312098,0.20766979887913,0.522076486319217,0.626595302076774,0.73984982338062,0.26015017661938,0
1,273,yellow,green,pink,blue,0.12549193757205,0.791411536733091,0.61351984309435,0.795970219689276,0.448227695563079,0.758561882444497,0.957030383585831,0.0429696164141689,0
1,274,yellow,green,pink,blue,0.0517191508593364,0.959728124104614,0.145544297794637,0.0391660077693952,0.7672496702181,1.01830884587656,0.924881013810053,0.0751189861899468,0
1,275,yellow,green,pink,blue,0.304023663475487,0.207966797841732,0.00159604283042076,0.695474505819069,0.612224415002889,0.755509808573087,0.807345602562546,0.192654397437454,0
1,276,yellow,green,pink,blue,0.997506125450819,0.271092396778744,0.469665566087263,0.831018752680231,0.849504379568332,0.47344647580794,0.0227410714234187,0.977258928576581,0
1,277,yellow,green,pink,blue,0.319666846137894,0.416682398847964,0.775551580049716,0.72554486512107,0.372282757541774,0.564736757635815,0.872643847973003,0.127356152026997,0
1,278,yellow,green,pink,blue,0.205578782554234,0.706580242635753,0.370721976015356,0.504405219586931,0.247751598686656,0.596491468587406,0.970327089612068,0.0296729103879324,0
1,279,yellow,green,pink,blue,0.546035989451211,0.863854611014322,0.948685011093424,0.454133372307719,0.650729952993182,0.614339875208583,0.410015626674925,0.589984373325074,1
1,280,yellow,green,pink,blue,0.916688078724603,0.227542582948389,0.485311553950261,0.481558103132742,0.720598287832657,0.320271468761664,0.017928575713014,0.982071424286986,0
1,281,yellow,green,pink,blue,0.606417708936075,0.197743097702662,0.789767015128761,0.878779693990075,0.66770637099362,0.582592558250957,0.29919416383728,0.70080583616272,0
1,282,yellow,green,pink,blue,0.423802857008671,0.333637347511472,0.051081235850047,0.229707083551591,0.576602361021443,0.639271011173533,0.651737757343803,0.348262242656197,0
1,283,yellow,green,pink,blue,0.627227245467089,0.696337603280073,0.55160626250474,0.94427942712446,0.617167938960051,0.503655655595277,0.243216939603709,0.756783060396291,0
1,284,yellow,green,pink,blue,0.471126689374778,0.649725041870374,0.879100431394767,0.364669210981813,0.483059168691495,0.51207369692471,0.57203170007976,0.42796829992024,1
1,285,yellow,green,pink,blue,0.0891918337615365,0.0945571887528372,0.0915772795642243,0.0224780584753253,0.764904871684469,0.997941696175231,0.911361088832057,0.0886389111679433,0
1,286,yellow,green,pink,blue,0.844672933270106,0.249147620025525,0.29660296220446,0.658206541990993,0.694955019419011,0.371873023686274,0.0380222444946506,0.961977755505349,0
1,287,yellow,green,pink,blue,0.173516672872713,0.081538025397768,0.503936404345782,0.550344942388999,0.428380942643092,0.714138333341007,0.94570886977167,0.0542911302283297,0
1,288,yellow,green,pink,blue,0.984201926665752,0.807754530561801,0.128727512981869,0.293789579085889,0.90229225725993,0.574394803985437,0.0362995721282484,0.963700427871752,0
1,289,yellow,green,pink,blue,0.118467350611514,0.345726908615416,0.814542149132823,0.741501502337479,0.445377102905914,0.761507329696406,0.959351760005871,0.0406482399941295,0
1,290,yellow,green,pink,blue,0.57001449284558,0.131814461864542,0.192365955975735,0.189609237428584,0.654943506461206,0.599113097678659,0.363939951804846,0.636060048195154,0
1,291,yellow,green,pink,blue,0.886166517553204,0.565925020206373,0.0736432995624027,0.0148267742542538,0.908970319280861,0.663370578018309,0.0790010747417155,0.920998925258284,0
1,292,yellow,green,pink,blue,0.262795569025305,0.462696452065813,0.325245121162259,0.405854401259374,0.202380687603793,0.527411010209001,0.962684007128235,0.0373159928717649,0
1,293,yellow,green,pink,blue,0.462120670859975,0.627779128163046,0.848862207993943,0.874285282236566,0.568433810804309,0.600829698338501,0.580288756258943,0.419711243741057,1
1,294,yellow,green,pink,blue,0.0956174101311167,0.99757225439957,0.975446003046328,0.606704969744685,0.713335113942835,0.955630459253325,0.918560955996756,0.0814390440032438,0
1,295,yellow,green,pink,blue,0.837705012278058,0.81848872686328,0.383363710058767,0.899692192525913,0.787521506686118,0.531493284261537,0.0717387460308778,0.928261253969122,0
1,296,yellow,green,pink,blue,0.771206496650577,0.523599926343207,0.0314507222587633,0.579951731904641,0.705793081420156,0.476379446586418,0.0916097517987902,0.90839024820121,0
1,297,yellow,green,pink,blue,0.905992909593867,0.928940249740318,0.98873703212236,0.70625259999424,0.946425093103976,0.699805363842692,0.078262112058289,0.921737887941711,0
1,298,yellow,green,pink,blue,0.0289020727966741,0.731129392114387,0.57214270254928,0.143265569475664,0.484529785220073,0.840158937325989,0.972247690106024,0.0277523098939762,0
1,299,yellow,green,pink,blue,0.745726354122753,0.429244403767357,0.336314175877734,0.563195145626516,0.530601213737225,0.189238721980103,0.0318723551863126,0.968127644813687,0
1,300,yellow,green,pink,blue,0.332544093887471,0.261332986681597,0.414703871226257,0.386336341994787,0.289776340333271,0.501424205169109,0.892494529382961,0.107505470617039,0
1,301,yellow,green,pink,blue,0.821309761996029,0.322812195984187,0.178923507257557,0.679305573185577,0.702161637239676,0.41439257089754,0.0532674762879848,0.946732523712015,0
1,302,yellow,green,pink,blue,0.935592490212292,0.288003296815869,0.585065464381951,0.0631948164791779,0.84440189861085,0.526708720418901,0.0400431089054585,0.959956891094542,0
1,303,yellow,green,pink,blue,0.619144436027611,0.951334133631352,0.272118148947055,0.447296242948709,0.628233984179098,0.524912852624064,0.26246199750521,0.737538002494789,0
1,304,yellow,green,pink,blue,0.196325263807975,0.980050511764842,0.931541079417569,0.531104785754256,0.648478744503372,0.8509990706603,0.883417966514166,0.116582033485834,0
1,305,yellow,green,pink,blue,0.7223850387275,0.495949588564105,0.449067250203954,0.0894491752825435,0.627941203716042,0.41463853727898,0.105928002503612,0.894071997496388,0
1,306,yellow,green,pink,blue,0.488138700979525,0.83213215329059,0.801853298274508,0.928686257659163,0.664762460837461,0.673624842445075,0.522141463993979,0.477858536006021,1
1,307,yellow,green,pink,blue,0.517429575596097,0.309160111767405,0.84272809886916,0.271770867071562,0.526772747696645,0.509960735860886,0.458068687442792,0.541931312557208,1
1,308,yellow,green,pink,blue,0.665690627824846,0.894066854201141,0.692470395927454,0.907266365339022,0.728696184487285,0.604406735122534,0.22393255911032,0.77606744088968,0
1,309,yellow,green,pink,blue,0.230975874219172,0.382000863918582,0.396063836622004,0.115980965753483,0.415402284778323,0.664517256344693,0.923519048474767,0.0764809515252331,0
1,310,yellow,green,pink,blue,0.145131577805429,0.749419631834844,0.463587231420742,0.847465940648847,0.441889135807617,0.741710476223286,0.952493349097222,0.0475066509027777,0
1,311,yellow,green,pink,blue,0.872060222058049,0.361407048656316,0.111968589036883,0.985130842711049,0.889992829450116,0.648094911578986,0.0817368414462658,0.918263158553734,0
1,312,yellow,green,pink,blue,0.706767456905988,0.912681377628484,0.225884645889487,0.485018683400944,0.674022326288885,0.497532551125946,0.14617799155344,0.85382200844656,0
1,313,yellow,green,pink,blue,0.413545736784681,0.6765116641942,0.6668364970995,0.354017533096518,0.32718324074547,0.43988991377392,0.755297168408907,0.244702831591093,0
1,314,yellow,green,pink,blue,0.45311977571501,0.439681397930963,0.0193704953323396,0.621373028709436,0.539103060552675,0.580958117408003,0.603136361680208,0.396863638319792,0
1,315,yellow,green,pink,blue,0.348032389497619,0.84584181768462,0.748922527892996,0.0514761372728691,0.626380868624131,0.737780863861825,0.752874073914598,0.247125926085402,0
1,316,yellow,green,pink,blue,0.274005139579189,0.394378269773813,0.170556639432022,0.163666135748301,0.483099982081342,0.67777610839259,0.875093060892348,0.124906939107652,0
1,317,yellow,green,pink,blue,0.686904382078697,0.0505946625197628,0.0974301848512644,0.417444671444953,0.749485446674592,0.612228758470489,0.202205444577506,0.797794555422494,0
1,318,yellow,green,pink,blue,0.00709484202368838,0.0256181594102535,0.655730064459157,0.140521811613777,0.661451031713389,0.964584172237456,0.953969672362068,0.046030327637932,0
1,319,yellow,green,pink,blue,0.952117754073476,0.545259406787057,0.72886338611378,0.653316482019584,0.755580669187761,0.344651118635569,0.0161540981906791,0.983845901809321,0
1,320,yellow,green,pink,blue,0.374841136630177,0.776108497122387,0.533336005994393,0.249741900515403,0.394413003375394,0.529830615009572,0.794811533524179,0.205188466475821,0
2,1,yellow,green,pink,blue,0.44804122538711,0.388892869840307,0.674369500949748,0.237434652691047,0.388471885461594,0.450410013661971,0.650077817749772,0.349922182250228,0
2,2,yellow,green,pink,blue,0.297554323388776,0.966289565909498,0.0213912666345311,0.524126327817149,0.670325124321528,0.807329826593751,0.797387750690831,0.202612249309169,0
2,3,yellow,green,pink,blue,0.864459152435133,0.930030564164882,0.657918875040482,0.8269157483526,0.833245830317956,0.574316516658826,0.0698306827771156,0.930169317222884,0
2,4,yellow,green,pink,blue,0.150358760343697,0.454595895065117,0.414013400913167,0.389234555309305,0.177911743134707,0.617489941619726,0.987820923421051,0.0121790765789492,0
2,5,yellow,green,pink,blue,0.853493541479747,0.205160773118339,0.110186337140644,0.795514970351275,0.830914203615202,0.580452299754026,0.0755350019692825,0.924464998030718,0
2,6,yellow,green,pink,blue,0.315603699778319,0.827078892414592,0.527412189541882,0.181725100562947,0.461881789027134,0.630659248133719,0.843931272710905,0.156068727289095,0
2,7,yellow,green,pink,blue,0.736544349160976,0.50388355704654,0.500212853045711,0.229860839269768,0.556521066252001,0.270502029606598,0.0541569483274115,0.945843051672588,0
2,8,yellow,green,pink,blue,0.564165305886873,0.137972746614606,0.77622685824467,0.938969229792446,0.706228598640029,0.659237080002472,0.384636318052705,0.615363681947295,0
2,9,yellow,green,pink,blue,0.216842591072765,0.198922204588556,0.617532055401769,0.371156399385387,0.349516394641061,0.636646777302862,0.946409514684414,0.0535904853155862,0
2,10,yellow,green,pink,blue,0.108471460218172,0.302390569763294,0.909759141397109,0.479990345778833,0.476846678411204,0.786709154957299,0.95683598232553,0.04316401767447,0
2,11,yellow,green,pink,blue,0.352747307462827,0.944548011827945,0.574011513112241,0.302414235488716,0.502690543397935,0.632416377838908,0.785373205308277,0.214626794691723,0
2,12,yellow,green,pink,blue,0.00412706599418956,0.0176681736448125,0.446967928803413,0.928840924966359,0.692686386392254,0.987768881823561,0.950302463605297,0.049697536394703,0
2,13,yellow,green,pink,blue,0.414547739742617,0.410481401064331,0.282097501282982,0.956967387025148,0.539805733538947,0.613874979306783,0.677147259104947,0.322852740895053,0
2,14,yellow,green,pink,blue,0.841646202899469,0.580916041006497,0.980842109020629,0.292300715644332,0.79431779636792,0.537861096127354,0.0714539358689618,0.928546064131038,0
2,15,yellow,green,pink,blue,0.0715273262444105,0.998804057697387,0.483977542312228,0.117202732768087,0.65379541922793,0.925160053157838,0.937827097033749,0.0621729029662511,0
2,16,yellow,green,pink,blue,0.781959308638431,0.568114979333297,0.689567623824917,0.462707657422275,0.570041190857479,0.207334634433761,0.0259051834592992,0.974094816540701,0
2,17,yellow,green,pink,blue,0.541098116825198,0.392563267254357,0.704825030238755,0.00879226269210009,0.616051214888575,0.581739617475457,0.415052768817706,0.584947231182294,1
2,18,yellow,green,pink,blue,0.701470724202072,0.282893782214768,0.20417159893624,0.339516103992372,0.603515077165666,0.403434906972869,0.119118774155927,0.880881225844073,0
2,19,yellow,green,pink,blue,0.397426895550306,0.894414097108088,0.729430422710207,0.130642736921719,0.605277024330886,0.684787106064758,0.688925524264628,0.311074475735372,0
2,20,yellow,green,pink,blue,0.469459780742543,0.141226146037105,0.276594746129637,0.841380103239953,0.585945011068408,0.611450550129291,0.563420411173005,0.436579588826995,1
2,21,yellow,green,pink,blue,0.758694549607871,0.857955788337444,0.311567514524649,0.708421725188765,0.682531250799636,0.455142130229936,0.0933084870209032,0.906691512979097,0
2,22,yellow,green,pink,blue,0.560993978049147,0.798582676977562,0.232150318564144,0.764959407846878,0.572552014253533,0.516547994843297,0.363538159629732,0.636461840370268,0
2,23,yellow,green,pink,blue,0.913993913302707,0.0771636359320438,0.424469961043381,0.423118089437428,0.794540195734483,0.466154705366238,0.0361292332359034,0.963870766764097,0
2,24,yellow,green,pink,blue,0.0388654198929546,0.0975277405269888,0.459428171254467,0.0585280676508085,0.634905718120553,0.929645013437506,0.950140127393546,0.0498598726064538,0
2,25,yellow,green,pink,blue,0.12061069522017,0.794352891111065,0.938713454173813,0.444120321987711,0.546788121656576,0.823630107975999,0.940945243765287,0.059054756234713,0
2,26,yellow,green,pink,blue,0.943005804600124,0.227863859424466,0.368826696371575,0.638520464847637,0.768576267512348,0.38432235738126,0.0209891086224874,0.979010891377513,0
2,27,yellow,green,pink,blue,0.893777882002721,0.479735479574306,0.74344269078856,0.725540952549602,0.724564474094161,0.36223720835473,0.0260010663700177,0.973998933629982,0
2,28,yellow,green,pink,blue,0.51955400880381,0.268611726222995,0.384412013478622,0.279352257085388,0.433873145037908,0.410721191541508,0.442377274340203,0.557622725659797,1
2,29,yellow,green,pink,blue,0.0871941288657228,0.744875850669064,0.0775787520499323,0.648413230867322,0.535664196799504,0.83650582954761,0.952952903384864,0.047047096615136,0
2,30,yellow,green,pink,blue,0.0485541119311251,0.629848516861448,0.0149309502187948,0.804699734667052,0.620946853211117,0.914888453627907,0.949760868672543,0.0502391313274572,0
2,31,yellow,green,pink,blue,0.157458505739924,0.425565779615601,0.200882925825427,0.739919569687537,0.401418491484798,0.709702965730035,0.956179534774559,0.0438204652254413,0
2,32,yellow,green,pink,blue,0.0283264042900883,0.648446109430505,0.755374184646848,0.0755804462671031,0.562604090115677,0.887804571921546,0.96274508618269,0.0372549138173098,0
2,33,yellow,green,pink,blue,0.81354310942537,0.595675656596476,0.635938821726792,0.900417234349112,0.711018981646933,0.438183617718499,0.0613208599364647,0.938679140063535,0
2,34,yellow,green,pink,blue,0.972491636380126,0.909238434097803,0.149591399754259,0.621438775001167,0.909397505924674,0.595409260426718,0.0414917938416517,0.958508206158348,0
2,35,yellow,green,pink,blue,0.466415980313985,0.830153111070625,0.655218587995305,0.260857459028975,0.486948578646873,0.52029120493453,0.582592805096039,0.41740719490396,1
2,36,yellow,green,pink,blue,0.360088438805159,0.0343619162190449,0.236288552934807,0.350800672447908,0.566341289401516,0.6787149749901,0.754681206783698,0.245318793216302,0
2,37,yellow,green,pink,blue,0.183549065743276,0.66375832522688,0.179968923266825,0.105310600267946,0.537988966504471,0.77838490628819,0.917128729521602,0.0828712704783978,0
2,38,yellow,green,pink,blue,0.629386400699585,0.688111873308254,0.0525009094351774,0.532763756607642,0.616967598597134,0.501261026830463,0.239200868332497,0.760799131667503,0
2,39,yellow,green,pink,blue,0.261067863064229,0.532743806777892,0.860865080113837,0.0189181159170056,0.602376991354688,0.775751362647399,0.849890656032091,0.150109343967909,0
2,40,yellow,green,pink,blue,0.72257197108638,0.616837668372254,0.404685312629569,0.857395969409144,0.611385375344844,0.388870294698857,0.0975145644411975,0.902485435558802,0
2,41,yellow,green,pink,blue,0.703240330381357,0.523864232014915,0.994267935374502,0.907769043388391,0.785221423127974,0.64290928828083,0.194172720941288,0.805827279058712,0
2,42,yellow,green,pink,blue,0.589653351466827,0.0589714479923397,0.885794268318197,0.571755332124225,0.681070207837674,0.611721567820872,0.333257955460537,0.666742044539463,0
2,43,yellow,green,pink,blue,0.805766573470637,0.315494751639421,0.829075742958174,0.558837567354544,0.674293240953494,0.385881848918719,0.052944479049443,0.947055520950557,0
2,44,yellow,green,pink,blue,0.231677924626896,0.184728828147358,0.959441470190701,0.867377766685741,0.6676709505687,0.845048267027638,0.854926273625909,0.145073726374091,0
2,45,yellow,green,pink,blue,0.925814729840876,0.437598487904367,0.556270423584317,0.49482357528698,0.681037923852179,0.194930561698287,0.00768268662501142,0.992317313374989,0
2,46,yellow,green,pink,blue,0.662378704824043,0.8892047078903,0.485584957139132,0.19303988859706,0.64495643596255,0.503577302373203,0.195636751785629,0.804363248214371,0
2,47,yellow,green,pink,blue,0.884285791290093,0.372821958751788,0.0956790856247717,0.39369995759381,0.770238807140364,0.457145522492474,0.0418491859463054,0.958150814053695,0
2,48,yellow,green,pink,blue,0.388344661425279,0.078721858453696,0.593985812882655,0.327711809743299,0.484903156738256,0.588885735936477,0.738816391131079,0.261183608868921,0
2,49,yellow,green,pink,blue,0.247385378390993,0.550033875100355,0.343333458188304,0.150049262566813,0.386678353230412,0.634140970499455,0.922343766011676,0.0776562339883237,0
2,50,yellow,green,pink,blue,0.956608881483869,0.12234897771611,0.933163328080823,0.660300572816085,0.924793570729799,0.631374902082196,0.0504892367266686,0.949510763273331,0
2,51,yellow,green,pink,blue,0.595691813376458,0.755308639044218,0.800260129473637,0.673456304523151,0.552203373709785,0.457424040207782,0.279328816587001,0.720671183412999,0
2,52,yellow,green,pink,blue,0.991707176308843,0.160795025918043,0.791193204171933,0.978196306981124,0.989269801417328,0.697816282188541,0.0514396961577793,0.948560303842221,0
2,53,yellow,green,pink,blue,0.130066486835294,0.671901315423491,0.352702327032985,0.598093588575983,0.274322923587452,0.667223035851036,0.980715885430697,0.0192841145693033,0
2,54,yellow,green,pink,blue,0.686085073809715,0.772336890737537,0.324967435821795,0.206698181691648,0.617251916807065,0.441491625053389,0.147090811704249,0.852909188295751,0
2,55,yellow,green,pink,blue,0.65327985778829,0.863673259704163,0.139645560705695,0.166385104573801,0.732152377508222,0.618681861785725,0.243293826398687,0.756706173601314,0
2,56,yellow,green,pink,blue,0.486082031277033,0.982865785242074,0.0832150697467478,0.990262576942321,0.838427793244993,0.846687151909509,0.520636666564899,0.479363333435101,1
2,57,yellow,green,pink,blue,0.287085567789325,0.00114277835921692,0.891838052863985,0.777753803795441,0.693482589627521,0.832966106349573,0.801363028282479,0.198636971717521,0
2,58,yellow,green,pink,blue,0.431447179226897,0.703539614372193,0.591295471065477,0.0402788760423869,0.542245173623608,0.602148361362214,0.645434783808622,0.354565216191378,0
2,59,yellow,green,pink,blue,0.611982884423376,0.487632992460192,0.256690551443978,0.591796116436196,0.445881785051106,0.294665372612704,0.18061829146238,0.81938170853762,0
2,60,yellow,green,pink,blue,0.335617531122086,0.236284038572205,0.162267671174483,0.881960122899773,0.580373268997413,0.7079658185567,0.7817554074806,0.2182445925194,0
2,61,yellow,green,pink,blue,0.281121830100036,0.258446267657658,0.0376337135561705,0.695650564670607,0.558012992871202,0.728187249348023,0.845762186879484,0.154237813120516,0
2,62,yellow,green,pink,blue,0.771297823465971,0.732646139963952,0.820699427624019,0.421699414497585,0.659435176312942,0.404421720847075,0.0724174463798955,0.927582553620105,0
2,63,yellow,green,pink,blue,0.511229262314768,0.34008002434725,0.543269766335141,0.504922142509221,0.309372956587793,0.290658500569147,0.453349932988938,0.546650067011062,1
2,64,yellow,green,pink,blue,0.20016603503728,0.354223462457295,0.851737209179702,0.0930302938903251,0.559533402912074,0.782886705684217,0.903220632261521,0.096779367738479,0
2,65,yellow,green,pink,blue,0.154717830707467,0.983879248903038,0.0403984130482872,0.30510016046012,0.701738829968289,0.915270208614809,0.89428840942065,0.10571159057935,0
2,66,yellow,green,pink,blue,0.997548578194373,0.251593594822883,0.414528802575378,0.333536453756755,0.809660457667609,0.397493998088209,0.0159586864451145,0.984041313554886,0
2,67,yellow,green,pink,blue,0.0951700332848971,0.714258320928563,0.942724958243906,0.454182126696182,0.517671336705327,0.820252143893195,0.953726525251923,0.046273474748077,0
2,68,yellow,green,pink,blue,0.920344607198072,0.992196313624912,0.731836844106409,0.613881648625128,0.870825157953241,0.5813706636271,0.0524238857371613,0.947576114262839,0
2,69,yellow,green,pink,blue,0.577433083303782,0.559601207551373,0.815735695656758,0.641264195839987,0.480009719194912,0.391121780546413,0.291341136847035,0.708658863152965,0
2,70,yellow,green,pink,blue,0.190041429029087,0.852293746865705,0.566008085903528,0.843235158412437,0.499873339645764,0.748219170203172,0.922974019030051,0.0770259809699494,0
2,71,yellow,green,pink,blue,0.77023304452608,0.231355828877755,0.467727673225473,0.978581549741642,0.756897558539718,0.550146225650332,0.112294682458581,0.887705317541419,0
2,72,yellow,green,pink,blue,0.980511896396022,0.0676856117713044,0.633618262944037,0.604806093140628,0.865668249618321,0.518526394700622,0.0301364920810207,0.969863507918979,0
2,73,yellow,green,pink,blue,0.164973748692441,0.351847199883911,0.121713557090074,0.149585109259109,0.543203409540156,0.793785988439963,0.924549221613619,0.0754507783863805,0
2,74,yellow,green,pink,blue,0.297495009300246,0.823313496862005,0.251155321936324,0.545262231062222,0.413230851368715,0.610953948528583,0.878385672426231,0.121614327573769,0
2,75,yellow,green,pink,blue,0.597370307015179,0.948229795426753,0.470153027693668,0.388836826493971,0.578639933468055,0.487292382034376,0.2862891663289,0.7137108336711,0
2,76,yellow,green,pink,blue,0.755031921874661,0.731674787352849,0.967100295778325,0.0634098802910302,0.847067924166116,0.680067751239854,0.158423948289496,0.841576051710504,0
2,77,yellow,green,pink,blue,0.866876692601499,0.960205772482194,0.0493940618071163,0.445765001230255,0.893483829471547,0.656838382652568,0.0857667394456019,0.914233260554398,0
2,78,yellow,green,pink,blue,0.365986989710247,0.161056593470934,0.398173948360185,0.351097805403156,0.401093533929286,0.543036861777942,0.805249556980327,0.194750443019673,0
2,79,yellow,green,pink,blue,0.318574608354094,0.836316345229467,0.44521610337438,0.891083718347196,0.523219754085393,0.67467347858878,0.819732653141073,0.180267346858927,0
2,80,yellow,green,pink,blue,0.350248657038114,0.155572499414484,0.894829972112577,0.939021465485398,0.690876725930825,0.791872460308339,0.733011801263999,0.266988198736001,0
2,81,yellow,green,pink,blue,0.21636134292557,0.247206823282493,0.0723182895270384,0.280124927999248,0.544327697444392,0.761532205017978,0.897710910543657,0.102289089456343,0
2,82,yellow,green,pink,blue,0.738765149832722,0.454877385049847,0.717268640038965,0.43521594019153,0.54067555744697,0.231440939740293,0.0434240739946547,0.956575926005345,0
2,83,yellow,green,pink,blue,0.042410478887437,0.123713094502363,0.865160514310143,0.196797010488654,0.640280796670177,0.931423115290339,0.948408245555722,0.0515917544442775,0
2,84,yellow,green,pink,blue,0.129532201660071,0.793139003570819,0.0854847261862152,0.570350365307163,0.526512157480842,0.804787456608923,0.941736681345522,0.0582633186544779,0
2,85,yellow,green,pink,blue,0.536607259887104,0.770865647494825,0.38259179686265,0.417145163032169,0.41971601182906,0.373569632998438,0.386638630084834,0.613361369915166,0
2,86,yellow,green,pink,blue,0.726018712802713,0.48225231589765,0.362951207564676,0.822548970291065,0.591378901359488,0.351724739207299,0.0834367955894112,0.916563204410589,0
2,87,yellow,green,pink,blue,0.0764270606834974,0.762675621889454,0.554030182572139,0.236487828313118,0.414106233778118,0.771399320825732,0.9726931444048,0.0273068555951995,0
2,88,yellow,green,pink,blue,0.592335284985177,0.628939247297066,0.324367539728065,0.218539594148776,0.493847646549546,0.389294506790615,0.260084117945098,0.739915882054902,0
2,89,yellow,green,pink,blue,0.712703088702362,0.606801144568225,0.354629246104701,0.920393079716143,0.650663991886058,0.458977713658014,0.128211815456626,0.871788184543374,0
2,90,yellow,green,pink,blue,0.612067327538803,0.0368127913146229,0.677672258399412,0.751394379513261,0.66362768584233,0.573004692718693,0.287771929022193,0.712228070977807,0
2,91,yellow,green,pink,blue,0.959254165435042,0.804025357037305,0.580176669934436,0.997711598488763,0.921747266109661,0.624791050788656,0.0488200511224732,0.951179948877527,0
2,92,yellow,green,pink,blue,0.560056703465239,0.906168226416191,0.164729517511992,0.696936825800937,0.642104506523741,0.5934993629591,0.3808241886487,0.6191758113513,0
2,93,yellow,green,pink,blue,0.677679805243336,0.19537318894001,0.977786597707296,0.501531720825142,0.709922452769989,0.571235576363746,0.19990811136605,0.80009188863395,0
2,94,yellow,green,pink,blue,0.420395207445307,0.702759888482767,0.279564944203837,0.156572500538483,0.486497852316042,0.562392169987113,0.681124242051906,0.318875757948094,0
2,95,yellow,green,pink,blue,0.279748538202529,0.0602764058174018,0.508853444939063,0.260139036317767,0.501850057479232,0.687098931733546,0.864419045154599,0.135580954845401,0
2,96,yellow,green,pink,blue,0.0899861467110607,0.444560130623875,0.879339721076394,0.178023714370886,0.5255904915946,0.828407640080409,0.953830716184486,0.0461692838155144,0
2,97,yellow,green,pink,blue,0.281253320302155,0.907357363036647,0.522795258989023,0.0359730040809303,0.618673959387441,0.775566984677647,0.827631053881758,0.172368946118242,0
2,98,yellow,green,pink,blue,0.336836244808606,0.317874618528441,0.623114111196088,0.88007930402126,0.447579657390178,0.602902400808708,0.825379384893034,0.174620615106966,0
2,99,yellow,green,pink,blue,0.482712392581312,0.4168079534167,0.494724339779525,0.782310578592764,0.375237351088321,0.397606183390636,0.555690063014419,0.444309936985581,1
2,100,yellow,green,pink,blue,0.226341956983867,0.590426987141036,0.740789399425185,0.927042356033068,0.499080606440055,0.723007257737228,0.903720656749422,0.0962793432505776,0
2,101,yellow,green,pink,blue,0.459844907813825,0.641700870029278,0.543552705561445,0.00276540535570796,0.559690184097633,0.59448144997251,0.586111312752052,0.413888687247948,1
2,102,yellow,green,pink,blue,0.176656699217008,0.000750535480938395,0.434934161523465,0.711465621004325,0.550981433258611,0.791785223768861,0.917438183958024,0.0825618160419764,0
2,103,yellow,green,pink,blue,0.658173007530475,0.658887217184079,0.302388610595689,0.0596148816206241,0.651797258028364,0.516397771144317,0.205218027014218,0.794781972985782,0
2,104,yellow,green,pink,blue,0.049077923034837,0.878111346057992,0.658687122516333,0.637685000390157,0.476945105032783,0.823649628288567,0.969735420381085,0.0302645796189146,0
2,105,yellow,green,pink,blue,0.858608030982807,0.516896428809131,0.0216431875591098,0.371342272667871,0.784899532102134,0.507404419089292,0.0586928748975704,0.94130712510243,0
2,106,yellow,green,pink,blue,0.887199949317623,0.342228440512056,0.693107934664657,0.659213061792981,0.702534777694019,0.326121395421952,0.0226622040665034,0.977337795933497,0
2,107,yellow,green,pink,blue,0.448653039221332,0.497675224021405,0.208655912895441,0.520943635478524,0.353254083533465,0.419684891688678,0.660227474193479,0.339772525806521,0
2,108,yellow,green,pink,blue,0.238209787534833,0.502625017900724,0.927604277662884,0.0934512103494065,0.590146792307569,0.781065585553531,0.870927888804249,0.129072111195751,0
2,109,yellow,green,pink,blue,0.65071563717444,0.390084479045287,0.645277265909557,0.59339688363015,0.449981005693399,0.227524214778127,0.0975658746314132,0.902434125368587,0
2,110,yellow,green,pink,blue,0.50153072657408,0.436341748845775,0.221651412048866,0.495829636419215,0.380546196535566,0.378529630443384,0.494958755605189,0.505041244394811,1
2,111,yellow,green,pink,blue,0.399202411628757,0.280532253155253,0.995967164374343,0.857131472907316,0.666298558170001,0.738072731504603,0.67210953765205,0.32789046234795,0
2,112,yellow,green,pink,blue,0.902151698589976,0.0240675394000452,0.295286380058408,0.325553885882908,0.850971596439424,0.567451283685822,0.0554512456166596,0.94454875438334,0
2,113,yellow,green,pink,blue,0.625211924034912,0.102796122784933,0.780845535288232,0.477391181309179,0.614768477873248,0.502720953762301,0.245923141845943,0.754076858154057,0
2,114,yellow,green,pink,blue,0.828607233503215,0.675738313015903,0.841859074393293,0.103594253641402,0.79979711665839,0.557734878156154,0.0816135938030168,0.918386406196983,0
2,115,yellow,green,pink,blue,0.806841873293268,0.136055379765717,0.00884487708093698,0.808119592395424,0.882439570983642,0.68691900770362,0.123986845421331,0.876013154578669,0
2,116,yellow,green,pink,blue,0.110724904440065,0.542624612878845,0.153287511849122,0.72478862080686,0.438125419657801,0.762383747800449,0.962405686875339,0.0375943131246609,0
2,117,yellow,green,pink,blue,0.521079474241874,0.612902553992811,0.0970819978197937,0.871898924722178,0.62199903114374,0.604816766055536,0.457149707957137,0.542850292042863,1
2,118,yellow,green,pink,blue,0.923470083275153,0.370475615059303,0.75919270936183,0.393299929339728,0.740880749531354,0.354166912275819,0.0204895406355445,0.979510459364455,0
2,119,yellow,green,pink,blue,0.0152002525658824,0.0911165339843788,0.328554202401877,0.742293977074259,0.55715046712409,0.891749062489392,0.965973144533971,0.0340268554660291,0
2,120,yellow,green,pink,blue,0.813139565455099,0.567855270600769,0.238529648055715,0.293738412783265,0.657754585872494,0.345689933005283,0.0422635943073547,0.957736405692645,0
2,121,yellow,green,pink,blue,0.485597176076163,0.394357090812418,0.136561749161782,0.220422242656674,0.526229548970927,0.539741013944635,0.533727367559342,0.466272632440658,1
2,122,yellow,green,pink,blue,0.254713543427965,0.866749836298651,0.912555206251066,0.675246428303543,0.579172486185888,0.762054607837771,0.861621240282329,0.138378759717671,0
2,123,yellow,green,pink,blue,0.700310899979633,0.3120334000283,0.798014647677552,0.0290064728517007,0.740782682162157,0.590294911219575,0.181699157359198,0.818300842640802,0
2,124,yellow,green,pink,blue,0.42764914683961,0.749127100435278,0.600790307597202,0.121253721910326,0.497223250478545,0.56531567639403,0.663944951242923,0.336055048757077,0
2,125,yellow,green,pink,blue,0.0203430573879847,0.923552873056204,0.847402637593866,0.958813019096667,0.750558010192309,1.02127090885614,0.93744600083047,0.0625539991695302,0
2,126,yellow,green,pink,blue,0.942062434660741,0.203350405330253,0.199375772409203,0.125031762354369,0.893267877483519,0.596544270178811,0.0489281799318992,0.951071820068101,0
2,127,yellow,green,pink,blue,0.788360341301184,0.296357293289703,0.173702241229579,0.560063047954325,0.664364362522846,0.39117728064038,0.061118721020555,0.938881278979445,0
2,128,yellow,green,pink,blue,0.378200070331023,0.174628294467726,0.794069591413233,0.776132679581859,0.533880310669782,0.637830789308449,0.738754442982069,0.261245557017931,0
2,129,yellow,green,pink,blue,0.261469255791754,0.363056616631595,0.644851099133861,0.256224169403092,0.315108759923146,0.581226526225833,0.934696586613196,0.0653034133868045,0
2,130,yellow,green,pink,blue,0.617215820960547,0.255232994827218,0.751119171471323,0.364709996787334,0.52547366178973,0.398631092959595,0.219526867397455,0.780473132602545,0
2,131,yellow,green,pink,blue,0.047507842511395,0.898761377211947,0.855753329809352,0.0614142604338028,0.720369066813414,0.985608314651532,0.934158296594855,0.0658417034051451,0
2,132,yellow,green,pink,blue,0.358309975185802,0.955054113527974,0.984563392453718,0.458960332914428,0.674752719553044,0.772645622105262,0.726895659916127,0.273104340083873,0
2,133,yellow,green,pink,blue,0.769987796341609,0.67143627685221,0.0789913225073966,0.268875919935504,0.72831610738393,0.510349444923056,0.101591351211382,0.898408648788618,0
2,134,yellow,green,pink,blue,0.325311091654093,0.425921485333002,0.32403355163358,0.342592774639325,0.258651526977588,0.491517569120113,0.911223030385326,0.0887769696146734,0
2,135,yellow,green,pink,blue,0.681599673563101,0.0560866226175728,0.217155497076262,0.786332388312134,0.738460976808901,0.603096128910188,0.205274530211232,0.794725469788768,0
2,136,yellow,green,pink,blue,0.914721998342474,0.400305826272035,0.931694296763462,0.40080959523652,0.804980102618045,0.482981332215318,0.0384204397652103,0.96157956023479,0
2,137,yellow,green,pink,blue,0.890826859961896,0.129212333044351,0.70542001432537,0.495621637948571,0.768348300417672,0.446690329862679,0.0385465441640234,0.961453455835977,0
2,138,yellow,green,pink,blue,0.0351909264553511,0.886166700003017,0.182983905908136,0.0658639478306372,0.695874251553247,0.974191997256927,0.941759966865162,0.0582400331348376,0
2,139,yellow,green,pink,blue,0.501550720145677,0.865521644689348,0.450394718015386,0.627485803492817,0.464324403445691,0.462651522735547,0.495817895755381,0.504182104244619,1
2,140,yellow,green,pink,blue,0.861324478305544,0.615586209906835,0.298772446408491,0.889265417617261,0.760984811526049,0.466661981596736,0.0500575386343442,0.949942461365656,0
2,141,yellow,green,pink,blue,0.236356844675833,0.646386702504725,0.523518312942397,0.0906886683167346,0.435550318155539,0.673310652648209,0.915103425324527,0.0848965746754727,0
2,142,yellow,green,pink,blue,0.655390410525001,0.786848480966358,0.964163128349623,0.852753555438473,0.765836742767104,0.656593866897283,0.251161203253153,0.748838796746848,0
2,143,yellow,green,pink,blue,0.736735667006319,0.285717620362748,0.139347703628915,0.300240297865904,0.672906059739046,0.464829967006442,0.11098086826343,0.889019131736569,0
2,144,yellow,green,pink,blue,0.18490227978115,0.201275687275317,0.370892728647162,0.415120684611078,0.342559650115996,0.657605378708571,0.958926736357863,0.0410732636421372,0
2,145,yellow,green,pink,blue,0.106844456026243,0.0346987420888767,0.493618106673839,0.296118848271134,0.527832381515961,0.819611229151094,0.948718812008749,0.0512811879912512,0
2,146,yellow,green,pink,blue,0.386789135092186,0.181706654434758,0.677386500234879,0.95978943621041,0.602407019735534,0.690003682841231,0.705985711278927,0.294014288721073,0
2,147,yellow,green,pink,blue,0.925594955344385,0.227217094999027,0.62821287687188,0.00856269853923256,0.888137500621586,0.60265517890911,0.0544325338299371,0.945567466170063,0
2,148,yellow,green,pink,blue,0.276367782047015,0.143848177012947,0.273634761095215,0.558633038275839,0.426870513749728,0.637064088975309,0.891091181354781,0.108908818645219,0
2,149,yellow,green,pink,blue,0.00320956655897276,0.753972174819823,0.616308374064272,0.581791288121524,0.381608223589029,0.801508122074756,0.985211390691472,0.0147886093085282,0
2,150,yellow,green,pink,blue,0.732107387475407,0.322385958606817,0.812667270592224,0.173128098912046,0.684529285406275,0.486284849757237,0.121058509176479,0.878941490823521,0
2,151,yellow,green,pink,blue,0.805167988378666,0.677384164140882,0.385107817458994,0.476687788218708,0.594491639836546,0.219664110534424,0.0230161204361733,0.976983879563827,0
2,152,yellow,green,pink,blue,0.938249376002227,0.164330132133637,0.87407044826581,0.664105931496629,0.867883010998048,0.561223257515946,0.0445062950349623,0.955493704965038,0
2,153,yellow,green,pink,blue,0.588918484056221,0.811739996145992,0.944846707424506,0.0949870648291648,0.757609157015799,0.696457572819744,0.351713491467913,0.648286508532087,0
2,154,yellow,green,pink,blue,0.607230228241368,0.0673592762471506,0.981535112532725,0.870028054656469,0.826793963242067,0.759182474384226,0.337128970080482,0.662871029919518,0
2,155,yellow,green,pink,blue,0.0785064085780656,0.713660993183367,0.142183957329843,0.681651243014609,0.485891517097984,0.810915629279467,0.962681776061967,0.0373182239380327,0
2,156,yellow,green,pink,blue,0.983420411383638,0.944440879500473,0.290100484847673,0.98601774841287,1.00782153848724,0.729577851949439,0.05828066649556,0.94171933350444,0
2,157,yellow,green,pink,blue,0.310270461963719,0.600685428797696,0.778150661911004,0.641359058887777,0.333347053997277,0.548497763391014,0.89580952515488,0.10419047484512,0
2,158,yellow,green,pink,blue,0.636856097910226,0.533307797989356,0.191707103156659,0.443754526608322,0.498974060867234,0.334841776826179,0.162285143827247,0.837714856172753,0
2,159,yellow,green,pink,blue,0.157396820587688,0.82184335575934,0.66221938773127,0.510020749606025,0.372255342019798,0.693669387442309,0.961362953630157,0.0386370463698432,0
2,160,yellow,green,pink,blue,0.884718853715302,0.301289894060871,0.794889541947299,0.803759783981958,0.788405719016967,0.486687501445597,0.0466556482504671,0.953344351749533,0
2,161,yellow,green,pink,blue,0.664625722981739,0.343828652261561,0.0131762809791068,0.947891516394371,0.796183473749583,0.685041897178715,0.247607040295593,0.752392959704407,0
2,162,yellow,green,pink,blue,0.465168075491925,0.571640597588518,0.35548397517691,0.313122915829923,0.327471528460593,0.376921114373275,0.621164968488251,0.37883503151175,0
2,163,yellow,green,pink,blue,0.795468310970705,0.770588615391581,0.536804937696991,0.165351081267235,0.695771786795538,0.434315632150111,0.0682071234031942,0.931792876596806,0
2,164,yellow,green,pink,blue,0.715878057384305,0.019985596996729,0.558781912573822,0.430994922897963,0.675035706725544,0.489688827695864,0.135466135481097,0.864533864518903,0
2,165,yellow,green,pink,blue,0.519089811137934,0.636574817291626,0.696148828013523,0.605606877796459,0.375085566965039,0.348711014175851,0.434443198407363,0.565556801592637,1
2,166,yellow,green,pink,blue,0.109555480564123,0.843489763476723,0.242542611763499,0.237796538949412,0.522249789274574,0.814364391309697,0.948881915434348,0.0511180845656523,0
2,167,yellow,green,pink,blue,0.295705468267575,0.9776388990488,0.748428998912182,0.546175119575797,0.542288684081141,0.705954353067449,0.837079499123323,0.162920500876677,0
2,168,yellow,green,pink,blue,0.538151681031663,0.743896776488993,0.399896156304529,0.6140505244799,0.406872621983641,0.356922469856101,0.377657820297777,0.622342179702223,0
2,169,yellow,green,pink,blue,0.363544990994626,0.917988679090912,0.46355971514203,0.914034840873578,0.600299712348651,0.70485087334219,0.739912074093391,0.260087925906609,0
2,170,yellow,green,pink,blue,0.996462696688095,0.0907135664872928,0.103772282411617,0.348308109684505,0.951172316658344,0.638957024602677,0.0422026615327638,0.957797338467236,0
2,171,yellow,green,pink,blue,0.214126003831491,0.553616398557103,0.252095016477441,0.70323660211302,0.326991833367592,0.626735714043493,0.952458286456184,0.0475417135438164,0
2,172,yellow,green,pink,blue,0.75747617806488,0.443074639000776,0.481006824275429,0.523896475081654,0.511570474395915,0.0650243970274414,0.0113686631612675,0.988631336838732,0
2,173,yellow,green,pink,blue,0.961027456552135,0.277286716311665,0.0222709435860871,0.0318894386032209,1.00125611096041,0.735857556313339,0.0657437869895898,0.93425621301041,0
2,174,yellow,green,pink,blue,0.151236488944629,0.123331192949692,0.331652740600606,0.117562141646296,0.571168220903563,0.821581796065074,0.924431243434377,0.0755687565656227,0
2,175,yellow,green,pink,blue,0.41093765063785,0.46376702387344,0.412027359838641,0.700997104516509,0.274504603591267,0.405481351920097,0.787474244816837,0.212525755183163,0
2,176,yellow,green,pink,blue,0.823372056497013,0.858386500951926,0.720389008926403,0.764368348509208,0.758721515567621,0.502281078369685,0.0714647268685967,0.928535273131403,0
2,177,yellow,green,pink,blue,0.554097775868569,0.997700521959788,0.0486222706364973,0.818528220254119,0.803357547117636,0.768950955940816,0.414822157815317,0.585177842184683,1
2,178,yellow,green,pink,blue,0.332777010494825,0.698697491671494,0.112098740658721,0.899625869735131,0.597077004600842,0.723687735786844,0.780075655709642,0.219924344290358,0
2,179,yellow,green,pink,blue,0.837955986046699,0.502845962989948,0.512698178145854,0.378716047675133,0.600475962760584,0.150384160756882,0.0109769716908735,0.989023028309126,0
2,180,yellow,green,pink,blue,0.687947785709517,0.418664053975437,0.898280244704282,0.771472507976934,0.656306540446284,0.492737749033958,0.163052663152018,0.836947336847982,0
2,181,yellow,green,pink,blue,0.391752477246362,0.216550088657366,0.881987179625827,0.734439742013526,0.54892059086856,0.639969794469338,0.713100837985302,0.286899162014698,0
2,182,yellow,green,pink,blue,0.0175074502965369,0.92204665524928,0.231202713903485,0.016001937254564,0.733949773914338,1.01053194918932,0.940800708301516,0.059199291698484,0
2,183,yellow,green,pink,blue,0.227672148219068,0.383699167620431,0.429600204316645,0.730074597834341,0.26816947696974,0.586722012676494,0.960285922607862,0.0397140773921374,0
2,184,yellow,green,pink,blue,0.443454061191565,0.0138546568178563,0.583534984049601,0.19031649926335,0.613713070316958,0.658171460552873,0.609350739248684,0.390649260751316,0
2,185,yellow,green,pink,blue,0.0699284402639668,0.497781599475399,0.565122573581814,0.128121442619646,0.418288535530042,0.777841152608873,0.973286935166888,0.0267130648331114,0
2,186,yellow,green,pink,blue,0.131284248119649,0.579346997902094,0.167157404663079,0.838931322503994,0.496032267564839,0.784068722973864,0.946867207196636,0.0531327928033638,0
2,187,yellow,green,pink,blue,0.499994684802038,0.520811808531241,0.607484421489807,0.565296397303533,0.28061894833997,0.280628418670299,0.500023675825804,0.499976324174196,1
2,188,yellow,green,pink,blue,0.565461539529267,0.0946982977506164,0.832902393983199,0.936930654634984,0.752009211145664,0.707146600160573,0.389687470353332,0.610312529646668,0
2,189,yellow,green,pink,blue,0.852175643661524,0.242522666542269,0.914454708205796,0.970261139920384,0.906547476934796,0.685312107200304,0.0986465953428063,0.901353404657194,0
2,190,yellow,green,pink,blue,0.422956389252013,0.330648843508768,0.0369371686134845,0.21957589096006,0.593008088925061,0.654753544685739,0.649639406306322,0.350360593693678,0
2,191,yellow,green,pink,blue,0.197114857618637,0.722303207534246,0.811788425433387,0.213394287633152,0.481217633675503,0.731064671107566,0.924034517939406,0.0759654820605943,0
2,192,yellow,green,pink,blue,0.475200298287339,0.476855039671324,0.0723334235549789,0.142155633610235,0.601832331054439,0.622094732669455,0.55048339950487,0.44951660049513,1
