condition,iSession,iBlock,iTrial,stiID,probCat1,probCat2,ambiguous,choice,presskey,rating,feedback,choRT,rateRT,recDU
1,1,1,1,7,0.145,0.855,0,2,1,1,1,6.654,0.67,11.698
1,1,1,2,30,0.303,0.697,0,1,2,1,0,5.632,1.265,13.27
1,1,1,3,53,0.901,0.099,0,1,2,1,1,12.808,0.537,10.402
1,1,1,4,11,0.937,0.063,0,2,1,1,0,10.125,1.987,15.898
1,1,1,5,55,0.326,0.674,0,2,1,1,0,8.44,3.135,11.57
1,1,1,6,10,0.887,0.113,0,1,2,3,1,5.43,1.942,6.028
1,1,1,7,12,0.961,0.039,0,2,1,1,0,13.862,1.526,6.13
1,1,1,8,6,0.871,0.129,0,1,2,2,1,8.592,1.843,8.835
1,1,1,9,42,0.976,0.024,0,1,2,1,1,3.464,1.703,6.766
1,1,1,10,46,0.654,0.346,0,2,1,1,1,4.512,1.382,6.719
1,1,1,11,45,0.072,0.928,0,1,2,1,0,22.585,1.662,6.594
1,1,1,12,47,0.816,0.184,0,1,2,4,1,2.329,1.023,6.912
1,1,1,13,28,0.114,0.886,0,2,1,2,1,8.345,1.343,9.504
1,1,1,14,41,0.147,0.853,0,2,1,1,1,12.783,1.187,9.345
1,1,1,15,16,0.082,0.918,0,1,2,1,0,4.22,1.156,7.941
1,1,1,16,19,0.97,0.03,0,2,1,1,0,4.991,0.812,5.843
1,1,1,17,3,0.011,0.989,0,2,1,1,1,5.543,0.868,8.628
1,1,1,18,38,0.025,0.975,0,2,1,2,1,7.634,1.333,6.783
1,1,1,19,34,0.06,0.94,0,2,1,3,1,4.8,1.874,6.31
1,1,1,20,14,0.792,0.208,0,1,2,2,1,12.524,0.928,9.662
1,1,1,21,13,0.552,0.448,1,2,1,3,1,5.351,2.645,9.992
1,1,1,22,44,0.174,0.826,0,1,2,2,0,15.508,1.114,6.942
1,1,1,23,58,0.099,0.901,0,2,1,2,1,10.687,1.102,4.969
1,1,1,24,37,0.916,0.084,0,2,1,1,0,6.134,2.187,9.086
1,1,1,25,48,0.052,0.948,0,1,2,1,0,3.312,1.429,6.621
1,1,1,26,54,0.7,0.3,0,2,1,1,0,4.056,1.264,8.515
1,1,1,27,31,0.891,0.109,0,1,2,5,1,2.312,1.246,6.335
1,1,1,28,2,0.875,0.125,0,1,2,5,1,2.121,1.455,6.502
1,1,1,29,17,0.708,0.292,0,2,1,2,0,4.731,1.559,5.492
1,1,1,30,24,0.24,0.76,0,1,2,2,1,2.54,1.105,7.49
1,1,1,31,51,0.775,0.225,0,2,1,1,0,3.714,0.96,7.431
1,1,1,32,20,0.061,0.939,0,1,2,3,0,14.778,1.054,8.592
1,1,1,33,56,0.094,0.906,0,1,2,1,0,3.237,1.231,7.062
1,1,1,34,9,0.12,0.88,0,1,2,6,1,2.306,0.873,0.014
1,1,1,35,39,0.018,0.982,0,2,1,1,1,7.994,1.164,6.57
1,1,1,36,15,0.649,0.351,0,1,2,6,0,2.201,1.082,5.527
1,1,1,37,35,0.033,0.967,0,2,1,1,1,3.454,0.984,7.127
1,1,1,38,40,0.836,0.164,0,1,2,1,1,9.2,1.619,7.079
1,1,1,39,26,0.953,0.047,0,1,2,4,1,2.128,1.917,5.325
1,1,1,40,21,0.903,0.097,0,1,2,4,1,2.953,1.092,6.649
1,1,1,41,59,0.04,0.96,0,1,2,1,0,3.89,0.486,7.433
1,1,1,42,29,0.083,0.917,0,2,1,1,1,1.589,1.359,6.904
1,1,1,43,27,0.965,0.035,0,1,2,1,1,16.877,0.651,5.839
1,1,1,44,25,0.415,0.585,1,2,1,2,1,8.557,0.306,0.013
1,1,1,45,43,0.359,0.641,0,1,2,4,1,2.089,2.0,6.902
1,1,1,46,1,0.122,0.878,0,2,1,2,1,3.898,1.21,5.398
1,1,1,47,49,0.509,0.491,1,2,1,1,1,7.338,0.944,5.298
1,1,1,48,32,0.94,0.06,0,1,2,2,1,1.706,1.063,6.613
1,1,1,49,22,0.074,0.926,0,1,2,4,0,1.221,0.687,7.119
1,1,1,50,52,0.596,0.404,1,2,1,3,0,3.805,1.063,6.689
1,1,1,51,23,0.339,0.661,0,2,1,3,0,6.983,1.201,5.603
1,1,1,52,36,0.959,0.041,0,2,1,2,0,11.313,1.176,5.561
1,1,1,53,5,0.192,0.808,0,2,1,1,1,6.157,1.065,5.952
1,1,1,54,18,0.47,0.53,1,2,1,1,1,4.02,1.174,4.946
1,1,1,55,33,0.18,0.82,0,2,1,3,1,3.122,1.12,6.497
1,1,1,56,50,0.105,0.895,0,2,1,4,0,3.149,1.377,6.407
1,1,1,57,63,0.977,0.023,0,2,1,1,0,3.348,0.959,7.99
1,1,1,58,57,0.886,0.114,0,1,2,3,1,3.588,1.247,5.716
1,1,1,59,62,0.388,0.612,0,2,1,3,0,4.952,1.582,7.967
1,1,1,60,60,0.631,0.369,0,1,2,6,1,1.652,0.429,7.143
1,1,1,61,61,0.978,0.022,0,2,1,3,0,4.338,0.942,7.102
1,1,1,62,8,0.952,0.048,0,1,2,6,1,0.98,0.478,4.436
1,1,1,63,64,0.932,0.068,0,2,1,3,0,6.726,0.988,4.155
1,1,1,64,4,0.181,0.819,0,2,1,3,1,23.383,1.107,4.938
1,1,1,65,71,0.145,0.855,0,1,2,2,0,10.498,1.26,6.233
1,1,1,66,94,0.303,0.697,0,1,2,1,0,12.274,3.322,7.68
1,1,2,67,117,0.901,0.099,0,1,2,1,1,9.844,0.882,8.456
1,1,2,68,75,0.937,0.063,0,1,2,4,1,5.713,1.7,5.466
1,1,2,69,119,0.326,0.674,0,1,2,2,0,12.095,0.956,5.7
1,1,2,70,74,0.887,0.113,0,1,2,3,1,2.266,0.736,6.729
1,1,2,71,76,0.961,0.039,0,1,2,3,1,4.636,1.435,6.343
1,1,2,72,70,0.871,0.129,0,1,2,5,1,1.709,1.107,5.799
1,1,2,73,106,0.976,0.024,0,1,2,3,1,2.055,0.967,5.301
1,1,2,74,110,0.654,0.346,0,2,1,4,1,11.979,1.543,4.586
1,1,2,75,109,0.072,0.928,0,1,2,3,0,16.276,0.94,8.225
1,1,2,76,111,0.816,0.184,0,1,2,5,1,1.566,0.314,4.566
1,1,2,77,92,0.114,0.886,0,2,1,5,1,1.678,1.087,5.916
1,1,2,78,105,0.147,0.853,0,2,1,1,1,3.687,1.439,4.575
1,1,2,79,80,0.082,0.918,0,2,1,6,1,2.089,0.335,5.218
1,1,2,80,83,0.97,0.03,0,2,1,3,0,4.11,0.963,6.359
1,1,2,81,67,0.011,0.989,0,2,1,2,1,2.08,0.75,5.471
1,1,2,82,102,0.025,0.975,0,2,1,2,1,2.186,1.261,4.433
1,1,2,83,98,0.06,0.94,0,2,1,3,1,2.539,0.695,4.797
1,1,2,84,78,0.792,0.208,0,1,2,1,1,2.965,1.477,6.788
1,1,2,85,77,0.552,0.448,1,2,1,4,1,1.741,0.402,4.963
1,1,2,86,108,0.174,0.826,0,2,1,3,0,2.292,1.747,4.864
1,1,2,87,122,0.099,0.901,0,2,1,3,1,4.588,0.288,4.453
1,1,2,88,101,0.916,0.084,0,2,1,4,0,2.204,1.615,3.733
1,1,2,89,112,0.052,0.948,0,1,2,3,0,3.393,1.26,6.297
1,1,2,90,118,0.7,0.3,0,2,1,3,0,5.72,2.007,5.442
1,1,2,91,95,0.891,0.109,0,1,2,6,1,3.067,0.993,3.726
1,1,2,92,66,0.875,0.125,0,1,2,6,1,1.785,1.14,4.194
1,1,2,93,81,0.708,0.292,0,2,1,2,0,5.511,0.734,5.2
1,1,2,94,88,0.24,0.76,0,2,1,3,1,4.42,1.07,4.15
1,1,2,95,115,0.775,0.225,0,2,1,4,0,2.413,1.846,5.535
1,1,2,96,84,0.061,0.939,0,1,2,3,0,5.522,0.743,8.656
1,1,2,97,120,0.094,0.906,0,2,1,2,1,1.758,0.947,4.634
1,1,2,98,73,0.12,0.88,0,1,2,6,1,1.393,0.31,5.032
1,1,2,99,103,0.018,0.982,0,2,1,3,1,2.843,0.852,4.529
1,1,2,100,79,0.649,0.351,0,1,2,3,0,1.315,1.024,3.853
1,1,2,101,99,0.033,0.967,0,2,1,2,1,4.46,1.324,3.671
1,1,2,102,104,0.836,0.164,0,2,1,5,0,2.229,0.703,8.01
1,1,2,103,90,0.953,0.047,0,1,2,3,1,1.736,0.701,3.753
1,1,2,104,85,0.903,0.097,0,1,2,6,1,1.148,1.0,2.724
1,1,2,105,123,0.04,0.96,0,2,1,3,0,2.154,0.437,4.78
1,1,2,106,93,0.083,0.917,0,2,1,3,1,4.206,0.28,6.134
1,1,2,107,91,0.965,0.035,0,2,1,3,0,3.444,0.454,9.545
1,1,2,108,89,0.415,0.585,1,2,1,3,1,3.037,0.262,6.588
1,1,2,109,107,0.359,0.641,0,1,2,5,1,1.33,1.519,5.134
1,1,2,110,65,0.122,0.878,0,2,1,3,1,4.857,0.755,5.018
1,1,2,111,113,0.509,0.491,1,2,1,3,1,3.953,2.051,4.403
1,1,2,112,96,0.94,0.06,0,1,2,5,1,1.463,1.143,6.3
1,1,2,113,86,0.074,0.926,0,1,2,3,0,2.063,0.855,4.237
1,1,2,114,116,0.596,0.404,1,2,1,2,0,4.564,1.377,4.788
1,1,2,115,87,0.339,0.661,0,2,1,3,0,9.689,0.281,4.202
1,1,2,116,100,0.959,0.041,0,1,2,1,1,4.281,1.886,5.79
1,1,2,117,69,0.192,0.808,0,2,1,2,1,2.482,0.897,4.391
1,1,2,118,82,0.47,0.53,1,2,1,1,1,10.295,1.007,4.167
1,1,2,119,97,0.18,0.82,0,2,1,5,1,1.9,1.459,5.752
1,1,2,120,114,0.105,0.895,0,2,1,6,0,2.614,0.968,4.372
1,1,2,121,127,0.977,0.023,0,2,1,1,0,10.328,1.037,4.816
1,1,2,122,121,0.886,0.114,0,2,1,3,0,4.684,0.546,4.981
1,1,2,123,126,0.388,0.612,0,2,1,3,0,4.792,0.66,3.974
1,1,2,124,124,0.631,0.369,0,1,2,6,1,6.236,0.301,4.164
1,1,2,125,125,0.978,0.022,0,2,1,2,0,5.08,1.824,5.009
1,1,2,126,72,0.952,0.048,0,1,2,6,1,1.151,0.308,3.553
1,1,2,127,128,0.932,0.068,0,1,2,3,1,6.146,0.284,5.329
1,1,2,128,68,0.181,0.819,0,1,2,1,0,1.792,0.604,4.316
1,1,3,129,162,0.824,0.176,0,2,1,1,0,4.782,1.888,6.087
1,1,3,130,181,0.046,0.954,0,1,2,1,0,2.62,1.55,4.599
1,1,3,131,174,0.032,0.968,0,2,1,1,1,26.223,0.77,6.017
1,1,3,132,148,0.452,0.548,1,2,1,1,1,8.358,0.955,3.902
1,1,3,133,157,0.042,0.958,0,1,2,1,0,2.929,0.967,7.894
1,1,3,134,137,0.163,0.837,0,1,2,1,0,5.434,1.363,6.789
1,1,3,135,166,0.125,0.875,0,2,1,2,1,3.135,0.366,4.521
1,1,3,136,172,0.201,0.799,0,2,1,3,0,4.423,1.482,4.287
1,1,3,137,130,0.878,0.122,0,2,1,6,0,10.493,0.333,3.79
1,1,3,138,192,0.041,0.959,0,1,2,1,0,15.077,1.093,3.421
1,1,3,139,177,0.04,0.96,0,2,1,2,1,3.541,0.601,3.968
1,1,3,140,156,0.383,0.617,0,1,2,2,1,3.337,1.126,4.164
1,1,3,141,184,0.597,0.403,1,1,2,6,1,1.221,0.872,4.911
1,1,3,142,163,0.92,0.08,0,2,1,6,0,3.972,0.544,4.816
1,1,3,143,153,0.162,0.838,0,1,2,3,0,28.762,0.83,5.095
1,1,3,144,150,0.233,0.767,0,1,2,3,0,15.042,0.515,4.531
1,1,3,145,168,0.271,0.729,0,1,2,3,0,3.158,0.362,6.854
1,1,3,146,183,0.655,0.345,0,2,1,3,0,31.123,0.266,3.859
1,1,3,147,143,0.969,0.031,0,1,2,6,1,1.087,1.115,5.298
1,1,3,148,170,0.971,0.029,0,1,2,4,1,3.614,2.598,5.721
1,1,3,149,176,0.782,0.218,0,1,2,5,1,2.996,1.165,5.827
1,1,3,150,149,0.913,0.087,0,2,1,5,0,3.783,0.978,3.215
1,1,3,151,131,0.106,0.894,0,2,1,4,1,14.601,0.885,4.392
1,1,3,152,159,0.874,0.126,0,1,2,5,1,3.57,0.901,3.396
1,1,3,153,185,0.773,0.227,0,2,1,2,0,7.686,0.532,6.388
1,1,3,154,188,0.931,0.069,0,1,2,6,1,1.502,0.212,5.577
1,1,3,155,187,0.989,0.011,0,1,2,6,1,1.188,0.263,4.11
1,1,3,156,140,0.373,0.627,0,1,2,3,1,1.602,1.005,4.744
1,1,3,157,142,0.145,0.855,0,1,2,6,0,2.292,0.418,4.308
1,1,3,158,178,0.072,0.928,0,1,2,1,0,5.322,1.534,6.453
1,1,3,159,151,0.054,0.946,0,2,1,3,1,10.781,0.538,4.894
1,1,3,160,154,0.984,0.016,0,1,2,1,1,3.172,1.021,4.754
1,1,3,161,186,0.694,0.306,0,1,2,6,1,1.204,0.462,5.109
1,1,3,162,139,0.863,0.137,0,1,2,3,1,2.579,0.879,3.823
1,1,3,163,136,0.394,0.606,0,2,1,3,1,2.133,0.97,4.809
1,1,3,164,146,0.474,0.526,1,2,1,3,0,8.174,0.74,4.555
1,1,3,165,189,0.083,0.917,0,2,1,5,1,1.886,0.663,6.669
1,1,3,166,144,0.956,0.044,0,2,1,3,0,4.936,1.166,4.641
1,1,3,167,147,0.59,0.41,1,1,2,2,1,2.531,1.497,7.934
1,1,3,168,129,0.887,0.113,0,2,1,2,0,3.595,0.725,10.114
1,1,3,169,190,0.509,0.491,1,2,1,2,1,8.636,0.878,4.03
1,1,3,170,182,0.9,0.1,0,2,1,3,0,2.282,0.256,5.137
1,1,3,171,141,0.031,0.969,0,2,1,2,1,5.679,0.743,4.587
1,1,3,172,161,0.191,0.809,0,2,1,6,1,1.703,0.454,3.703
1,1,3,173,179,0.981,0.019,0,1,2,2,1,1.338,0.647,4.47
1,1,3,174,175,0.869,0.131,0,2,1,2,0,4.645,0.862,5.596
1,1,3,175,164,0.93,0.07,0,1,2,2,1,3.391,0.665,5.795
1,1,3,176,160,0.043,0.957,0,2,1,4,1,1.653,1.101,3.86
1,1,3,177,133,0.852,0.148,0,2,1,1,0,5.832,0.312,5.62
1,1,3,178,155,0.649,0.351,0,2,1,3,1,2.833,0.266,5.364
1,1,3,179,173,0.165,0.835,0,2,1,2,1,4.236,1.946,4.622
1,1,3,180,135,0.204,0.796,0,1,2,2,0,6.971,0.128,5.613
1,1,3,181,167,0.018,0.982,0,2,1,5,1,1.669,0.461,4.163
1,1,3,182,134,0.807,0.193,0,1,2,6,1,1.053,0.758,6.442
1,1,3,183,158,0.008,0.992,0,2,1,5,1,1.897,0.233,5.996
1,1,3,184,191,0.302,0.698,0,2,1,3,0,2.216,1.01,4.214
1,1,3,185,180,0.961,0.039,0,2,1,4,0,5.173,0.024,5.437
1,1,3,186,132,0.617,0.383,0,2,1,3,0,2.213,1.67,5.388
1,1,3,187,169,0.907,0.093,0,1,2,4,0,4.104,0.926,9.859
1,1,3,188,152,0.09,0.91,0,2,1,3,1,1.694,0.491,2.73
1,1,3,189,171,0.949,0.051,0,1,2,6,1,1.741,0.376,4.749
1,1,3,190,138,0.051,0.949,0,2,1,6,1,1.732,0.658,4.913
1,1,3,191,145,0.82,0.18,0,2,1,1,1,11.228,0.278,5.201
1,1,3,192,165,0.22,0.78,0,1,2,4,1,1.514,0.272,5.485
1,1,4,193,194,0.054,0.946,0,1,2,2,0,7.08,0.374,4.104
1,1,4,194,241,0.32,0.68,0,1,2,6,0,1.474,0.28,4.373
1,1,4,195,211,0.173,0.827,0,2,1,6,1,1.735,0.229,3.957
1,1,4,196,220,0.952,0.048,0,2,1,3,0,3.646,0.949,4.259
1,1,4,197,212,0.094,0.906,0,2,1,2,1,4.61,0.373,6.368
1,1,4,198,223,0.369,0.631,0,2,1,6,1,3.278,0.886,5.598
1,1,4,199,254,0.767,0.233,0,1,2,6,1,1.534,0.9,4.462
1,1,4,200,230,0.017,0.983,0,2,1,4,1,5.692,0.124,4.092
1,1,4,201,195,0.928,0.072,0,1,2,6,1,6.98,0.249,4.566
1,1,4,202,256,0.057,0.943,0,2,1,6,1,1.757,0.346,7.211
1,1,4,203,235,0.33,0.67,0,1,2,6,0,1.417,0.355,5.1
1,1,4,204,251,0.121,0.879,0,2,1,4,1,11.266,0.73,5.16
1,1,4,205,228,0.037,0.963,0,2,1,4,1,4.382,1.17,6.231
1,1,4,206,222,0.52,0.48,1,1,2,5,0,1.646,1.447,4.842
1,1,4,207,247,0.835,0.165,0,1,2,2,1,1.152,2.034,6.789
1,1,4,208,193,0.962,0.038,0,1,2,3,1,16.907,0.504,4.5
1,1,4,209,224,0.069,0.931,0,1,2,3,0,2.091,0.529,4.924
1,1,4,210,225,0.974,0.026,0,1,2,3,1,6.704,0.727,4.115
1,1,4,211,218,0.977,0.023,0,2,1,2,0,5.854,1.112,3.665
1,1,4,212,216,0.078,0.922,0,2,1,2,1,19.822,0.72,6.146
1,1,4,213,237,0.151,0.849,0,2,1,2,1,6.615,0.2,6.082
1,1,4,214,204,0.898,0.102,0,1,2,3,1,4.156,0.92,4.254
1,1,4,215,199,0.895,0.105,0,1,2,6,1,2.334,0.573,5.241
1,1,4,216,243,0.107,0.893,0,1,2,3,0,2.985,0.579,4.381
1,1,4,217,209,0.969,0.031,0,1,2,2,1,3.259,0.595,5.349
1,1,4,218,207,0.687,0.313,0,1,2,2,0,11.382,0.241,4.475
1,1,4,219,233,0.71,0.29,0,1,2,2,1,12.034,0.202,5.414
1,1,4,220,250,0.743,0.257,0,1,2,3,1,1.815,0.624,6.244
1,1,4,221,205,0.477,0.523,1,2,1,2,0,4.87,0.661,5.684
1,1,4,222,203,0.933,0.067,0,1,2,3,1,1.289,0.302,2.64
1,1,4,223,214,0.305,0.695,0,2,1,3,1,8.507,0.361,4.48
1,1,4,224,238,0.867,0.133,0,1,2,1,1,31.143,0.795,3.282
1,1,4,225,242,0.691,0.309,0,2,1,4,0,1.722,0.342,3.836
1,1,4,226,252,0.435,0.565,1,2,1,2,0,3.331,0.569,5.661
1,1,4,227,231,0.045,0.955,0,2,1,5,0,3.523,0.297,6.104
1,1,4,228,206,0.329,0.671,0,1,2,4,1,6.361,1.085,2.663
1,1,4,229,213,0.191,0.809,0,2,1,2,0,8.552,0.317,5.478
1,1,4,230,201,0.068,0.932,0,1,2,3,0,5.503,0.435,3.438
1,1,4,231,221,0.207,0.793,0,2,1,6,1,2.227,0.581,4.034
1,1,4,232,219,0.916,0.084,0,2,1,3,0,3.22,0.893,3.78
1,1,4,233,248,0.94,0.06,0,2,1,3,0,3.246,1.644,4.718
1,1,4,234,197,0.958,0.042,0,1,2,6,1,3.54,1.016,4.885
1,1,4,235,232,0.951,0.049,0,1,2,4,1,0.917,0.395,4.615
1,1,4,236,227,0.05,0.95,0,2,1,6,1,2.311,0.245,3.624
1,1,4,237,200,0.956,0.044,0,2,1,6,0,1.824,0.418,4.208
1,1,4,238,210,0.915,0.085,0,1,2,6,1,2.491,0.298,4.007
1,1,4,239,249,0.208,0.792,0,1,2,3,1,10.636,0.27,4.344
1,1,4,240,229,0.04,0.96,0,2,1,5,1,2.572,0.312,3.99
1,1,4,241,202,0.863,0.137,0,1,2,3,1,185.162,0.848,4.217
1,1,4,242,215,0.612,0.388,0,1,2,3,1,2.73,0.311,0.02
1,1,4,243,253,0.56,0.44,1,2,1,6,0,2.637,0.35,4.434
1,1,4,244,236,0.12,0.88,0,1,2,3,0,5.465,0.393,7.566
1,1,4,245,240,0.858,0.142,0,2,1,1,0,9.48,0.856,6.394
1,1,4,246,198,0.797,0.203,0,1,2,6,1,0.993,0.243,7.191
1,1,4,247,208,0.009,0.991,0,2,1,5,1,7.328,0.302,11.759
1,1,4,248,217,0.84,0.16,0,2,1,2,0,3.36,0.42,9.456
1,1,4,249,244,0.09,0.91,0,2,1,2,1,9.617,0.851,7.152
1,1,4,250,245,0.96,0.04,0,2,1,5,0,2.933,0.138,10.113
1,1,4,251,234,0.096,0.904,0,2,1,4,1,2.995,0.278,8.156
1,1,4,252,246,0.184,0.816,0,2,1,6,1,1.457,0.559,14.85
1,1,4,253,255,0.334,0.666,0,1,2,2,0,3.466,0.223,11.019
1,1,4,254,226,0.094,0.906,0,1,2,6,0,3.037,0.214,5.14
1,1,4,255,239,0.702,0.298,0,1,2,4,0,12.343,0.763,6.069
1,1,4,256,196,0.951,0.049,0,1,2,3,1,1.882,0.455,4.833
1,1,5,257,268,0.899,0.101,0,1,2,3,1,5.096,0.582,8.403
1,1,5,258,300,0.07,0.93,0,2,1,6,1,1.38,0.4,11.388
1,1,5,259,298,0.19,0.81,0,1,2,6,0,1.078,0.318,11.502
1,1,5,260,286,0.873,0.127,0,1,2,4,1,1.961,0.485,9.618
1,1,5,261,299,0.909,0.091,0,1,2,6,1,1.586,1.363,5.575
1,1,5,262,310,0.963,0.037,0,2,1,4,0,4.281,0.911,9.506
1,1,5,263,265,0.914,0.086,0,1,2,6,1,4.63,0.367,9.83
1,1,5,264,295,0.074,0.926,0,2,1,3,1,2.444,1.38,7.277
1,1,5,265,287,0.041,0.959,0,2,1,6,1,1.042,0.432,8.88
1,1,5,266,275,0.036,0.964,0,1,2,3,0,4.401,0.249,7.781
1,1,5,267,274,0.531,0.469,1,1,2,6,0,2.301,0.473,6.294
1,1,5,268,276,0.132,0.868,0,1,2,4,0,7.888,0.262,5.541
1,1,5,269,272,0.122,0.878,0,2,1,3,1,7.602,1.492,7.104
1,1,5,270,259,0.066,0.934,0,1,2,3,0,5.766,0.514,5.833
1,1,5,271,318,0.017,0.983,0,2,1,6,1,10.212,0.263,7.636
1,1,5,272,307,0.948,0.052,0,1,2,6,1,1.105,1.04,7.365
1,1,5,273,316,0.106,0.894,0,1,2,2,0,3.85,0.754,4.659
1,1,5,274,269,0.989,0.011,0,1,2,5,1,4.84,0.376,5.108
1,1,5,275,301,0.931,0.069,0,1,2,3,1,3.008,0.809,5.05
1,1,5,276,305,0.249,0.751,0,2,1,1,1,12.081,0.864,7.317
1,1,5,277,273,0.895,0.105,0,2,1,1,0,6.771,1.478,6.06
1,1,5,278,264,0.972,0.028,0,1,2,6,1,1.049,0.361,8.236
1,1,5,279,291,0.952,0.048,0,1,2,6,1,1.0,0.218,5.074
1,1,5,280,290,0.652,0.348,0,1,2,5,1,1.498,0.248,7.587
1,1,5,281,308,0.773,0.227,0,2,1,6,0,1.533,0.331,6.574
1,1,5,282,293,0.03,0.97,0,2,1,2,1,8.423,1.897,8.504
1,1,5,283,283,0.143,0.857,0,1,2,6,0,1.154,0.382,6.238
1,1,5,284,317,0.022,0.978,0,2,1,6,1,9.584,0.284,5.813
1,1,5,285,285,0.124,0.876,0,2,1,6,1,1.704,0.325,4.742
1,1,5,286,311,0.059,0.941,0,2,1,6,1,1.175,0.299,4.331
1,1,5,287,313,0.937,0.063,0,1,2,1,1,2.738,1.021,4.673
1,1,5,288,306,0.035,0.965,0,2,1,5,1,2.704,0.936,5.197
1,1,5,289,267,0.859,0.141,0,1,2,6,1,1.735,0.316,4.652
1,1,5,290,263,0.899,0.101,0,1,2,6,1,0.714,0.48,3.303
1,1,5,291,319,0.979,0.021,0,1,2,4,1,1.365,1.273,3.796
1,1,5,292,266,0.56,0.44,1,2,1,1,0,5.151,0.306,4.811
1,1,5,293,294,0.404,0.596,1,1,2,2,1,1.972,1.585,5.501
1,1,5,294,292,0.078,0.922,0,2,1,4,1,8.261,0.902,8.438
1,1,5,295,288,0.868,0.132,0,1,2,6,1,1.078,0.27,2.759
1,1,5,296,284,0.477,0.523,1,2,1,5,0,2.277,0.78,4.585
1,1,5,297,258,0.35,0.65,0,1,2,4,0,2.682,0.616,5.453
1,1,5,298,289,0.034,0.966,0,2,1,6,1,1.485,0.317,3.622
1,1,5,299,303,0.73,0.27,0,1,2,2,1,6.41,1.1,3.724
1,1,5,300,281,0.697,0.303,0,2,1,5,0,3.881,0.503,4.63
1,1,5,301,304,0.296,0.704,0,2,1,6,0,7.393,1.31,5.605
1,1,5,302,296,0.636,0.364,0,1,2,6,0,4.142,0.955,3.177
1,1,5,303,278,0.769,0.231,0,1,2,6,1,0.984,0.332,3.804
1,1,5,304,297,0.764,0.236,0,1,2,6,1,0.912,1.046,2.308
1,1,5,305,312,0.432,0.568,1,1,2,6,0,0.728,0.734,5.295
1,1,5,306,302,0.929,0.071,0,1,2,3,1,2.366,0.321,3.731
1,1,5,307,279,0.945,0.055,0,1,2,4,1,2.768,0.419,5.34
1,1,5,308,270,0.292,0.708,0,1,2,3,1,1.094,0.707,2.92
1,1,5,309,309,0.175,0.825,0,2,1,5,1,2.853,0.301,3.686
1,1,5,310,257,0.937,0.063,0,2,1,3,1,2.671,0.967,5.476
1,1,5,311,262,0.22,0.78,0,2,1,6,0,7.473,0.248,3.003
1,1,5,312,277,0.079,0.921,0,2,1,6,1,4.362,0.335,2.942
1,1,5,313,261,0.423,0.577,1,2,1,4,1,2.497,0.392,4.75
1,1,5,314,282,0.03,0.97,0,2,1,5,1,6.148,0.616,5.765
1,1,5,315,260,0.167,0.833,0,2,1,5,1,5.265,0.137,5.608
1,1,5,316,315,0.105,0.895,0,2,1,4,1,2.873,0.658,4.023
1,1,5,317,314,0.949,0.051,0,1,2,6,1,0.929,0.191,3.351
1,1,5,318,320,0.972,0.028,0,1,2,5,1,0.736,0.349,4.219
1,1,5,319,271,0.693,0.307,0,2,1,1,0,2.855,0.768,3.64
1,1,5,320,280,0.557,0.443,1,2,1,4,1,1.911,0.887,4.783
1,2,1,1,7,0.145,0.855,0,1,2,3,0,2.633,1.687,7.534
1,2,1,2,30,0.303,0.697,0,2,1,6,1,1.811,1.334,9.651
1,2,1,3,53,0.901,0.099,0,1,2,2,1,7.297,2.449,11.23
1,2,1,4,11,0.937,0.063,0,1,2,3,1,6.566,2.322,5.985
1,2,1,5,55,0.326,0.674,0,1,2,1,0,6.947,2.409,6.642
1,2,1,6,10,0.887,0.113,0,1,2,6,1,1.272,0.688,4.644
1,2,1,7,12,0.961,0.039,0,1,2,4,1,4.267,0.779,8.81
1,2,1,8,6,0.871,0.129,0,2,1,2,0,3.65,1.113,5.615
1,2,1,9,42,0.976,0.024,0,1,2,6,1,1.247,1.058,5.752
1,2,1,10,46,0.654,0.346,0,2,1,6,0,5.251,0.299,8.626
1,2,1,11,45,0.072,0.928,0,2,1,5,1,6.764,1.898,6.838
1,2,1,12,47,0.816,0.184,0,1,2,6,0,1.798,0.787,4.273
1,2,1,13,28,0.114,0.886,0,2,1,2,1,11.934,0.573,5.674
1,2,1,14,41,0.147,0.853,0,2,1,4,1,6.705,0.536,5.933
1,2,1,15,16,0.082,0.918,0,2,1,6,1,2.129,0.709,4.275
1,2,1,16,19,0.97,0.03,0,1,2,3,1,2.247,0.561,4.925
1,2,1,17,3,0.011,0.989,0,2,1,2,1,4.699,1.05,3.923
1,2,1,18,38,0.025,0.975,0,2,1,4,1,2.163,1.887,4.158
1,2,1,19,34,0.06,0.94,0,2,1,5,1,2.956,2.008,4.536
1,2,1,20,14,0.792,0.208,0,2,1,2,0,17.327,0.533,5.82
1,2,1,21,13,0.552,0.448,1,2,1,2,0,5.7,1.676,3.054
1,2,1,22,44,0.174,0.826,0,1,2,2,0,9.732,2.801,5.55
1,2,1,23,58,0.099,0.901,0,2,1,6,1,1.569,0.415,3.994
1,2,1,24,37,0.916,0.084,0,1,2,4,1,3.052,2.061,6.867
1,2,1,25,48,0.052,0.948,0,2,1,3,0,5.846,0.616,6.25
1,2,1,26,54,0.7,0.3,0,2,1,3,0,11.822,0.352,10.565
1,2,1,27,31,0.891,0.109,0,1,2,1,1,12.545,1.869,5.082
1,2,1,28,2,0.875,0.125,0,1,2,6,1,5.685,1.54,5.349
1,2,1,29,17,0.708,0.292,0,1,2,3,0,4.786,0.598,3.551
1,2,1,30,24,0.24,0.76,0,1,2,3,0,3.412,0.31,4.034
1,2,1,31,51,0.775,0.225,0,2,1,3,1,5.354,1.831,5.528
1,2,1,32,20,0.061,0.939,0,2,1,4,1,1.621,1.831,5.249
1,2,1,33,56,0.094,0.906,0,2,1,6,1,1.691,1.37,3.925
1,2,1,34,9,0.12,0.88,0,1,2,3,0,7.446,0.535,4.614
1,2,1,35,39,0.018,0.982,0,2,1,6,1,5.265,0.616,5.557
1,2,1,36,15,0.649,0.351,0,1,2,6,1,2.401,0.678,5.255
1,2,1,37,35,0.033,0.967,0,2,1,4,1,6.127,0.173,4.63
1,2,1,38,40,0.836,0.164,0,2,1,2,0,7.117,0.34,4.403
1,2,1,39,26,0.953,0.047,0,1,2,6,1,1.525,0.97,3.845
1,2,1,40,21,0.903,0.097,0,1,2,6,1,1.185,1.181,4.37
1,2,1,41,59,0.04,0.96,0,2,1,2,1,5.639,0.678,4.07
1,2,1,42,29,0.083,0.917,0,2,1,4,0,3.309,0.963,6.624
1,2,1,43,27,0.965,0.035,0,1,2,3,1,3.811,0.661,6.052
1,2,1,44,25,0.415,0.585,1,1,2,4,0,2.036,0.621,4.213
1,2,1,45,43,0.359,0.641,0,2,1,2,1,14.532,1.057,5.938
1,2,1,46,1,0.122,0.878,0,2,1,6,1,1.296,0.344,3.373
1,2,1,47,49,0.509,0.491,1,1,2,3,1,1.955,0.4,2.933
1,2,1,48,32,0.94,0.06,0,1,2,6,1,1.038,0.488,7.064
1,2,1,49,22,0.074,0.926,0,2,1,4,1,2.425,1.173,6.521
1,2,1,50,52,0.596,0.404,1,2,1,6,0,1.101,0.364,4.986
1,2,1,51,23,0.339,0.661,0,2,1,3,0,13.849,0.587,3.561
1,2,1,52,36,0.959,0.041,0,1,2,6,1,1.245,1.382,3.702
1,2,1,53,5,0.192,0.808,0,2,1,4,1,2.894,0.517,3.907
1,2,1,54,18,0.47,0.53,1,2,1,4,0,3.673,1.52,3.824
1,2,1,55,33,0.18,0.82,0,2,1,3,1,18.504,0.416,2.5
1,2,1,56,50,0.105,0.895,0,2,1,3,1,6.958,0.219,7.02
1,2,1,57,63,0.977,0.023,0,1,2,4,1,3.463,1.376,5.014
1,2,1,58,57,0.886,0.114,0,1,2,3,1,2.591,0.499,4.653
1,2,1,59,62,0.388,0.612,0,2,1,1,1,17.168,1.461,7.525
1,2,1,60,60,0.631,0.369,0,1,2,6,0,1.82,0.879,4.448
1,2,1,61,61,0.978,0.022,0,1,2,4,1,9.668,0.51,8.058
1,2,1,62,8,0.952,0.048,0,1,2,6,1,1.453,0.239,4.384
1,2,1,63,64,0.932,0.068,0,2,1,2,0,4.481,0.767,4.131
1,2,1,64,4,0.181,0.819,0,2,1,6,1,2.763,0.239,5.073
1,2,2,65,100,0.869,0.131,0,2,1,4,0,10.514,0.583,11.172
1,2,2,66,119,0.583,0.417,1,2,1,1,0,18.802,0.756,5.323
1,2,2,67,112,0.925,0.075,0,1,2,6,1,1.66,0.764,3.754
1,2,2,68,86,0.041,0.959,0,2,1,5,1,1.554,0.254,6.342
1,2,2,69,95,0.124,0.876,0,1,2,2,0,11.839,0.575,4.997
1,2,2,70,75,0.744,0.256,0,2,1,4,0,17.31,0.324,3.386
1,2,2,71,104,0.125,0.875,0,2,1,2,1,21.077,0.279,5.922
1,2,2,72,110,0.793,0.207,0,1,2,5,1,3.787,0.191,5.246
1,2,2,73,68,0.053,0.947,0,2,1,6,1,1.99,0.386,3.136
1,2,2,74,115,0.076,0.924,0,1,2,2,0,6.815,0.328,7.706
1,2,2,75,94,0.007,0.993,0,2,1,6,1,1.773,0.097,3.816
1,2,2,76,122,0.828,0.172,0,1,2,3,1,2.182,0.489,7.424
1,2,2,77,101,0.434,0.566,1,2,1,5,1,13.103,0.332,4.222
1,2,2,78,91,0.145,0.855,0,2,1,5,1,6.143,0.294,4.846
1,2,2,79,88,0.673,0.327,0,1,2,6,0,0.986,0.27,2.832
1,2,2,80,106,0.232,0.768,0,2,1,3,0,9.445,0.848,8.712
1,2,2,81,121,0.962,0.038,0,1,2,6,1,0.991,0.307,5.033
1,2,2,82,81,0.967,0.033,0,1,2,4,1,3.656,0.519,6.686
1,2,2,83,108,0.016,0.984,0,2,1,6,1,6.747,0.318,4.399
1,2,2,84,114,0.864,0.136,0,1,2,5,1,1.65,0.522,4.034
1,2,2,85,87,0.019,0.981,0,2,1,4,1,1.521,0.696,4.142
1,2,2,86,69,0.969,0.031,0,1,2,4,1,2.646,0.712,6.239
1,2,2,87,66,0.932,0.068,0,1,2,6,1,4.409,0.348,4.529
1,2,2,88,97,0.93,0.07,0,1,2,5,1,1.435,0.252,3.291
1,2,2,89,123,0.986,0.014,0,1,2,6,1,1.794,0.437,4.454
1,2,2,90,126,0.538,0.462,1,1,2,2,0,2.503,0.965,7.231
1,2,2,91,125,0.047,0.953,0,2,1,5,1,3.054,0.768,6.025
1,2,2,92,78,0.924,0.076,0,1,2,6,1,1.102,0.355,6.036
1,2,2,93,80,0.405,0.595,1,2,1,3,1,3.414,1.241,6.747
1,2,2,94,116,0.951,0.049,0,1,2,6,1,0.951,0.781,2.92
1,2,2,95,89,0.036,0.964,0,2,1,6,1,4.973,0.327,3.125
1,2,2,96,92,0.052,0.948,0,2,1,2,1,5.063,1.36,3.51
1,2,2,97,124,0.835,0.165,0,1,2,6,1,1.33,0.503,4.294
1,2,2,98,77,0.192,0.808,0,2,1,3,1,6.097,0.296,5.344
1,2,2,99,74,0.696,0.304,0,1,2,2,1,4.401,0.548,4.983
1,2,2,100,84,0.183,0.817,0,2,1,3,1,3.707,0.85,3.358
1,2,2,101,127,0.935,0.065,0,1,2,6,1,0.929,0.296,3.687
1,2,2,102,82,0.927,0.073,0,1,2,5,1,1.604,0.311,2.557
1,2,2,103,85,0.098,0.902,0,2,1,6,1,1.249,1.249,3.54
1,2,2,104,67,0.344,0.656,0,2,1,6,1,1.033,0.452,3.494
1,2,2,105,128,0.398,0.602,0,1,2,2,1,5.614,0.946,3.673
1,2,2,106,120,0.09,0.91,0,2,1,5,1,2.765,1.074,4.087
1,2,2,107,79,0.596,0.404,1,2,1,1,1,2.421,0.632,8.604
1,2,2,108,99,0.974,0.026,0,1,2,4,1,1.338,0.296,3.913
1,2,2,109,117,0.211,0.789,0,2,1,6,1,0.884,0.362,3.832
1,2,2,110,65,0.169,0.831,0,2,1,4,1,4.194,0.74,4.108
1,2,2,111,113,0.73,0.27,0,1,2,6,1,0.906,0.338,3.361
1,2,2,112,102,0.1,0.9,0,2,1,2,1,2.612,0.375,6.677
1,2,2,113,98,0.071,0.929,0,2,1,3,1,2.655,0.72,3.248
1,2,2,114,71,0.852,0.148,0,1,2,6,0,1.679,0.392,3.501
1,2,2,115,93,0.056,0.944,0,2,1,6,1,2.38,0.256,3.093
1,2,2,116,111,0.973,0.027,0,1,2,4,1,2.364,0.321,5.286
1,2,2,117,73,0.035,0.965,0,2,1,5,0,1.978,0.31,4.967
1,2,2,118,105,0.353,0.647,0,2,1,3,1,4.462,0.334,3.775
1,2,2,119,72,0.741,0.259,0,2,1,4,1,4.455,0.382,3.36
1,2,2,120,96,0.906,0.094,0,1,2,6,1,0.96,0.285,3.375
1,2,2,121,118,0.176,0.824,0,2,1,6,1,1.309,0.277,2.652
1,2,2,122,70,0.698,0.302,0,1,2,6,1,0.82,0.431,3.041
1,2,2,123,107,0.928,0.072,0,1,2,4,1,4.41,0.765,4.378
1,2,2,124,90,0.93,0.07,0,1,2,5,1,1.588,0.256,5.269
1,2,2,125,109,0.028,0.972,0,2,1,4,1,1.496,0.448,4.554
1,2,2,126,76,0.484,0.516,1,2,1,2,1,2.178,0.246,3.774
1,2,2,127,83,0.516,0.484,1,1,2,1,1,0.894,0.925,4.742
1,2,2,128,103,0.232,0.768,0,1,2,4,1,1.36,0.3,3.104
1,2,3,129,132,0.814,0.186,0,1,2,6,1,1.525,1.011,4.269
1,2,3,130,179,0.208,0.792,0,2,1,6,0,2.319,0.246,3.801
1,2,3,131,149,0.459,0.541,1,1,2,3,0,6.109,0.268,6.349
1,2,3,132,158,0.965,0.035,0,1,2,3,1,1.255,0.751,3.133
1,2,3,133,150,0.045,0.955,0,2,1,6,1,1.855,0.28,3.587
1,2,3,134,161,0.193,0.807,0,2,1,4,1,1.143,0.867,7.325
1,2,3,135,192,0.041,0.959,0,2,1,6,1,0.949,0.736,4.158
1,2,3,136,168,0.248,0.752,0,1,2,2,1,2.917,1.028,8.426
1,2,3,137,133,0.037,0.963,0,2,1,5,1,1.493,0.518,4.338
1,2,3,138,173,0.705,0.295,0,1,2,3,1,3.996,0.301,4.12
1,2,3,139,189,0.496,0.504,1,2,1,3,1,3.804,0.51,5.335
1,2,3,140,166,0.801,0.199,0,1,2,4,1,0.921,0.368,1.942
1,2,3,141,160,0.411,0.589,1,1,2,1,0,3.795,0.51,3.886
1,2,3,142,185,0.866,0.134,0,1,2,6,1,0.878,0.262,2.256
1,2,3,143,131,0.163,0.837,0,1,2,1,0,0.834,1.166,3.971
1,2,3,144,162,0.245,0.755,0,2,1,2,1,6.485,0.35,5.35
1,2,3,145,163,0.011,0.989,0,2,1,6,1,1.039,0.273,3.03
1,2,3,146,156,0.665,0.335,0,2,1,6,1,1.723,0.234,2.864
1,2,3,147,154,0.915,0.085,0,1,2,6,1,2.586,0.375,5.414
1,2,3,148,175,0.104,0.896,0,2,1,3,1,6.682,0.312,3.091
1,2,3,149,142,0.751,0.249,0,1,2,2,1,3.601,0.476,3.598
1,2,3,150,137,0.544,0.456,1,2,1,4,1,3.919,0.598,2.748
1,2,3,151,181,0.104,0.896,0,2,1,6,1,2.092,0.37,2.183
1,2,3,152,147,0.942,0.058,0,1,2,6,1,2.285,0.245,2.472
1,2,3,153,145,0.039,0.961,0,2,1,6,1,3.024,0.219,2.551
1,2,3,154,171,0.061,0.939,0,2,1,6,1,1.015,0.233,2.644
1,2,3,155,188,0.275,0.725,0,1,2,3,0,2.923,0.338,2.732
1,2,3,156,143,0.964,0.036,0,1,2,6,1,2.097,0.239,2.661
1,2,3,157,141,0.308,0.692,0,2,1,6,0,0.73,0.233,2.189
1,2,3,158,152,0.341,0.659,0,1,2,2,0,4.088,0.103,4.824
1,2,3,159,129,0.948,0.052,0,1,2,6,1,1.44,0.267,2.372
1,2,3,160,176,0.091,0.909,0,2,1,5,1,2.264,0.378,4.665
1,2,3,161,180,0.95,0.05,0,1,2,5,1,6.632,0.208,5.848
1,2,3,162,190,0.699,0.301,0,2,1,4,0,2.448,0.529,3.32
1,2,3,163,169,0.056,0.944,0,2,1,4,0,2.675,0.418,4.757
1,2,3,164,144,0.052,0.948,0,2,1,4,0,1.793,0.325,5.974
1,2,3,165,151,0.928,0.072,0,1,2,4,1,2.569,0.379,2.503
1,2,3,166,130,0.611,0.389,0,1,2,4,0,1.055,0.409,2.02
1,2,3,167,139,0.904,0.096,0,1,2,5,1,1.83,0.24,3.273
1,2,3,168,159,0.279,0.721,0,2,1,2,1,2.833,1.677,5.464
1,2,3,169,157,0.058,0.942,0,2,1,5,1,6.8,0.244,3.244
1,2,3,170,186,0.634,0.366,0,1,2,6,1,1.791,0.882,3.169
1,2,3,171,135,0.944,0.056,0,1,2,6,1,1.211,0.279,2.301
1,2,3,172,170,0.02,0.98,0,2,1,5,1,1.336,0.319,3.735
1,2,3,173,165,0.982,0.018,0,1,2,6,1,1.429,0.559,3.794
1,2,3,174,138,0.917,0.083,0,1,2,6,1,2.103,0.278,2.76
1,2,3,175,148,0.021,0.979,0,2,1,6,1,0.856,0.265,3.728
1,2,3,176,187,0.952,0.048,0,1,2,6,1,0.739,0.233,1.94
1,2,3,177,167,0.902,0.098,0,1,2,5,1,2.818,0.492,2.614
1,2,3,178,140,0.173,0.827,0,2,1,6,1,1.569,0.269,2.417
1,2,3,179,153,0.94,0.06,0,1,2,6,1,1.715,0.226,3.755
1,2,3,180,191,0.022,0.978,0,2,1,6,1,1.623,0.362,2.922
1,2,3,181,174,0.791,0.209,0,1,2,6,0,1.86,0.252,3.072
1,2,3,182,178,0.933,0.067,0,1,2,6,1,5.122,0.257,1.782
1,2,3,183,136,0.91,0.09,0,1,2,6,1,0.796,0.264,0.017
1,2,3,184,146,0.978,0.022,0,1,2,6,1,1.664,0.322,2.275
1,2,3,185,155,0.866,0.134,0,1,2,6,0,0.724,0.283,2.701
1,2,3,186,182,0.138,0.862,0,2,1,6,1,0.961,0.358,3.22
1,2,3,187,183,0.109,0.891,0,2,1,6,1,1.062,0.304,2.541
1,2,3,188,172,0.74,0.26,0,1,2,6,1,0.637,0.431,2.282
1,2,3,189,184,0.965,0.035,0,1,2,6,1,1.363,0.481,2.574
1,2,3,190,164,0.286,0.714,0,2,1,6,0,1.442,0.827,3.144
1,2,3,191,177,0.589,0.411,1,2,1,3,0,1.396,0.615,3.181
1,2,3,192,134,0.141,0.859,0,2,1,2,1,2.066,0.388,3.166
1,2,4,193,206,0.81,0.19,0,1,2,5,0,2.782,0.977,3.522
1,2,4,194,238,0.163,0.837,0,2,1,4,1,2.251,0.235,6.337
1,2,4,195,236,0.115,0.885,0,2,1,6,1,1.352,0.39,2.457
1,2,4,196,224,0.504,0.496,1,2,1,2,0,6.32,0.261,3.862
1,2,4,197,237,0.298,0.702,0,2,1,2,1,1.018,0.316,5.151
1,2,4,198,193,0.043,0.957,0,2,1,6,1,1.718,0.286,2.543
1,2,4,199,248,0.686,0.314,0,1,2,6,0,1.173,0.457,2.537
1,2,4,200,203,0.868,0.132,0,1,2,2,1,1.579,1.256,4.888
1,2,4,201,233,0.956,0.044,0,1,2,6,1,0.884,0.269,2.671
1,2,4,202,225,0.97,0.03,0,1,2,6,1,1.693,0.261,2.637
1,2,4,203,213,0.018,0.982,0,2,1,6,1,1.111,0.245,2.673
1,2,4,204,212,0.086,0.914,0,2,1,2,1,1.146,0.303,4.692
1,2,4,205,214,0.076,0.924,0,2,1,3,1,2.181,0.706,3.475
1,2,4,206,210,0.951,0.049,0,1,2,6,1,0.767,0.236,2.334
1,2,4,207,197,0.7,0.3,0,1,2,6,0,0.699,0.379,2.301
1,2,4,208,256,0.586,0.414,1,1,2,4,1,2.155,1.248,3.435
1,2,4,209,245,0.017,0.983,0,2,1,6,1,1.102,0.286,2.326
1,2,4,210,254,0.275,0.725,0,2,1,6,1,1.722,0.799,4.454
1,2,4,211,207,0.653,0.347,0,1,2,4,0,5.548,0.279,3.12
1,2,4,212,239,0.896,0.104,0,1,2,6,1,1.243,0.429,2.361
1,2,4,213,243,0.482,0.518,1,2,1,6,0,2.561,0.287,3.319
1,2,4,214,211,0.969,0.031,0,1,2,6,1,3.387,0.159,2.32
1,2,4,215,202,0.063,0.937,0,2,1,6,0,1.343,0.261,3.528
1,2,4,216,229,0.985,0.015,0,1,2,6,1,2.414,0.248,2.839
1,2,4,217,228,0.077,0.923,0,2,1,6,1,1.46,0.287,2.421
1,2,4,218,246,0.892,0.108,0,1,2,6,1,0.916,0.244,2.262
1,2,4,219,231,0.258,0.742,0,2,1,4,0,2.065,0.538,2.857
1,2,4,220,221,0.064,0.936,0,2,1,2,1,3.215,0.376,2.554
1,2,4,221,255,0.854,0.146,0,1,2,2,1,2.806,0.202,3.22
1,2,4,222,223,0.89,0.11,0,1,2,6,1,1.661,0.199,2.539
1,2,4,223,249,0.094,0.906,0,1,2,2,0,8.243,0.235,2.59
1,2,4,224,251,0.892,0.108,0,1,2,6,1,1.524,0.306,1.872
1,2,4,225,244,0.964,0.036,0,1,2,6,1,3.931,0.33,2.662
1,2,4,226,205,0.946,0.054,0,1,2,6,1,1.219,0.494,2.355
1,2,4,227,201,0.051,0.949,0,2,1,6,1,0.911,0.31,2.516
1,2,4,228,204,0.24,0.76,0,2,1,4,1,3.483,0.633,4.155
1,2,4,229,232,0.839,0.161,0,1,2,6,0,0.735,0.245,3.557
1,2,4,230,230,0.678,0.322,0,1,2,2,1,3.251,0.46,2.782
1,2,4,231,226,0.834,0.166,0,1,2,4,1,1.988,0.417,2.46
1,2,4,232,222,0.067,0.933,0,2,1,3,1,1.734,1.253,3.741
1,2,4,233,196,0.787,0.213,0,1,2,2,1,1.633,0.339,2.438
1,2,4,234,227,0.737,0.263,0,1,2,6,1,2.286,0.285,3.236
1,2,4,235,241,0.091,0.909,0,2,1,6,1,2.863,0.28,2.168
1,2,4,236,219,0.463,0.537,1,1,2,2,1,1.468,0.284,3.696
1,2,4,237,242,0.239,0.761,0,2,1,3,0,2.716,0.3,4.765
1,2,4,238,234,0.961,0.039,0,1,2,6,1,1.864,0.329,2.778
1,2,4,239,216,0.956,0.044,0,1,2,6,1,1.023,0.425,4.003
1,2,4,240,235,0.39,0.61,0,2,1,3,1,2.509,1.483,5.251
1,2,4,241,250,0.028,0.972,0,2,1,6,1,1.917,0.26,2.372
1,2,4,242,240,0.6,0.4,1,1,2,6,0,0.923,0.226,2.087
1,2,4,243,217,0.949,0.051,0,1,2,6,1,0.865,0.395,2.342
1,2,4,244,208,0.066,0.934,0,2,1,2,1,1.499,0.563,3.196
1,2,4,245,247,0.893,0.107,0,1,2,3,1,1.571,0.279,2.37
1,2,4,246,195,0.584,0.416,1,2,1,2,0,1.88,0.351,3.429
1,2,4,247,200,0.019,0.981,0,2,1,4,1,0.92,0.438,2.845
1,2,4,248,194,0.092,0.908,0,2,1,6,0,2.117,0.253,2.495
1,2,4,249,215,0.037,0.963,0,2,1,6,1,6.359,0.333,2.702
1,2,4,250,199,0.203,0.797,0,2,1,6,1,0.803,0.27,3.024
1,2,4,251,220,0.982,0.018,0,1,2,4,1,1.227,0.405,4.658
1,2,4,252,198,0.941,0.059,0,1,2,6,1,0.857,0.275,2.427
1,2,4,253,253,0.088,0.912,0,2,1,2,1,3.524,0.279,3.021
1,2,4,254,252,0.402,0.598,1,2,1,2,0,11.741,0.282,3.288
1,2,4,255,209,0.182,0.818,0,1,2,6,1,2.094,0.27,1.904
1,2,4,256,218,0.18,0.82,0,2,1,6,1,1.032,0.186,2.192
1,2,5,257,263,0.145,0.855,0,2,1,3,1,10.026,2.827,5.002
1,2,5,258,286,0.303,0.697,0,2,1,6,1,1.362,0.329,3.045
1,2,5,259,309,0.901,0.099,0,1,2,4,1,2.808,0.355,3.265
1,2,5,260,267,0.937,0.063,0,1,2,6,1,1.124,0.514,2.514
1,2,5,261,311,0.326,0.674,0,1,2,2,0,1.531,0.314,5.952
1,2,5,262,266,0.887,0.113,0,1,2,6,1,0.768,0.318,2.667
1,2,5,263,268,0.961,0.039,0,1,2,5,1,1.667,1.612,5.285
1,2,5,264,262,0.871,0.129,0,1,2,2,1,1.924,0.33,3.838
1,2,5,265,298,0.976,0.024,0,1,2,6,1,1.279,0.287,3.86
1,2,5,266,302,0.654,0.346,0,1,2,6,0,2.685,0.26,4.155
1,2,5,267,301,0.072,0.928,0,2,1,6,1,1.834,0.236,4.583
1,2,5,268,303,0.816,0.184,0,1,2,6,0,0.763,0.297,2.256
1,2,5,269,284,0.114,0.886,0,2,1,3,1,9.936,0.654,4.44
1,2,5,270,297,0.147,0.853,0,2,1,6,1,2.377,0.517,2.42
1,2,5,271,272,0.082,0.918,0,2,1,6,1,1.573,0.296,2.071
1,2,5,272,275,0.97,0.03,0,1,2,6,1,1.376,0.268,2.173
1,2,5,273,259,0.011,0.989,0,2,1,3,1,1.746,0.447,3.117
1,2,5,274,294,0.025,0.975,0,2,1,6,1,2.622,0.273,3.228
1,2,5,275,290,0.06,0.94,0,2,1,6,1,2.785,0.245,2.186
1,2,5,276,270,0.792,0.208,0,1,2,6,1,3.021,0.288,2.431
1,2,5,277,269,0.552,0.448,1,1,2,3,1,2.541,0.315,2.426
1,2,5,278,300,0.174,0.826,0,2,1,3,1,2.794,0.284,4.837
1,2,5,279,314,0.099,0.901,0,2,1,6,1,1.116,0.194,2.025
1,2,5,280,293,0.916,0.084,0,1,2,6,1,1.701,0.197,2.106
1,2,5,281,304,0.052,0.948,0,2,1,6,0,1.649,0.314,2.029
1,2,5,282,310,0.7,0.3,0,2,1,1,0,2.235,1.229,6.468
1,2,5,283,287,0.891,0.109,0,1,2,6,1,3.042,0.252,2.183
1,2,5,284,258,0.875,0.125,0,1,2,3,1,4.118,0.34,4.148
1,2,5,285,273,0.708,0.292,0,1,2,6,0,1.205,0.281,2.091
1,2,5,286,280,0.24,0.76,0,2,1,5,1,1.87,0.367,2.708
1,2,5,287,307,0.775,0.225,0,1,2,4,1,1.52,0.374,2.067
1,2,5,288,276,0.061,0.939,0,2,1,6,1,0.801,0.333,0.018
1,2,5,289,312,0.094,0.906,0,2,1,6,1,1.483,0.25,2.348
1,2,5,290,265,0.12,0.88,0,2,1,3,1,2.23,0.368,2.408
1,2,5,291,295,0.018,0.982,0,2,1,6,1,1.286,0.23,5.276
1,2,5,292,271,0.649,0.351,0,1,2,6,1,0.775,0.267,2.998
1,2,5,293,291,0.033,0.967,0,2,1,4,1,1.358,0.412,2.774
1,2,5,294,296,0.836,0.164,0,1,2,6,0,3.288,0.28,2.815
1,2,5,295,282,0.953,0.047,0,1,2,6,1,0.823,0.329,2.451
1,2,5,296,277,0.903,0.097,0,1,2,6,1,0.853,0.319,2.653
1,2,5,297,315,0.04,0.96,0,2,1,6,1,1.129,0.239,2.241
1,2,5,298,285,0.083,0.917,0,2,1,4,0,1.105,0.896,2.39
1,2,5,299,283,0.965,0.035,0,1,2,5,1,2.79,0.258,3.692
1,2,5,300,281,0.415,0.585,1,1,2,3,0,1.698,0.345,6.669
1,2,5,301,299,0.359,0.641,0,2,1,3,1,2.047,0.257,5.538
1,2,5,302,257,0.122,0.878,0,2,1,6,1,1.164,0.23,2.089
1,2,5,303,305,0.509,0.491,1,1,2,3,1,1.362,0.255,2.951
1,2,5,304,288,0.94,0.06,0,1,2,6,1,0.683,0.308,2.531
1,2,5,305,278,0.074,0.926,0,2,1,5,1,1.14,0.32,2.592
1,2,5,306,308,0.596,0.404,1,1,2,3,1,1.287,0.342,2.784
1,2,5,307,279,0.339,0.661,0,2,1,3,0,1.47,0.423,4.517
1,2,5,308,292,0.959,0.041,0,1,2,6,1,0.942,0.317,2.64
1,2,5,309,261,0.192,0.808,0,2,1,3,1,2.97,0.254,2.804
1,2,5,310,274,0.47,0.53,1,1,2,3,0,1.959,0.285,2.653
1,2,5,311,289,0.18,0.82,0,2,1,6,1,0.892,0.243,2.166
1,2,5,312,306,0.105,0.895,0,2,1,6,1,2.016,0.234,2.189
1,2,5,313,319,0.977,0.023,0,1,2,6,1,1.643,0.356,2.56
1,2,5,314,313,0.886,0.114,0,1,2,6,1,0.955,0.384,1.996
1,2,5,315,318,0.388,0.612,0,2,1,2,1,1.715,0.258,3.018
1,2,5,316,316,0.631,0.369,0,1,2,3,0,1.69,0.474,2.875
1,2,5,317,317,0.978,0.022,0,1,2,6,1,0.762,0.246,2.272
1,2,5,318,264,0.952,0.048,0,1,2,6,1,1.248,0.226,2.054
1,2,5,319,320,0.932,0.068,0,1,2,5,1,1.881,0.12,1.878
1,2,5,320,260,0.181,0.819,0,2,1,6,1,1.661,0.222,2.363
1,3,1,1,7,0.145,0.855,0,2,1,2,1,5.382,1.703,5.757
1,3,1,2,30,0.303,0.697,0,2,1,6,1,1.358,0.433,5.983
1,3,1,3,53,0.901,0.099,0,1,2,6,1,3.976,1.043,3.552
1,3,1,4,11,0.937,0.063,0,1,2,4,1,1.973,0.489,3.035
1,3,1,5,55,0.326,0.674,0,2,1,3,0,3.016,0.321,6.392
1,3,1,6,10,0.887,0.113,0,1,2,6,1,1.135,0.388,2.455
1,3,1,7,12,0.961,0.039,0,1,2,5,1,2.801,0.308,4.432
1,3,1,8,6,0.871,0.129,0,1,2,4,1,1.519,1.413,2.997
1,3,1,9,42,0.976,0.024,0,1,2,6,1,1.052,1.517,3.523
1,3,1,10,46,0.654,0.346,0,1,2,2,0,6.115,0.848,6.287
1,3,1,11,45,0.072,0.928,0,2,1,4,1,2.801,0.252,4.172
1,3,1,12,47,0.816,0.184,0,1,2,6,0,0.977,0.42,3.391
1,3,1,13,28,0.114,0.886,0,2,1,3,1,3.326,0.306,3.74
1,3,1,14,41,0.147,0.853,0,2,1,3,1,2.617,0.234,2.932
1,3,1,15,16,0.082,0.918,0,2,1,6,1,1.746,0.918,2.733
1,3,1,16,19,0.97,0.03,0,1,2,6,1,2.067,0.979,2.75
1,3,1,17,3,0.011,0.989,0,2,1,6,1,2.224,1.401,3.074
1,3,1,18,38,0.025,0.975,0,2,1,6,1,1.935,0.292,4.103
1,3,1,19,34,0.06,0.94,0,2,1,6,1,1.656,0.529,2.888
1,3,1,20,14,0.792,0.208,0,1,2,3,1,4.702,0.43,2.488
1,3,1,21,13,0.552,0.448,1,1,2,3,1,8.028,0.293,3.068
1,3,1,22,44,0.174,0.826,0,2,1,2,1,2.227,0.317,2.859
1,3,1,23,58,0.099,0.901,0,2,1,6,1,1.297,0.368,2.19
1,3,1,24,37,0.916,0.084,0,1,2,6,1,2.28,0.742,2.557
1,3,1,25,48,0.052,0.948,0,2,1,5,0,1.71,0.259,2.485
1,3,1,26,54,0.7,0.3,0,1,2,6,1,2.869,0.285,2.661
1,3,1,27,31,0.891,0.109,0,1,2,6,1,1.67,0.588,3.289
1,3,1,28,2,0.875,0.125,0,1,2,6,1,2.917,1.162,3.941
1,3,1,29,17,0.708,0.292,0,1,2,6,0,2.334,0.7,3.514
1,3,1,30,24,0.24,0.76,0,2,1,2,1,3.306,0.743,2.591
1,3,1,31,51,0.775,0.225,0,1,2,6,1,1.057,0.248,2.93
1,3,1,32,20,0.061,0.939,0,2,1,6,1,1.353,0.222,2.559
1,3,1,33,56,0.094,0.906,0,2,1,6,1,2.398,0.272,2.265
1,3,1,34,9,0.12,0.88,0,2,1,1,1,3.222,1.008,2.427
1,3,1,35,39,0.018,0.982,0,2,1,6,1,1.012,0.638,1.999
1,3,1,36,15,0.649,0.351,0,1,2,2,1,1.222,1.094,2.987
1,3,1,37,35,0.033,0.967,0,2,1,3,1,2.734,0.314,3.005
1,3,1,38,40,0.836,0.164,0,1,2,3,0,1.67,0.901,2.744
1,3,1,39,26,0.953,0.047,0,1,2,6,1,1.102,0.821,2.445
1,3,1,40,21,0.903,0.097,0,1,2,6,1,1.151,0.372,2.377
1,3,1,41,59,0.04,0.96,0,2,1,2,1,2.735,0.708,3.197
1,3,1,42,29,0.083,0.917,0,2,1,4,0,2.768,0.355,2.842
1,3,1,43,27,0.965,0.035,0,1,2,6,1,2.029,0.318,3.028
1,3,1,44,25,0.415,0.585,1,1,2,2,0,2.105,0.798,2.794
1,3,1,45,43,0.359,0.641,0,2,1,2,1,2.729,1.56,4.788
1,3,1,46,1,0.122,0.878,0,2,1,6,1,0.989,0.279,2.433
1,3,1,47,49,0.509,0.491,1,1,2,2,1,1.389,0.423,2.419
1,3,1,48,32,0.94,0.06,0,1,2,6,1,0.955,0.2,2.239
1,3,1,49,22,0.074,0.926,0,2,1,4,1,1.951,0.859,4.958
1,3,1,50,52,0.596,0.404,1,1,2,2,1,2.376,0.682,3.643
1,3,1,51,23,0.339,0.661,0,2,1,5,0,2.19,0.296,3.719
1,3,1,52,36,0.959,0.041,0,1,2,6,1,0.823,0.558,4.415
1,3,1,53,5,0.192,0.808,0,1,2,1,0,2.782,0.697,2.976
1,3,1,54,18,0.47,0.53,1,2,1,3,0,2.018,1.125,4.882
1,3,1,55,33,0.18,0.82,0,2,1,6,1,1.131,0.126,2.174
1,3,1,56,50,0.105,0.895,0,2,1,6,1,2.024,0.217,2.133
1,3,1,57,63,0.977,0.023,0,1,2,6,1,0.979,0.246,2.593
1,3,1,58,57,0.886,0.114,0,1,2,6,1,0.988,0.311,2.135
1,3,1,59,62,0.388,0.612,0,2,1,4,1,4.993,0.259,2.821
1,3,1,60,60,0.631,0.369,0,1,2,5,0,0.841,0.401,2.132
1,3,1,61,61,0.978,0.022,0,1,2,6,1,0.904,0.574,2.323
1,3,1,62,8,0.952,0.048,0,1,2,6,1,0.843,0.467,2.187
1,3,1,63,64,0.932,0.068,0,1,2,6,1,1.28,1.057,2.633
1,3,1,64,4,0.181,0.819,0,2,1,6,1,2.891,0.331,2.367
1,3,2,65,100,0.869,0.131,0,1,2,6,1,1.953,0.853,2.798
1,3,2,66,119,0.583,0.417,1,2,1,1,0,3.665,0.815,2.446
1,3,2,67,112,0.925,0.075,0,1,2,6,1,0.966,0.315,2.354
1,3,2,68,86,0.041,0.959,0,2,1,6,1,1.811,0.26,2.325
1,3,2,69,95,0.124,0.876,0,2,1,1,1,8.501,0.282,2.398
1,3,2,70,75,0.744,0.256,0,2,1,1,0,1.63,1.096,2.446
1,3,2,71,104,0.125,0.875,0,2,1,3,1,2.214,0.032,2.541
1,3,2,72,110,0.793,0.207,0,1,2,6,1,0.992,0.266,2.994
1,3,2,73,68,0.053,0.947,0,2,1,6,1,2.44,0.386,2.958
1,3,2,74,115,0.076,0.924,0,2,1,4,1,2.208,0.529,2.729
1,3,2,75,94,0.007,0.993,0,2,1,6,1,1.16,0.285,3.489
1,3,2,76,122,0.828,0.172,0,1,2,5,1,1.364,0.871,2.166
1,3,2,77,101,0.434,0.566,1,2,1,3,1,3.117,0.61,2.848
1,3,2,78,91,0.145,0.855,0,2,1,3,1,2.034,0.33,2.465
1,3,2,79,88,0.673,0.327,0,1,2,5,0,2.899,1.424,3.508
1,3,2,80,106,0.232,0.768,0,2,1,4,0,1.958,0.754,2.338
1,3,2,81,121,0.962,0.038,0,1,2,6,1,0.856,0.289,2.031
1,3,2,82,81,0.967,0.033,0,1,2,6,1,1.248,1.032,2.702
1,3,2,83,108,0.016,0.984,0,2,1,6,1,1.354,0.272,2.265
1,3,2,84,114,0.864,0.136,0,1,2,6,1,1.732,0.849,2.614
1,3,2,85,87,0.019,0.981,0,2,1,6,1,1.338,0.295,2.358
1,3,2,86,69,0.969,0.031,0,1,2,5,1,1.429,0.448,2.745
1,3,2,87,66,0.932,0.068,0,1,2,6,1,1.299,0.25,2.599
1,3,2,88,97,0.93,0.07,0,1,2,6,1,1.316,0.266,2.727
1,3,2,89,123,0.986,0.014,0,1,2,6,1,1.975,0.266,2.506
1,3,2,90,126,0.538,0.462,1,2,1,2,0,2.282,0.305,2.589
1,3,2,91,125,0.047,0.953,0,2,1,6,1,1.699,0.433,2.174
1,3,2,92,78,0.924,0.076,0,1,2,6,1,1.093,0.269,1.924
1,3,2,93,80,0.405,0.595,1,2,1,2,1,5.371,0.334,2.335
1,3,2,94,116,0.951,0.049,0,1,2,6,1,1.139,0.217,2.164
1,3,2,95,89,0.036,0.964,0,2,1,6,1,1.28,0.264,3.745
1,3,2,96,92,0.052,0.948,0,2,1,3,1,2.384,0.203,2.451
1,3,2,97,124,0.835,0.165,0,1,2,6,1,1.345,0.303,2.55
1,3,2,98,77,0.192,0.808,0,1,2,3,0,2.812,0.277,2.302
1,3,2,99,74,0.696,0.304,0,1,2,6,1,0.921,0.207,1.906
1,3,2,100,84,0.183,0.817,0,2,1,1,1,2.128,0.413,2.263
1,3,2,101,127,0.935,0.065,0,1,2,4,1,1.508,0.274,1.833
1,3,2,102,82,0.927,0.073,0,1,2,4,1,0.811,0.198,1.96
1,3,2,103,85,0.098,0.902,0,2,1,6,1,0.934,0.292,1.795
1,3,2,104,67,0.344,0.656,0,2,1,6,1,0.936,0.262,1.613
1,3,2,105,128,0.398,0.602,0,2,1,1,1,2.764,1.094,3.28
1,3,2,106,120,0.09,0.91,0,2,1,6,1,1.965,0.471,1.848
1,3,2,107,79,0.596,0.404,1,1,2,6,1,1.343,0.196,2.311
1,3,2,108,99,0.974,0.026,0,1,2,4,1,0.999,0.265,2.111
1,3,2,109,117,0.211,0.789,0,2,1,6,1,0.956,0.25,2.012
1,3,2,110,65,0.169,0.831,0,2,1,1,1,3.153,0.236,2.079
1,3,2,111,113,0.73,0.27,0,1,2,6,1,1.878,0.286,0.017
1,3,2,112,102,0.1,0.9,0,2,1,1,1,2.783,0.419,3.377
1,3,2,113,98,0.071,0.929,0,2,1,2,1,1.296,0.903,2.095
1,3,2,114,71,0.852,0.148,0,1,2,6,0,1.887,0.231,2.063
1,3,2,115,93,0.056,0.944,0,2,1,6,1,1.261,0.173,2.17
1,3,2,116,111,0.973,0.027,0,1,2,6,1,1.45,0.251,2.333
1,3,2,117,73,0.035,0.965,0,2,1,6,0,1.323,0.553,2.326
1,3,2,118,105,0.353,0.647,0,2,1,3,1,1.486,0.212,2.063
1,3,2,119,72,0.741,0.259,0,1,2,6,1,1.179,0.23,2.163
1,3,2,120,96,0.906,0.094,0,1,2,6,1,0.82,0.31,2.535
1,3,2,121,118,0.176,0.824,0,2,1,6,1,1.478,0.325,2.244
1,3,2,122,70,0.698,0.302,0,1,2,6,1,1.052,0.221,1.994
1,3,2,123,107,0.928,0.072,0,1,2,6,1,1.226,0.637,2.188
1,3,2,124,90,0.93,0.07,0,1,2,6,1,1.151,0.364,2.144
1,3,2,125,109,0.028,0.972,0,2,1,6,1,1.13,0.23,2.448
1,3,2,126,76,0.484,0.516,1,2,1,3,1,1.442,0.426,2.284
1,3,2,127,83,0.516,0.484,1,1,2,6,1,1.309,0.229,1.981
1,3,2,128,103,0.232,0.768,0,2,1,3,1,1.943,0.394,1.975
1,3,3,129,132,0.814,0.186,0,1,2,6,1,1.345,0.334,2.383
1,3,3,130,179,0.208,0.792,0,2,1,6,0,2.31,0.044,2.049
1,3,3,131,149,0.459,0.541,1,2,1,3,0,2.564,0.231,2.194
1,3,3,132,158,0.965,0.035,0,1,2,6,1,1.229,0.107,2.234
1,3,3,133,150,0.045,0.955,0,2,1,3,1,1.932,0.449,2.491
1,3,3,134,161,0.193,0.807,0,2,1,6,1,1.554,0.254,2.607
1,3,3,135,192,0.041,0.959,0,2,1,6,1,0.748,0.28,2.47
1,3,3,136,168,0.248,0.752,0,2,1,2,1,1.936,0.307,3.055
1,3,3,137,133,0.037,0.963,0,2,1,6,1,1.824,0.267,2.208
1,3,3,138,173,0.705,0.295,0,1,2,3,1,4.071,0.115,2.787
1,3,3,139,189,0.496,0.504,1,2,1,6,1,1.789,0.234,1.94
1,3,3,140,166,0.801,0.199,0,1,2,6,1,0.766,0.242,2.125
1,3,3,141,160,0.411,0.589,1,2,1,3,1,1.858,0.216,2.005
1,3,3,142,185,0.866,0.134,0,1,2,6,1,0.79,0.353,2.171
1,3,3,143,131,0.163,0.837,0,2,1,3,0,2.143,0.268,2.456
1,3,3,144,162,0.245,0.755,0,2,1,3,1,2.127,0.461,2.241
1,3,3,145,163,0.011,0.989,0,2,1,6,1,0.933,0.234,2.285
1,3,3,146,156,0.665,0.335,0,2,1,4,1,2.581,0.281,2.89
1,3,3,147,154,0.915,0.085,0,1,2,6,1,0.86,0.196,2.073
1,3,3,148,175,0.104,0.896,0,2,1,3,1,1.251,0.258,1.874
1,3,3,149,142,0.751,0.249,0,1,2,3,1,2.603,0.452,2.78
1,3,3,150,137,0.544,0.456,1,2,1,6,1,1.215,0.257,2.207
1,3,3,151,181,0.104,0.896,0,1,2,3,0,2.134,0.218,1.966
1,3,3,152,147,0.942,0.058,0,1,2,6,1,1.046,0.055,2.122
1,3,3,153,145,0.039,0.961,0,2,1,6,1,1.314,0.238,1.891
1,3,3,154,171,0.061,0.939,0,2,1,6,1,0.813,0.184,1.868
1,3,3,155,188,0.275,0.725,0,2,1,3,0,1.999,0.17,2.334
1,3,3,156,143,0.964,0.036,0,1,2,6,1,1.247,0.079,2.377
1,3,3,157,141,0.308,0.692,0,2,1,6,0,0.787,0.254,2.401
1,3,3,158,152,0.341,0.659,0,2,1,4,0,1.732,0.433,1.994
1,3,3,159,129,0.948,0.052,0,1,2,6,1,1.201,0.291,1.915
1,3,3,160,176,0.091,0.909,0,1,2,2,0,1.962,0.229,1.869
1,3,3,161,180,0.95,0.05,0,1,2,6,1,1.168,0.227,2.294
1,3,3,162,190,0.699,0.301,0,1,2,3,0,1.275,0.212,2.22
1,3,3,163,169,0.056,0.944,0,2,1,5,0,1.786,0.286,2.422
1,3,3,164,144,0.052,0.948,0,2,1,6,0,1.447,0.416,2.293
1,3,3,165,151,0.928,0.072,0,1,2,6,1,1.626,0.297,2.058
1,3,3,166,130,0.611,0.389,0,1,2,6,0,0.959,0.354,1.74
1,3,3,167,139,0.904,0.096,0,1,2,6,1,1.213,0.229,2.591
1,3,3,168,159,0.279,0.721,0,2,1,3,1,1.449,0.265,2.935
1,3,3,169,157,0.058,0.942,0,2,1,3,1,0.828,0.309,1.82
1,3,3,170,186,0.634,0.366,0,1,2,4,1,0.92,0.619,1.921
1,3,3,171,135,0.944,0.056,0,1,2,6,1,0.628,0.148,2.126
1,3,3,172,170,0.02,0.98,0,2,1,6,1,0.986,0.287,1.96
1,3,3,173,165,0.982,0.018,0,1,2,6,1,2.654,0.021,1.973
1,3,3,174,138,0.917,0.083,0,1,2,6,1,1.403,0.262,1.727
1,3,3,175,148,0.021,0.979,0,2,1,6,1,0.825,0.281,2.735
1,3,3,176,187,0.952,0.048,0,1,2,6,1,0.676,0.339,0.018
1,3,3,177,167,0.902,0.098,0,1,2,6,1,4.809,0.251,2.355
1,3,3,178,140,0.173,0.827,0,2,1,6,1,3.659,0.249,1.852
1,3,3,179,153,0.94,0.06,0,1,2,6,1,1.136,0.283,1.805
1,3,3,180,191,0.022,0.978,0,2,1,6,1,1.621,0.15,1.517
1,3,3,181,174,0.791,0.209,0,1,2,6,0,0.768,0.308,2.485
1,3,3,182,178,0.933,0.067,0,1,2,6,1,0.745,0.263,1.538
1,3,3,183,136,0.91,0.09,0,1,2,6,1,0.788,0.143,1.876
1,3,3,184,146,0.978,0.022,0,1,2,6,1,1.36,0.356,2.081
1,3,3,185,155,0.866,0.134,0,1,2,6,0,0.522,0.15,1.381
1,3,3,186,182,0.138,0.862,0,2,1,6,1,0.715,0.176,1.438
1,3,3,187,183,0.109,0.891,0,2,1,6,1,0.684,0.314,3.459
1,3,3,188,172,0.74,0.26,0,1,2,6,1,0.761,0.454,1.482
1,3,3,189,184,0.965,0.035,0,1,2,6,1,0.987,0.279,2.005
1,3,3,190,164,0.286,0.714,0,1,2,4,0,1.935,0.338,2.159
1,3,3,191,177,0.589,0.411,1,2,1,4,0,2.661,0.237,2.534
1,3,3,192,134,0.141,0.859,0,2,1,3,1,2.0,0.225,1.715
1,3,4,193,206,0.81,0.19,0,1,2,6,0,1.068,0.563,3.142
1,3,4,194,238,0.163,0.837,0,2,1,6,1,0.836,0.268,2.321
1,3,4,195,236,0.115,0.885,0,2,1,6,1,1.121,0.934,3.506
1,3,4,196,224,0.504,0.496,1,2,1,3,0,6.832,0.176,2.251
1,3,4,197,237,0.298,0.702,0,2,1,6,1,0.857,0.081,2.051
1,3,4,198,193,0.043,0.957,0,2,1,2,1,2.251,0.265,2.616
1,3,4,199,248,0.686,0.314,0,1,2,6,0,0.87,0.653,2.545
1,3,4,200,203,0.868,0.132,0,1,2,6,1,4.827,0.211,2.487
1,3,4,201,233,0.956,0.044,0,1,2,6,1,0.592,0.233,2.195
1,3,4,202,225,0.97,0.03,0,1,2,6,1,2.115,0.279,2.406
1,3,4,203,213,0.018,0.982,0,2,1,6,1,1.405,0.215,2.08
1,3,4,204,212,0.086,0.914,0,2,1,6,1,0.744,0.133,2.042
1,3,4,205,214,0.076,0.924,0,2,1,3,1,1.022,0.368,2.061
1,3,4,206,210,0.951,0.049,0,1,2,6,1,0.693,0.125,1.525
1,3,4,207,197,0.7,0.3,0,1,2,6,0,0.615,0.209,2.307
1,3,4,208,256,0.586,0.414,1,1,2,3,1,1.908,0.466,2.087
1,3,4,209,245,0.017,0.983,0,2,1,6,1,0.653,0.165,1.398
1,3,4,210,254,0.275,0.725,0,2,1,3,1,0.928,0.286,2.477
1,3,4,211,207,0.653,0.347,0,1,2,3,0,0.642,0.224,1.924
1,3,4,212,239,0.896,0.104,0,1,2,6,1,1.407,0.2,2.129
1,3,4,213,243,0.482,0.518,1,2,1,2,0,1.177,1.203,2.191
1,3,4,214,211,0.969,0.031,0,1,2,6,1,1.62,0.255,2.041
1,3,4,215,202,0.063,0.937,0,2,1,2,0,0.697,0.231,2.119
1,3,4,216,229,0.985,0.015,0,1,2,6,1,1.024,0.288,1.952
1,3,4,217,228,0.077,0.923,0,2,1,6,1,0.812,0.253,2.223
1,3,4,218,246,0.892,0.108,0,1,2,6,1,0.652,0.227,2.277
1,3,4,219,231,0.258,0.742,0,1,2,3,0,1.791,0.248,2.043
1,3,4,220,221,0.064,0.936,0,1,2,3,0,2.583,0.187,1.695
1,3,4,221,255,0.854,0.146,0,1,2,6,1,1.784,0.531,1.986
1,3,4,222,223,0.89,0.11,0,1,2,6,1,0.88,0.2,1.755
1,3,4,223,249,0.094,0.906,0,2,1,3,1,1.563,0.173,2.306
1,3,4,224,251,0.892,0.108,0,1,2,6,1,0.599,0.185,1.374
1,3,4,225,244,0.964,0.036,0,1,2,6,1,0.883,0.215,2.122
1,3,4,226,205,0.946,0.054,0,1,2,6,1,0.592,0.177,2.527
1,3,4,227,201,0.051,0.949,0,2,1,6,1,1.284,0.347,1.576
1,3,4,228,204,0.24,0.76,0,1,2,6,1,0.874,0.264,2.387
1,3,4,229,232,0.839,0.161,0,1,2,6,0,0.648,0.386,1.793
1,3,4,230,230,0.678,0.322,0,1,2,3,1,1.5,0.251,2.587
1,3,4,231,226,0.834,0.166,0,1,2,4,1,0.771,0.405,1.91
1,3,4,232,222,0.067,0.933,0,2,1,3,1,1.231,0.086,2.188
1,3,4,233,196,0.787,0.213,0,1,2,3,1,1.153,0.207,2.283
1,3,4,234,227,0.737,0.263,0,1,2,6,1,0.65,0.273,2.172
1,3,4,235,241,0.091,0.909,0,2,1,6,1,4.792,0.259,1.744
1,3,4,236,219,0.463,0.537,1,1,2,2,1,6.925,0.529,2.02
1,3,4,237,242,0.239,0.761,0,2,1,3,0,1.167,0.339,2.103
1,3,4,238,234,0.961,0.039,0,1,2,6,1,1.198,0.207,1.973
1,3,4,239,216,0.956,0.044,0,1,2,6,1,0.683,0.177,1.747
1,3,4,240,235,0.39,0.61,0,2,1,6,1,1.098,0.247,3.288
1,3,4,241,250,0.028,0.972,0,2,1,5,1,2.949,1.362,2.391
1,3,4,242,240,0.6,0.4,1,1,2,6,0,0.715,0.089,1.809
1,3,4,243,217,0.949,0.051,0,1,2,6,1,0.883,0.405,1.67
1,3,4,244,208,0.066,0.934,0,2,1,4,1,0.833,0.514,3.477
1,3,4,245,247,0.893,0.107,0,1,2,3,1,0.603,0.229,1.973
1,3,4,246,195,0.584,0.416,1,2,1,2,0,6.34,0.186,2.291
1,3,4,247,200,0.019,0.981,0,2,1,6,1,0.839,0.215,2.358
1,3,4,248,194,0.092,0.908,0,2,1,5,0,1.301,1.227,2.174
1,3,4,249,215,0.037,0.963,0,2,1,4,1,0.579,0.221,1.959
1,3,4,250,199,0.203,0.797,0,2,1,3,1,2.372,0.776,2.3
1,3,4,251,220,0.982,0.018,0,1,2,6,1,0.672,0.009,2.124
1,3,4,252,198,0.941,0.059,0,1,2,6,1,0.722,0.256,1.727
1,3,4,253,253,0.088,0.912,0,2,1,5,1,1.023,0.28,2.246
1,3,4,254,252,0.402,0.598,1,2,1,6,0,0.891,0.257,2.5
1,3,4,255,209,0.182,0.818,0,2,1,6,1,0.6,0.401,1.735
1,3,4,256,218,0.18,0.82,0,2,1,6,1,0.547,0.191,1.909
1,3,5,257,299,0.904,0.096,0,1,2,6,1,1.18,0.735,2.326
1,3,5,258,311,0.852,0.148,0,1,2,6,0,1.689,0.273,2.248
1,3,5,259,310,0.175,0.825,0,2,1,6,1,3.582,0.241,2.137
1,3,5,260,287,0.943,0.057,0,1,2,6,1,1.543,0.24,2.0
1,3,5,261,294,0.533,0.467,1,2,1,3,0,1.901,0.193,2.14
1,3,5,262,269,0.048,0.952,0,2,1,6,1,0.615,0.336,2.334
1,3,5,263,291,0.988,0.012,0,1,2,4,1,1.393,0.323,2.288
1,3,5,264,275,0.242,0.758,0,2,1,6,1,0.669,0.245,2.102
1,3,5,265,295,0.908,0.092,0,1,2,3,1,2.128,0.195,1.941
1,3,5,266,272,0.048,0.952,0,2,1,6,1,3.11,0.13,1.992
1,3,5,267,315,0.183,0.817,0,2,1,3,1,0.717,0.208,2.035
1,3,5,268,292,0.97,0.03,0,1,2,6,1,1.02,0.308,2.806
1,3,5,269,297,0.315,0.685,0,1,2,4,1,1.97,0.366,2.951
1,3,5,270,304,0.937,0.063,0,1,2,3,1,1.008,0.102,1.801
1,3,5,271,276,0.856,0.144,0,1,2,3,1,1.666,0.247,3.369
1,3,5,272,308,0.058,0.942,0,2,1,6,1,1.133,0.192,2.181
1,3,5,273,317,0.048,0.952,0,2,1,3,1,1.267,1.506,2.375
1,3,5,274,282,0.927,0.073,0,1,2,6,1,2.646,0.259,2.431
1,3,5,275,260,0.96,0.04,0,1,2,3,1,7.223,0.223,2.234
1,3,5,276,318,0.06,0.94,0,2,1,3,1,1.352,0.083,2.09
1,3,5,277,258,0.606,0.394,0,2,1,3,0,1.962,0.203,2.039
1,3,5,278,298,0.783,0.217,0,1,2,6,0,0.89,0.201,1.693
1,3,5,279,307,0.95,0.05,0,1,2,3,1,1.213,0.261,1.922
1,3,5,280,257,0.059,0.941,0,2,1,3,1,0.898,0.313,3.351
1,3,5,281,283,0.121,0.879,0,2,1,3,1,0.839,0.26,1.872
1,3,5,282,277,0.231,0.769,0,2,1,3,1,1.314,0.2,2.017
1,3,5,283,296,0.814,0.186,0,2,1,1,1,2.93,0.15,2.418
1,3,5,284,302,0.089,0.911,0,2,1,6,0,1.466,0.114,2.028
1,3,5,285,280,0.879,0.121,0,1,2,2,1,1.941,0.23,1.802
1,3,5,286,285,0.062,0.938,0,2,1,6,1,0.815,0.936,2.003
1,3,5,287,273,0.078,0.922,0,2,1,3,1,1.114,0.206,1.883
1,3,5,288,305,0.453,0.547,1,1,2,2,0,2.619,0.378,2.903
1,3,5,289,290,0.05,0.95,0,2,1,3,1,3.143,0.315,2.439
1,3,5,290,320,0.034,0.966,0,2,1,6,1,0.703,0.26,2.694
1,3,5,291,266,0.546,0.454,1,1,2,3,0,1.194,0.322,2.113
1,3,5,292,300,0.959,0.041,0,1,2,6,1,0.641,0.073,1.658
1,3,5,293,293,0.681,0.319,0,2,1,2,0,1.474,0.31,2.652
1,3,5,294,284,0.241,0.759,0,2,1,2,1,1.561,0.189,1.792
1,3,5,295,274,0.05,0.95,0,2,1,6,1,0.71,0.234,2.101
1,3,5,296,303,0.632,0.368,0,1,2,3,1,1.857,0.239,1.815
1,3,5,297,316,0.051,0.949,0,2,1,6,0,0.963,0.11,1.772
1,3,5,298,306,0.747,0.253,0,1,2,3,1,0.892,0.225,1.735
1,3,5,299,281,0.039,0.961,0,2,1,2,1,7.624,0.256,2.06
1,3,5,300,314,0.629,0.371,0,1,2,3,1,0.723,0.353,1.533
1,3,5,301,259,0.828,0.172,0,1,2,6,0,0.979,0.243,1.619
1,3,5,302,286,0.646,0.354,0,1,2,6,0,1.157,0.305,1.71
1,3,5,303,270,0.356,0.644,0,2,1,3,0,0.823,0.295,1.733
1,3,5,304,319,0.986,0.014,0,1,2,4,1,0.81,0.217,1.883
1,3,5,305,271,0.179,0.821,0,2,1,6,1,1.164,0.175,1.659
1,3,5,306,289,0.053,0.947,0,2,1,5,1,0.747,0.351,2.878
1,3,5,307,268,0.957,0.043,0,1,2,6,1,1.296,0.278,2.028
1,3,5,308,309,0.386,0.614,0,1,2,2,0,1.646,0.245,2.193
1,3,5,309,279,0.373,0.627,0,2,1,3,0,0.931,0.318,1.859
1,3,5,310,265,0.061,0.939,0,2,1,4,1,0.799,0.208,1.835
1,3,5,311,261,0.056,0.944,0,2,1,2,1,1.119,0.268,1.744
1,3,5,312,301,0.04,0.96,0,2,1,2,1,2.104,0.2,1.718
1,3,5,313,267,0.96,0.04,0,1,2,3,1,1.811,0.148,1.517
1,3,5,314,288,0.901,0.099,0,1,2,6,1,0.694,0.268,1.912
1,3,5,315,264,0.818,0.182,0,1,2,3,1,0.583,0.322,1.701
1,3,5,316,278,0.944,0.056,0,1,2,2,1,1.655,0.294,1.111
1,3,5,317,312,0.86,0.14,0,2,1,6,0,1.045,0.221,1.793
1,3,5,318,263,0.498,0.502,1,2,1,3,1,2.047,0.142,1.711
1,3,5,319,262,0.161,0.839,0,2,1,2,1,2.088,0.257,1.69
1,3,5,320,313,0.852,0.148,0,1,2,6,1,1.398,1.088,1.657
