subID,condition,structure1,structure2,feature_names
101,1,1,1,"neck,leg,head,tail"
102,1,1,2,"neck,head,leg,tail"
103,1,1,3,"head,leg,neck,tail"
104,1,1,4,"head,neck,leg,tail"
105,1,1,5,"leg,head,neck,tail"
106,1,1,6,"leg,neck,head,tail"
107,1,2,1,"neck,tail,head,leg"
108,1,2,2,"neck,head,tail,leg"
109,1,2,3,"head,tail,neck,leg"
110,1,2,4,"head,neck,tail,leg"
111,1,2,5,"tail,head,neck,leg"
112,1,2,6,"tail,neck,head,leg"
113,1,3,1,"neck,tail,leg,head"
114,1,3,2,"neck,leg,tail,head"
115,1,3,3,"leg,tail,neck,head"
116,1,3,4,"leg,neck,tail,head"
117,1,3,5,"tail,leg,neck,head"
118,1,3,6,"tail,neck,leg,head"
119,1,4,1,"head,tail,leg,neck"
120,1,4,2,"head,leg,tail,neck"
121,1,4,3,"leg,tail,head,neck"
122,1,4,4,"leg,head,tail,neck"
123,1,4,5,"tail,leg,head,neck"
124,1,4,6,"tail,head,leg,neck"
201,2,1,1,"neck,leg,head,tail"
202,2,1,2,"neck,head,leg,tail"
203,2,1,3,"head,leg,neck,tail"
204,2,1,4,"head,neck,leg,tail"
205,2,1,5,"leg,head,neck,tail"
206,2,1,6,"leg,neck,head,tail"
207,2,2,1,"neck,tail,head,leg"
208,2,2,2,"neck,head,tail,leg"
209,2,2,3,"head,tail,neck,leg"
210,2,2,4,"head,neck,tail,leg"
211,2,2,5,"tail,head,neck,leg"
212,2,2,6,"tail,neck,head,leg"
213,2,3,1,"neck,tail,leg,head"
214,2,3,2,"neck,leg,tail,head"
215,2,3,3,"leg,tail,neck,head"
216,2,3,4,"leg,neck,tail,head"
217,2,3,5,"tail,leg,neck,head"
218,2,3,6,"tail,neck,leg,head"
219,2,4,1,"head,tail,leg,neck"
220,2,4,2,"head,leg,tail,neck"
221,2,4,3,"leg,tail,head,neck"
222,2,4,4,"leg,head,tail,neck"
223,2,4,5,"tail,leg,head,neck"
224,2,4,6,"tail,head,leg,neck"
301,3,1,1,"neck,leg,head,tail"
302,3,1,2,"neck,head,leg,tail"
303,3,1,3,"head,leg,neck,tail"
304,3,1,4,"head,neck,leg,tail"
305,3,1,5,"leg,head,neck,tail"
306,3,1,6,"leg,neck,head,tail"
307,3,2,1,"neck,tail,head,leg"
308,3,2,2,"neck,head,tail,leg"
309,3,2,3,"head,tail,neck,leg"
310,3,2,4,"head,neck,tail,leg"
311,3,2,5,"tail,head,neck,leg"
312,3,2,6,"tail,neck,head,leg"
313,3,3,1,"neck,tail,leg,head"
314,3,3,2,"neck,leg,tail,head"
315,3,3,3,"leg,tail,neck,head"
316,3,3,4,"leg,neck,tail,head"
317,3,3,5,"tail,leg,neck,head"
318,3,3,6,"tail,neck,leg,head"
319,3,4,1,"head,tail,leg,neck"
320,3,4,2,"head,leg,tail,neck"
321,3,4,3,"leg,tail,head,neck"
322,3,4,4,"leg,head,tail,neck"
323,3,4,5,"tail,leg,head,neck"
324,3,4,6,"tail,head,leg,neck"
