neck_length,head_length,leg_length,tail_length,neck_angle,head_angle,leg_angle,tail_angle,timestamp
0.5,0.50667150891951,0.5,0.5,0.5,0.5,0.5,0.5,1734071238302
0.5,0.51334293240653,0.5,0.5,0.5,0.5,0.5,0.5,1734071238314
0.5,0.5200142719425,0.5,0.5,0.5,0.5,0.5,0.5,1734071238330
0.5,0.52668552897067,0.5,0.5,0.5,0.5,0.5,0.5,1734071238347
0.5,0.55436501888901,0.5,0.5,0.5,0.5,0.5,0.5,1734071238364
0.5,0.57443096870356,0.5,0.5,0.5,0.5,0.5,0.5,1734071238380
0.5,0.59160122128958,0.5,0.5,0.5,0.5,0.5,0.5,1734071238397
0.5,0.61544631687517,0.5,0.5,0.5,0.5,0.5,0.5,1734071238414
0.5,0.63550669678416,0.5,0.5,0.5,0.5,0.5,0.5,1734071238430
0.5,0.6460190082457,0.5,0.5,0.5,0.5,0.5,0.5,1734071238447
0.5,0.6631892113663,0.5,0.5,0.5,0.5,0.5,0.5,1734071238464
0.5,0.66985898612842,0.5,0.5,0.5,0.5,0.5,0.5,1734071238480
0.5,0.68321415753576,0.5,0.5,0.5,0.5,0.5,0.5,1734071238499
0.5,0.68988376098062,0.5,0.5,0.5,0.5,0.5,0.5,1734071238515
0.5,0.70039581933712,0.5,0.5,0.5,0.5,0.5,0.5,1734071238530
0.5,0.71756598977631,0.5,0.5,0.5,0.5,0.5,0.5,1734071238547
0.5,0.73473615064572,0.5,0.5,0.5,0.5,0.5,0.5,1734071238564
0.5,0.74808926127421,0.5,0.5,0.5,0.5,0.5,0.5,1734071238580
0.5,0.77964757154515,0.5,0.5,0.5,0.5,0.5,0.5,1734071238597
0.5,0.80067843732876,0.5,0.5,0.5,0.5,0.5,0.5,1734071238618
0.5,0.80734716651683,0.5,0.5,0.5,0.5,0.5,0.5,1734071238630
0.5,0.8283776446846,0.5,0.5,0.5,0.5,0.5,0.5,1734071238647
0.5,0.85993344871785,0.5,0.5,0.5,0.5,0.5,0.5,1734071238664
0.5,0.88096324325474,0.5,0.5,0.5,0.5,0.5,0.5,1734071238681
0.5,0.89147460345944,0.5,0.5,0.5,0.5,0.5,0.5,1734071238697
0.5,0.90864468338585,0.5,0.5,0.5,0.5,0.5,0.5,1734071238714
0.5,0.91915596137454,0.5,0.5,0.5,0.5,0.5,0.5,1734071238731
0.5,0.94018505833442,0.5,0.5,0.5,0.5,0.5,0.5,1734071238748
0.5,0.9506962472662,0.5,0.5,0.5,0.5,0.5,0.5,1734071238764
0.5,0.96786630490524,0.5,0.5,0.5,0.5,0.5,0.5,1734071238780
0.5,0.98225679212591,0.5,0.5,0.5,0.5,0.5,0.5,1734071238797
0.5,0.98892449607243,0.5,0.5,0.5,0.5,0.5,0.5,1734071238814
0.5,1,0.5,0.5,0.5,0.5,0.5,0.5,1734071238831
0.5,1,0.5,0.5,0.5,0.5,0.5,0.5,1734071238848
0.5,1,0.5,0.5,0.5,0.5,0.5,0.5,1734071238864
0.5,1,0.5,0.5,0.5,0.5,0.5,0.5,1734071238880
0.5,1,0.5,0.5,0.5,0.5,0.5,0.5,1734071238897
0.5,1,0.5,0.5,0.5,0.5,0.5,0.5,1734071238914
0.5,1,0.5,0.5,0.5,0.5,0.5,0.5,1734071238931
0.5,1,0.5,0.5,0.5,0.5,0.5,0.5,1734071238947
0.5,1,0.5,0.5,0.5,0.5,0.5,0.5,1734071238964
0.5,1,0.5,0.5,0.5,0.5,0.5,0.5,1734071238981
0.5,1,0.5,0.5,0.5,0.5,0.5,0.5,1734071238997
0.5,1,0.5,0.5,0.5,0.5,0.5,0.5,1734071239014
0.5,1,0.5,0.5,0.5,0.5,0.5,0.5,1734071239031
0.5,1,0.5,0.5,0.5,0.5,0.5,0.5,1734071239047
0.5,1,0.5,0.5,0.5,0.5,0.5,0.5,1734071239064
0.5,1,0.5,0.5,0.5,0.5,0.5,0.5,1734071239081
0.5,1,0.5,0.5,0.5,0.5,0.5,0.5,1734071239098
0.5,1,0.5,0.5,0.5,0.5,0.5,0.5,1734071239114
0.5,1,0.5,0.5,0.5,0.5,0.5,0.5,1734071239131
0.5,1,0.5,0.5,0.5,0.5,0.5,0.5,1734071239148
0.5,0.99334421497406,0.5,0.5,0.5,0.5,0.5,0.5,1734071239385
0.5,0.98951596288151,0.5,0.5,0.5,0.5,0.5,0.5,1734071239401
0.5,0.98286022844359,0.5,0.5,0.5,0.5,0.5,0.5,1734071239415
0.5,0.95518404101859,0.5,0.5,0.5,0.5,0.5,0.5,1734071239431
0.5,0.94188539621412,0.5,0.5,0.5,0.5,0.5,0.5,1734071239448
0.5,0.90479897681431,0.5,0.5,0.5,0.5,0.5,0.5,1734071239465
0.5,0.88097813550815,0.5,0.5,0.5,0.5,0.5,0.5,1734071239481
0.5,0.86105284988213,0.5,0.5,0.5,0.5,0.5,0.5,1734071239498
0.5,0.84388371374959,0.5,0.5,0.5,0.5,0.5,0.5,1734071239515
0.5,0.83722878292531,0.5,0.5,0.5,0.5,0.5,0.5,1734071239532
0.5,0.81622787774866,0.5,0.5,0.5,0.5,0.5,0.5,1734071239548
0.5,0.80293250884905,0.5,0.5,0.5,0.5,0.5,0.5,1734071239564
0.5,0.7962778442955,0.5,0.5,0.5,0.5,0.5,0.5,1734071239581
0.5,0.78577378342589,0.5,0.5,0.5,0.5,0.5,0.5,1734071239598
0.5,0.7819491321709,0.5,0.5,0.5,0.5,0.5,0.5,1734071239624
0.5,0.77529461229602,0.5,0.5,0.5,0.5,0.5,0.5,1734071239632
0.5,0.76479063055575,0.5,0.5,0.5,0.5,0.5,0.5,1734071239648
0.5,0.75428668966872,0.5,0.5,0.5,0.5,0.5,0.5,1734071239665
0.5,0.73436911545324,0.5,0.5,0.5,0.5,0.5,0.5,1734071239681
0.5,0.72386529785706,0.5,0.5,0.5,0.5,0.5,0.5,1734071239698
0.5,0.71721121120389,0.5,0.5,0.5,0.5,0.5,0.5,1734071239715
0.5,0.69621219217396,0.5,0.5,0.5,0.5,0.5,0.5,1734071239732
0.5,0.67629885788259,0.5,0.5,0.5,0.5,0.5,0.5,1734071239748
0.5,0.61153402113289,0.5,0.5,0.5,0.5,0.5,0.5,1734071239765
0.5,0.5916279176147,0.5,0.5,0.5,0.5,0.5,0.5,1734071239781
0.5,0.56395236556777,0.5,0.5,0.5,0.5,0.5,0.5,1734071239798
0.5,0.55066585016328,0.5,0.5,0.5,0.5,0.5,0.5,1734071239815
0.5,0.5401629788222,0.5,0.5,0.5,0.5,0.5,0.5,1734071239832
0.5,0.52966017505723,0.5,0.5,0.5,0.5,0.5,0.5,1734071239848
0.5,0.51915744071341,0.5,0.5,0.5,0.5,0.5,0.5,1734071239865
0.5,0.51250540709297,0.5,0.5,0.5,0.5,0.5,0.5,1734071239882
0.5,0.48869014952883,0.5,0.5,0.5,0.5,0.5,0.5,1734071239898
0.5,0.45825077812291,0.5,0.5,0.5,0.5,0.5,0.5,1734071239915
0.5,0.44774857118931,0.5,0.5,0.5,0.5,0.5,0.5,1734071239932
0.5,0.42393486043752,0.5,0.5,0.5,0.5,0.5,0.5,1734071239948
0.5,0.40294336776929,0.5,0.5,0.5,0.5,0.5,0.5,1734071239965
0.5,0.37913091363365,0.5,0.5,0.5,0.5,0.5,0.5,1734071239982
0.5,0.36862943324716,0.5,0.5,0.5,0.5,0.5,0.5,1734071239999
0.5,0.3171289958278,0.5,0.5,0.5,0.5,0.5,0.5,1734071240015
0.5,0.26955784184428,0.5,0.5,0.5,0.5,0.5,0.5,1734071240032
0.5,0.21805918820491,0.5,0.5,0.5,0.5,0.5,0.5,1734071240048
0.5,0.19707887766876,0.5,0.5,0.5,0.5,0.5,0.5,1734071240065
0.5,0.17991049131051,0.5,0.5,0.5,0.5,0.5,0.5,1734071240082
0.5,0.16941205441452,0.5,0.5,0.5,0.5,0.5,0.5,1734071240098
0.5,0.15891386015869,0.5,0.5,0.5,0.5,0.5,0.5,1734071240115
0.5,0.16559339173774,0.5,0.5,0.5,0.5,0.5,0.5,1734071240186
0.5,0.18276424042738,0.5,0.5,0.5,0.5,0.5,0.5,1734071240199
0.5,0.24478106999726,0.5,0.5,0.5,0.5,0.5,0.5,1734071240215
0.5,0.32323470965976,0.5,0.5,0.5,0.5,0.5,0.5,1734071240232
0.5,0.46001609069018,0.5,0.5,0.5,0.5,0.5,0.5,1734071240249
0.5,0.66870969148329,0.5,0.5,0.5,0.5,0.5,0.5,1734071240266
0.5,0.78514389284247,0.5,0.5,0.5,0.5,0.5,0.5,1734071240282
0.5,0.89486728922437,0.5,0.5,0.5,0.5,0.5,0.5,1734071240299
0.5,0.95411193379567,0.5,0.5,0.5,0.5,0.5,0.5,1734071240315
0.5,0.98845289216631,0.5,0.5,0.5,0.5,0.5,0.5,1734071240332
0.5,1,0.5,0.5,0.5,0.5,0.5,0.5,1734071240349
0.5,1,0.5,0.5,0.5,0.5,0.5,0.5,1734071240365
0.5,1,0.5,0.5,0.5,0.5,0.5,0.5,1734071240382
0.5,1,0.5,0.5,0.5,0.5,0.5,0.5,1734071240400
0.5,1,0.5,0.5,0.5,0.5,0.5,0.5,1734071240415
0.5,1,0.5,0.5,0.5,0.5,0.5,0.5,1734071240432
0.5,1,0.5,0.5,0.5,0.5,0.5,0.5,1734071240449
0.5,1,0.5,0.5,0.5,0.5,0.5,0.5,1734071240465
0.5,1,0.5,0.5,0.5,0.5,0.5,0.5,1734071240482
0.5,1,0.5,0.5,0.5,0.5,0.5,0.5,1734071240499
0.5,1,0.5,0.5,0.5,0.5,0.5,0.5,1734071240549
0.5,1,0.5,0.5,0.5,0.5,0.5,0.5,1734071240574
0.5,0.99617165229444,0.5,0.5,0.5,0.5,0.5,0.5,1734071240884
0.5,0.97900246278907,0.5,0.5,0.5,0.5,0.5,0.5,1734071240899
0.5,0.96849782804903,0.5,0.5,0.5,0.5,0.5,0.5,1734071240916
0.5,0.93416037867213,0.5,0.5,0.5,0.5,0.5,0.5,1734071240933
0.5,0.86937999363096,0.5,0.5,0.5,0.5,0.5,0.5,1734071240949
0.5,0.84945534005832,0.5,0.5,0.5,0.5,0.5,0.5,1734071240966
0.5,0.82563503972777,0.5,0.5,0.5,0.5,0.5,0.5,1734071240982
0.5,0.77801859839019,0.5,0.5,0.5,0.5,0.5,0.5,1734071240999
0.5,0.75701856754856,0.5,0.5,0.5,0.5,0.5,0.5,1734071241016
0.5,0.72268150818119,0.5,0.5,0.5,0.5,0.5,0.5,1734071241033
0.5,0.67117783173161,0.5,0.5,0.5,0.5,0.5,0.5,1734071241049
0.5,0.63300441964762,0.5,0.5,0.5,0.5,0.5,0.5,1734071241066
0.5,0.61583541137926,0.5,0.5,0.5,0.5,0.5,0.5,1734071241083
0.5,0.57485558750324,0.5,0.5,0.5,0.5,0.5,0.5,1734071241099
0.5,0.55768662339103,0.5,0.5,0.5,0.5,0.5,0.5,1734071241116
0.5,0.5233501269077,0.5,0.5,0.5,0.5,0.5,0.5,1734071241133
0.5,0.49290824932488,0.5,0.5,0.5,0.5,0.5,0.5,1734071241149
0.5,0.44531394961519,0.5,0.5,0.5,0.5,0.5,0.5,1734071241166
0.5,0.35685237019091,0.5,0.5,0.5,0.5,0.5,0.5,1734071241183
0.5,0.30269526656672,0.5,0.5,0.5,0.5,0.5,0.5,1734071241199
0.5,0.2445733325571,0.5,0.5,0.5,0.5,0.5,0.5,1734071241216
0.5,0.19307525471327,0.5,0.5,0.5,0.5,0.5,0.5,1734071241233
0.5,0.14157859550674,0.5,0.5,0.5,0.5,0.5,0.5,1734071241250
0.5,0.11390546406512,0.5,0.5,0.5,0.5,0.5,0.5,1734071241266
0.5,0.09673737400905,0.5,0.5,0.5,0.5,0.5,0.5,1734071241283
0.5,0.07577027141243,0.5,0.5,0.5,0.5,0.5,0.5,1734071241300
0.5,0.05197829629298,0.5,0.5,0.5,0.5,0.5,0.5,1734071241316
0.5,0.03101894613366,0.5,0.5,0.5,0.5,0.5,0.5,1734071241333
0.5,0.01683326405469,0.5,0.5,0.5,0.5,0.5,0.5,1734071241350
0.5,0,0.5,0.5,0.5,0.5,0.5,0.5,1734071241366
0.5,0,0.5,0.5,0.5,0.5,0.5,0.5,1734071241383
0.5,0,0.5,0.5,0.5,0.5,0.5,0.5,1734071241400
0.5,0,0.5,0.5,0.5,0.5,0.5,0.5,1734071241416
0.5,0,0.5,0.5,0.5,0.5,0.5,0.5,1734071241433
0.5,0,0.5,0.5,0.5,0.5,0.5,0.5,1734071241450
0.5,0,0.5,0.5,0.5,0.5,0.5,0.5,1734071241467
0.5,0,0.5,0.5,0.5,0.5,0.5,0.5,1734071241483
0.5,0,0.5,0.5,0.5,0.5,0.5,0.5,1734071241500
0.5,0,0.5,0.5,0.5,0.5,0.5,0.5,1734071241516
0.5,0,0.5,0.5,0.5,0.5,0.5,0.5,1734071241533
0.5,0,0.5,0.5,0.5,0.5,0.5,0.5,1734071241550
0.5,0,0.5,0.5,0.5,0.5,0.5,0.5,1734071241567
0.5,0,0.5,0.5,0.5,0.5,0.5,0.5,1734071241583
0.5,0,0.5,0.5,0.5,0.5,0.5,0.5,1734071241600
0.5,0,0.5,0.5,0.5,0.5,0.5,0.5,1734071241617
0.5,0,0.5,0.5,0.5,0.5,0.5,0.5,1734071241634
0.5,0,0.5,0.5,0.5,0.5,0.5,0.5,1734071241650
0.5,0,0.5,0.5,0.5,0.5,0.5,0.5,1734071241667
0.5,0,0.5,0.5,0.5,0.5,0.5,0.5,1734071241683
0.5,0,0.5,0.5,0.5,0.5,0.5,0.5,1734071241700
0.5,0,0.5,0.5,0.5,0.5,0.5,0.5,1734071241717
0.5,0,0.5,0.5,0.5,0.5,0.5,0.5,1734071241734
0.5,0,0.5,0.5,0.5,0.5,0.5,0.5,1734071241750
0.5,0,0.5,0.5,0.5,0.5,0.5,0.5,1734071241767
0.5,0,0.5,0.5,0.5,0.5,0.5,0.5,1734071241783
0.5,0,0.5,0.5,0.5,0.5,0.5,0.5,1734071241800
0.5,0,0.5,0.5,0.5,0.5,0.5,0.5,1734071241818
0.5,0,0.5,0.5,0.5,0.5,0.5,0.5,1734071241834
0.5,0,0.5,0.5,0.5,0.5,0.5,0.5,1734071241850
0.5,0,0.5,0.5,0.5,0.5,0.5,0.5,1734071241867
0.5,0,0.5,0.5,0.5,0.5,0.5,0.5,1734071241883
0.5,0,0.5,0.5,0.5,0.5,0.5,0.5,1734071241960
0.5,0,0.5,0.5,0.5,0.5,0.5,0.5,1734071241968
0.5,0,0.5,0.5,0.5,0.5,0.5,0.5,1734071241984
0.5,0,0.5,0.5,0.5,0.5,0.5,0.5,1734071242008
0.5,0.04878533746392,0.5,0.5,0.5,0.5,0.5,0.5,1734071242167
0.5,0.10030784586457,0.5,0.5,0.5,0.5,0.5,0.5,1734071242184
0.5,0.16232469084455,0.5,0.5,0.5,0.5,0.5,0.5,1734071242201
0.5,0.1996552170449,0.5,0.5,0.5,0.5,0.5,0.5,1734071242217
0.5,0.2893515894434,0.5,0.5,0.5,0.5,0.5,0.5,1734071242234
0.5,0.39239907922478,0.5,0.5,0.5,0.5,0.5,0.5,1734071242250
0.5,0.50593219889002,0.5,0.5,0.5,0.5,0.5,0.5,1734071242267
0.5,0.66816002578018,0.5,0.5,0.5,0.5,0.5,0.5,1734071242284
0.5,0.77226736442175,0.5,0.5,0.5,0.5,0.5,0.5,1734071242301
0.5,0.86314892232204,0.5,0.5,0.5,0.5,0.5,0.5,1734071242318
0.5,0.92902912091159,0.5,0.5,0.5,0.5,0.5,0.5,1734071242334
0.5,0.97004439926931,0.5,0.5,0.5,0.5,0.5,0.5,1734071242351
0.5,1,0.5,0.5,0.5,0.5,0.5,0.5,1734071242367
0.5,1,0.5,0.5,0.5,0.5,0.5,0.5,1734071242384
0.5,1,0.5,0.5,0.5,0.5,0.5,0.5,1734071242401
0.5,1,0.5,0.5,0.5,0.5,0.5,0.5,1734071242418
0.5,1,0.5,0.5,0.5,0.5,0.5,0.5,1734071242434
0.5,1,0.5,0.5,0.5,0.5,0.5,0.5,1734071242452
0.5,1,0.5,0.5,0.5,0.5,0.5,0.5,1734071242468
0.5,1,0.5,0.5,0.5,0.5,0.5,0.5,1734071242484
0.5,1,0.5,0.5,0.5,0.5,0.5,0.5,1734071242501
0.5,1,0.5,0.5,0.5,0.5,0.5,0.5,1734071242517
0.5,1,0.5,0.5,0.5,0.5,0.5,0.5,1734071242534
0.5,0.98949531015318,0.5,0.5,0.5,0.5,0.5,0.5,1734071242872
0.5,0.98283957581576,0.5,0.5,0.5,0.5,0.5,0.5,1734071242885
0.5,0.93416951410727,0.5,0.5,0.5,0.5,0.5,0.5,1734071242902
0.5,0.86549864466224,0.5,0.5,0.5,0.5,0.5,0.5,1734071242918
0.5,0.80735080789931,0.5,0.5,0.5,0.5,0.5,0.5,1734071242935
0.5,0.71881370527996,0.5,0.5,0.5,0.5,0.5,0.5,1734071242951
0.5,0.63962829084545,0.5,0.5,0.5,0.5,0.5,0.5,1734071242968
0.5,0.59202207074979,0.5,0.5,0.5,0.5,0.5,0.5,1734071242985
0.5,0.56054242092366,0.5,0.5,0.5,0.5,0.5,0.5,1734071243001
0.5,0.50240380982686,0.5,0.5,0.5,0.5,0.5,0.5,1734071243018
0.5,0.44327814407618,0.5,0.5,0.5,0.5,0.5,0.5,1734071243035
0.5,0.4156030282665,0.5,0.5,0.5,0.5,0.5,0.5,1734071243051
0.5,0.34693877576904,0.5,0.5,0.5,0.5,0.5,0.5,1734071243068
0.5,0.19654281597718,0.5,0.5,0.5,0.5,0.5,0.5,1734071243085
0.5,0.13186278746425,0.5,0.5,0.5,0.5,0.5,0.5,1734071243102
0.5,0.10044093572725,0.5,0.5,0.5,0.5,0.5,0.5,1734071243118
0.5,0.0594963395994,0.5,0.5,0.5,0.5,0.5,0.5,1734071243135
0.5,0.03853551923409,0.5,0.5,0.5,0.5,0.5,0.5,1734071243151
0.5,0.01086411708878,0.5,0.5,0.5,0.5,0.5,0.5,1734071243168
0.5,0.00710428259291,0.5,0.5,0.5,0.5,0.5,0.5,1734071243185
0.5,0.0004720804952,0.5,0.5,0.5,0.5,0.5,0.5,1734071243202
0.5,0,0.5,0.5,0.5,0.5,0.5,0.5,1734071243282
0.5,0,0.5,0.5,0.5,0.5,0.5,0.5,1734071243302
0.5,0,0.5,0.5,0.5,0.5,0.5,0.5,1734071243318
0.5,0,0.5,0.5,0.5,0.5,0.5,0.5,1734071243335
0.5,0,0.5,0.5,0.5,0.5,0.5,0.5,1734071243352
0.5,0,0.5,0.5,0.5,0.5,0.5,0.5,1734071243369
0.5,0,0.5,0.5,0.5,0.5,0.5,0.5,1734071243386
0.5,0,0.5,0.5,0.5,0.5,0.5,0.5,1734071243402
0.5,0,0.5,0.5,0.5,0.5,0.5,0.5,1734071243419
0.5,0,0.5,0.5,0.5,0.5,0.5,0.5,1734071243435
0.5,0,0.5,0.5,0.5,0.5,0.5,0.5,1734071243452
0.5,0,0.5,0.5,0.5,0.5,0.5,0.5,1734071243469
0.5,0,0.5,0.5,0.5,0.5,0.5,0.5,1734071243485
0.5,0,0.5,0.5,0.5,0.5,0.5,0.5,1734071243502
0.5,0.01052310272983,0.5,0.5,0.5,0.5,0.5,0.5,1734071243670
0.5,0.04216889103273,0.5,0.5,0.5,0.5,0.5,0.5,1734071243685
0.5,0.10418575119124,0.5,0.5,0.5,0.5,0.5,0.5,1734071243702
0.5,0.18337409531631,0.5,0.5,0.5,0.5,0.5,0.5,1734071243719
0.5,0.22158193373438,0.5,0.5,0.5,0.5,0.5,0.5,1734071243735
0.5,0.25889200084964,0.5,0.5,0.5,0.5,0.5,0.5,1734071243752
0.5,0.28657247925031,0.5,0.5,0.5,0.5,0.5,0.5,1734071243769
0.5,0.29708761219463,0.5,0.5,0.5,0.5,0.5,0.5,1734071243785
0.50667150891951,0.29708761219463,0.5,0.5,0.5,0.5,0.5,0.5,1734071244853
0.51718456327095,0.29708761219463,0.5,0.5,0.5,0.5,0.5,0.5,1734071244890
0.52385585512182,0.29708761219463,0.5,0.5,0.5,0.5,0.5,0.5,1734071244903
0.54102614805082,0.29708761219463,0.5,0.5,0.5,0.5,0.5,0.5,1734071244920
0.55438639722301,0.29708761219463,0.5,0.5,0.5,0.5,0.5,0.5,1734071244936
0.5648991490522,0.29708761219463,0.5,0.5,0.5,0.5,0.5,0.5,1734071244953
0.59257854914402,0.29708761219463,0.5,0.5,0.5,0.5,0.5,0.5,1734071244970
0.60974878841111,0.29708761219463,0.5,0.5,0.5,0.5,0.5,0.5,1734071244987
0.62415420656517,0.29708761219463,0.5,0.5,0.5,0.5,0.5,0.5,1734071245003
0.63466657479439,0.29708761219463,0.5,0.5,0.5,0.5,0.5,0.5,1734071245020
0.64133660686371,0.29708761219463,0.5,0.5,0.5,0.5,0.5,0.5,1734071245037
0.65850681298146,0.29708761219463,0.5,0.5,0.5,0.5,0.5,0.5,1734071245053
0.66517662888388,0.29708761219463,0.5,0.5,0.5,0.5,0.5,0.5,1734071245070
0.70727443258041,0.29708761219463,0.5,0.5,0.5,0.5,0.5,0.5,1734071245088
0.7139438395989,0.29708761219463,0.5,0.5,0.5,0.5,0.5,0.5,1734071245103
0.7416229555003,0.29708761219463,0.5,0.5,0.5,0.5,0.5,0.5,1734071245128
0.7521347985312,0.29708761219463,0.5,0.5,0.5,0.5,0.5,0.5,1734071245137
0.76548740127957,0.29708761219463,0.5,0.5,0.5,0.5,0.5,0.5,1734071245153
0.78265753712353,0.29708761219463,0.5,0.5,0.5,0.5,0.5,0.5,1734071245170
0.80368835980008,0.29708761219463,0.5,0.5,0.5,0.5,0.5,0.5,1734071245187
0.81419997215267,0.29708761219463,0.5,0.5,0.5,0.5,0.5,0.5,1734071245204
0.82755089677401,0.29708761219463,0.5,0.5,0.5,0.5,0.5,0.5,1734071245221
0.84858110454767,0.29708761219463,0.5,0.5,0.5,0.5,0.5,0.5,1734071245237
0.88292222268576,0.29708761219463,0.5,0.5,0.5,0.5,0.5,0.5,1734071245254
0.89343357694126,0.29708761219463,0.5,0.5,0.5,0.5,0.5,0.5,1734071245270
0.90010174196093,0.29708761219463,0.5,0.5,0.5,0.5,0.5,0.5,1734071245287
0.9144943500386,0.29708761219463,0.5,0.5,0.5,0.5,0.5,0.5,1734071245304
0.93552349938018,0.29708761219463,0.5,0.5,0.5,0.5,0.5,0.5,1734071245354
0.95655241562646,0.29708761219463,0.5,0.5,0.5,0.5,0.5,0.5,1734071245371
0.96990013625805,0.29708761219463,0.5,0.5,0.5,0.5,0.5,0.5,1734071245388
1,0.29708761219463,0.5,0.5,0.5,0.5,0.5,0.5,1734071245404
1,0.29708761219463,0.5,0.5,0.5,0.5,0.5,0.5,1734071245421
1,0.29708761219463,0.5,0.5,0.5,0.5,0.5,0.5,1734071245437
1,0.29708761219463,0.5,0.5,0.5,0.5,0.5,0.5,1734071245454
1,0.29708761219463,0.5,0.5,0.5,0.5,0.5,0.5,1734071245471
1,0.29708761219463,0.5,0.5,0.5,0.5,0.5,0.5,1734071245487
1,0.29708761219463,0.5,0.5,0.5,0.5,0.5,0.5,1734071245504
1,0.29708761219463,0.5,0.5,0.5,0.5,0.5,0.5,1734071245521
1,0.29708761219463,0.5,0.5,0.5,0.5,0.5,0.5,1734071245649
1,0.29708761219463,0.5,0.5,0.5,0.5,0.5,0.5,1734071245657
1,0.29708761219463,0.5,0.5,0.5,0.5,0.5,0.5,1734071245671
1,0.29708761219463,0.5,0.5,0.5,0.5,0.5,0.5,1734071245697
1,0.29708761219463,0.5,0.5,0.5,0.5,0.5,0.5,1734071245705
1,0.30376270294436,0.5,0.5,0.5,0.5,0.5,0.5,1734071246950
1,0.31713833990573,0.5,0.5,0.5,0.5,0.5,0.5,1734071246957
1,0.3421278864974,0.5,0.5,0.5,0.5,0.5,0.5,1734071246972
1,0.38697546418641,0.5,0.5,0.5,0.5,0.5,0.5,1734071246989
1,0.45189064592098,0.5,0.5,0.5,0.5,0.5,0.5,1734071247005
1,0.53494144056168,0.5,0.5,0.5,0.5,0.5,0.5,1734071247022
1,0.64567993708758,0.5,0.5,0.5,0.5,0.5,0.5,1734071247039
1,0.74978860312818,0.5,0.5,0.5,0.5,0.5,0.5,1734071247055
1,0.83673372565459,0.5,0.5,0.5,0.5,0.5,0.5,1734071247072
1,0.91977851079031,0.5,0.5,0.5,0.5,0.5,0.5,1734071247089
1,0.98565791688571,0.5,0.5,0.5,0.5,0.5,0.5,1734071247105
1,1,0.5,0.5,0.5,0.5,0.5,0.5,1734071247122
1,1,0.5,0.5,0.5,0.5,0.5,0.5,1734071247140
1,1,0.5,0.5,0.5,0.5,0.5,0.5,1734071247155
1,1,0.5,0.5,0.5,0.5,0.5,0.5,1734071247173
1,1,0.5,0.5,0.5,0.5,0.5,0.5,1734071247189
1,1,0.5,0.5,0.5,0.5,0.5,0.5,1734071247206
1,1,0.5,0.5,0.5,0.5,0.5,0.5,1734071247222
1,1,0.5,0.5,0.5,0.5,0.5,0.5,1734071247239
1,1,0.5,0.5,0.5,0.5,0.5,0.5,1734071247256
1,1,0.5,0.5,0.5,0.5,0.5,0.5,1734071247273
1,1,0.5,0.5,0.5,0.5,0.5,0.5,1734071247289
1,1,0.5,0.5,0.5,0.5,0.5,0.5,1734071247306
1,1,0.5,0.5,0.5,0.5,0.5,0.5,1734071247323
1,1,0.5,0.5,0.5,0.5,0.5,0.5,1734071247339
1,1,0.5,0.5,0.5,0.5,0.5,0.5,1734071247356
1,1,0.5,0.5,0.5,0.5,0.5,0.5,1734071247373
1,1,0.5,0.5,0.5,0.5,0.5,0.5,1734071247389
1,1,0.49740403084844,0.5,0.5,0.5,0.5,0.5,1734071249017
1,1,0.50463702179088,0.5,0.5,0.5,0.5,0.5,1734071249032
1,1,0.51451017464201,0.5,0.5,0.5,0.5,0.5,1734071249048
1,1,0.52438315124262,0.5,0.5,0.5,0.5,0.5,1734071249064
1,1,0.5270476968884,0.5,0.5,0.5,0.5,0.5,1734071249074
1,1,0.53962651050392,0.5,0.5,0.5,0.5,0.5,1734071249091
1,1,0.56659995530976,0.5,0.5,0.5,0.5,0.5,1734071249107
1,1,0.58911027478575,0.5,0.5,0.5,0.5,0.5,1734071249124
1,1,0.61879774825831,0.5,0.5,0.5,0.5,0.5,1734071249141
1,1,0.64576886132149,0.5,0.5,0.5,0.5,0.5,1734071249158
1,1,0.66553369418,0.5,0.5,0.5,0.5,0.5,1734071249175
1,1,0.71510414135517,0.5,0.5,0.5,0.5,0.5,1734071249191
1,1,0.72497431005463,0.5,0.5,0.5,0.5,0.5,1734071249208
1,1,0.7474591083297,0.5,0.5,0.5,0.5,0.5,1734071249224
1,1,0.76454874800445,0.5,0.5,0.5,0.5,0.5,1734071249241
1,1,0.80861791574637,0.5,0.5,0.5,0.5,0.5,1734071249258
1,1,0.83828330590371,0.5,0.5,0.5,0.5,0.5,1734071249274
1,1,0.86524968576714,0.5,0.5,0.5,0.5,0.5,1734071249291
1,1,0.89679896351803,0.5,0.5,0.5,0.5,0.5,1734071249308
1,1,0.92834811450748,0.5,0.5,0.5,0.5,0.5,1734071249325
1,1,0.96792427661175,0.5,0.5,0.5,0.5,0.5,1734071249342
1,1,0.97515550624068,0.5,0.5,0.5,0.5,0.5,1734071249358
1,1,1,0.5,0.5,0.5,0.5,0.5,1734071249374
1,1,1,0.5,0.5,0.5,0.5,0.5,1734071249392
1,1,1,0.5,0.5,0.5,0.5,0.5,1734071249408
1,1,1,0.5,0.5,0.5,0.5,0.5,1734071249424
1,1,1,0.5,0.5,0.5,0.5,0.5,1734071249441
1,1,1,0.5,0.5,0.5,0.5,0.5,1734071249458
1,1,1,0.5,0.5,0.5,0.5,0.5,1734071249475
1,1,1,0.5,0.5,0.5,0.5,0.5,1734071249499
1,1,1,0.5,0.5,0.5,0.5,0.5,1734071249508
1,1,1,0.5,0.5,0.5,0.5,0.5,1734071249525
1,1,1,0.5,0.5,0.5,0.5,0.5,1734071249542
1,1,1,0.5,0.5,0.5,0.5,0.5,1734071249564
1,1,1,0.5,0.5,0.5,0.5,0.5,1734071249579
1,1,1,0.5,0.5,0.5,0.5,0.5,1734071249591
1,1,1,0.5,0.5,0.5,0.5,0.5,1734071249608
1,1,1,0.5,0.5,0.5,0.5,0.5,1734071249625
1,1,1,0.5,0.5,0.5,0.5,0.5,1734071249642
1,1,1,0.5,0.5,0.5,0.5,0.5,1734071249840
1,1,1,0.50667150891951,0.5,0.5,0.5,0.5,1734071252461
1,1,1,0.52003339907742,0.5,0.5,0.5,0.5,1734071252477
1,1,1,0.53720369526624,0.5,0.5,0.5,0.5,1734071252494
1,1,1,0.57822573945036,0.5,0.5,0.5,0.5,1734071252511
1,1,1,0.60501109745379,0.5,0.5,0.5,0.5,1734071252528
1,1,1,0.64985854462291,0.5,0.5,0.5,0.5,1734071252544
1,1,1,0.66702874530871,0.5,0.5,0.5,0.5,1734071252561
1,1,1,0.68419893535109,0.5,0.5,0.5,0.5,1734071252577
1,1,1,0.70804270291421,0.5,0.5,0.5,0.5,1734071252594
1,1,1,0.71855468307759,0.5,0.5,0.5,0.5,1734071252612
1,1,1,0.72522400134214,0.5,0.5,0.5,0.5,1734071252628
1,1,1,0.73573591017458,0.5,0.5,0.5,0.5,1734071252645
1,1,1,0.74624777657827,0.5,0.5,0.5,0.5,1734071252661
1,1,1,0.76727913781528,0.5,0.5,0.5,0.5,1734071252678
1,1,1,0.77394809517758,0.5,0.5,0.5,0.5,1734071252694
1,1,1,0.79497904326623,0.5,0.5,0.5,0.5,1734071252711
1,1,1,0.82653584444285,0.5,0.5,0.5,0.5,1734071252728
1,1,1,0.84756606556384,0.5,0.5,0.5,0.5,1734071252745
1,1,1,0.87912132339151,0.5,0.5,0.5,0.5,1734071252761
1,1,1,0.900150884049,0.5,0.5,0.5,0.5,1734071252778
1,1,1,0.9395660795001,0.5,0.5,0.5,0.5,1734071252795
1,1,1,0.96724489761354,0.5,0.5,0.5,0.5,1734071252811
1,1,1,0.98827347722611,0.5,0.5,0.5,0.5,1734071252828
1,1,1,1,0.5,0.5,0.5,0.5,1734071252845
1,1,1,1,0.5,0.5,0.5,0.5,1734071252861
1,1,1,1,0.5,0.5,0.5,0.5,1734071252878
1,1,1,1,0.5,0.5,0.5,0.5,1734071252895
1,1,1,1,0.5,0.5,0.5,0.5,1734071252911
1,1,1,1,0.5,0.5,0.5,0.5,1734071252928
1,1,1,1,0.5,0.5,0.5,0.5,1734071252945
1,1,1,1,0.5,0.5,0.5,0.5,1734071252961
1,1,1,1,0.5,0.5,0.5,0.5,1734071252978
1,1,1,1,0.5,0.5,0.5,0.5,1734071252995
1,1,1,1,0.5,0.5,0.5,0.5,1734071253024
1,1,1,1,0.5,0.5,0.5,0.5,1734071253040
1,1,1,1,0.5,0.5,0.5,0.5,1734071253048
1,1,1,1,0.5,0.5,0.5,0.5,1734071253063
1,1,1,1,0.5,0.5,0.5,0.5,1734071253079
1,1,1,1,0.5,0.5,0.5,0.5,1734071253095
1,1,0.9927743800302,1,0.5,0.5,0.5,0.5,1734071266076
1,1,0.97832884074142,1,0.5,0.5,0.5,0.5,1734071266091
1,1,0.961242703449,1,0.5,0.5,0.5,0.5,1734071266108
1,1,0.9441565889986,1,0.5,0.5,0.5,0.5,1734071266124
1,1,0.93693110004992,1,0.5,0.5,0.5,0.5,1734071266141
1,1,0.91724865919775,1,0.5,0.5,0.5,0.5,1734071266158
1,1,0.90016260668525,1,0.5,0.5,0.5,0.5,1734071266174
1,1,0.87323472385178,1,0.5,0.5,0.5,0.5,1734071266191
1,1,0.85879039962038,1,0.5,0.5,0.5,0.5,1734071266208
1,1,0.839110557246,1,0.5,0.5,0.5,0.5,1734071266225
1,1,0.80757114788736,1,0.5,0.5,0.5,0.5,1734071266241
1,1,0.79048527259195,1,0.5,0.5,0.5,0.5,1734071266258
1,1,0.75894611065826,1,0.5,0.5,0.5,0.5,1734071266275
1,1,0.72740712237093,1,0.5,0.5,0.5,0.5,1734071266291
1,1,0.69586831930905,1,0.5,0.5,0.5,0.5,1734071266309
1,1,0.67421680756994,1,0.5,0.5,0.5,0.5,1734071266325
1,1,0.65713120547685,1,0.5,0.5,0.5,0.5,1734071266342
1,1,0.62828063693346,1,0.5,0.5,0.5,0.5,1734071266358
1,1,0.59943220987553,1,0.5,0.5,0.5,0.5,1734071266375
1,1,0.58499197971957,1,0.5,0.5,0.5,0.5,1734071266391
1,1,0.56067611344671,1,0.5,0.5,0.5,0.5,1734071266408
1,1,0.55082998142674,1,0.5,0.5,0.5,0.5,1734071266425
1,1,0.54360593762,1,0.5,0.5,0.5,0.5,1734071266442
1,1,0.53638193387501,1,0.5,0.5,0.5,0.5,1734071266458
1,0.99617165229444,0.53638193387501,1,0.5,0.5,0.5,0.5,1734071270488
1,1,0.53638193387501,1,0.5,0.5,0.5,0.5,1734071270503
1,1,0.53638193387501,1,0.5,0.5,0.5,0.5,1734071270512
1,1,0.53638193387501,1,0.5,0.5,0.5,0.5,1734071270529
1,1,0.53638193387501,1,0.5,0.5,0.5,0.5,1734071270545
1,1,0.53638193387501,1,0.5,0.5,0.5,0.5,1734071270568
1,1,0.53638193387501,1,0.5,0.5,0.5,0.5,1734071270579
1,1,0.53638193387501,1,0.5,0.5,0.5,0.5,1734071270596
1,1,0.53638193387501,1,0.5,0.5,0.5,0.5,1734071270613
1,1,0.53638193387501,1,0.5,0.5,0.5,0.5,1734071270629
1,1,0.53638193387501,1,0.5,0.5,0.5,0.5,1734071270718
1,1,0.53638193387501,1,0.5,0.5,0.5,0.5,1734071270729
1,0.98283080915284,0.53638193387501,1,0.5,0.5,0.5,0.5,1734071270901
1,0.96566162438931,0.53638193387501,1,0.5,0.5,0.5,0.5,1734071270912
1,0.91803963618555,0.53638193387501,1,0.5,0.5,0.5,0.5,1734071270930
1,0.85326001019712,0.53638193387501,1,0.5,0.5,0.5,0.5,1734071270946
1,0.81617927683107,0.53638193387501,1,0.5,0.5,0.5,0.5,1734071270963
1,0.78572292028644,0.53638193387501,1,0.5,0.5,0.5,0.5,1734071270979
1,0.76855382005772,0.53638193387501,1,0.5,0.5,0.5,0.5,1734071270996
1,0.76189939568026,0.53638193387501,1,0.5,0.5,0.5,0.5,1734071271018
1,0.75139546618855,0.53638193387501,1,0.5,0.5,0.5,0.5,1734071271063
1,0.71705841951936,0.53638193387501,1,0.5,0.5,0.5,0.5,1734071271079
1,0.7027515160037,0.53638193387501,1,0.5,0.5,0.5,0.5,1734071271096
1,0.69609760001135,0.53638193387501,1,0.5,0.5,0.5,0.5,1734071271113
1,0.66842182532656,0.53638193387501,1,0.5,0.5,0.5,0.5,1734071271130
1,0.63318124718353,0.53638193387501,1,0.5,0.5,0.5,0.5,1734071271146
1,0.61601223878994,0.53638193387501,1,0.5,0.5,0.5,0.5,1734071271163
1,0.59501522650939,0.53638193387501,1,0.5,0.5,0.5,0.5,1734071271179
1,0.57784624638618,0.53638193387501,1,0.5,0.5,0.5,0.5,1734071271196
1,0.56734320822755,0.53638193387501,1,0.5,0.5,0.5,0.5,1734071271213
1,0.54634734266467,0.53638193387501,1,0.5,0.5,0.5,0.5,1734071271229
1,0.52917840260822,0.53638193387501,1,0.5,0.5,0.5,0.5,1734071271247
1,0.50150301320954,0.53638193387501,1,0.5,0.5,0.5,0.5,1734071271263
1,0.49100047468815,0.53638193387501,1,0.5,0.5,0.5,0.5,1734071271279
1,0.47670823460705,0.53638193387501,1,0.5,0.5,0.5,0.5,1734071271297
1,0.45953936144168,0.53638193387501,1,0.5,0.5,0.5,0.5,1734071271313
1,0.43572534729561,0.53638193387501,1,0.5,0.5,0.5,0.5,1734071271330
1,0.41473342391992,0.53638193387501,1,0.5,0.5,0.5,0.5,1734071271347
1,0.39374227834163,0.53638193387501,1,0.5,0.5,0.5,0.5,1734071271363
1,0.3622768819642,0.53638193387501,1,0.5,0.5,0.5,0.5,1734071271380
1,0.33460209779421,0.53638193387501,1,0.5,0.5,0.5,0.5,1734071271397
1,0.32410111437794,0.53638193387501,1,0.5,0.5,0.5,0.5,1734071271414
1,0.29937673565454,0.53638193387501,1,0.5,0.5,0.5,0.5,1734071271430
1,0.28510662738086,0.53638193387501,1,0.5,0.5,0.5,0.5,1734071271447
1,0.27845888995413,0.53638193387501,1,0.5,0.5,0.5,0.5,1734071271464
1,0.27093699042548,0.53638193387501,1,0.5,0.5,0.5,0.5,1734071272055
1,0.2642896386271,0.53638193387501,1,0.5,0.5,0.5,0.5,1734071272064
1,0.27480507919839,0.53638193387501,1,0.5,0.5,0.5,0.5,1734071272286
1,0.28148072994049,0.53638193387501,1,0.5,0.5,0.5,0.5,1734071272297
1,0.3170518570325,0.53638193387501,1,0.5,0.5,0.5,0.5,1734071272314
1,0.39499254096557,0.53638193387501,1,0.5,0.5,0.5,0.5,1734071272331
1,0.47940351632286,0.53638193387501,1,0.5,0.5,0.5,0.5,1734071272347
1,0.59678169386034,0.53638193387501,1,0.5,0.5,0.5,0.5,1734071272364
1,0.68647717124247,0.53638193387501,1,0.5,0.5,0.5,0.5,1734071272381
1,0.80774194899833,0.53638193387501,1,0.5,0.5,0.5,0.5,1734071272397
1,0.90917396713255,0.53638193387501,1,0.5,0.5,0.5,0.5,1734071272414
1,1,0.53638193387501,1,0.5,0.5,0.5,0.5,1734071272431
1,1,0.53638193387501,1,0.5,0.5,0.5,0.5,1734071272447
1,1,0.53638193387501,1,0.5,0.5,0.5,0.5,1734071272464
1,1,0.53638193387501,1,0.5,0.5,0.5,0.5,1734071272481
1,1,0.53638193387501,1,0.5,0.5,0.5,0.5,1734071272497
1,1,0.53638193387501,1,0.5,0.5,0.5,0.5,1734071272514
1,1,0.53638193387501,1,0.5,0.5,0.5,0.5,1734071272532
1,1,0.53638193387501,1,0.5,0.5,0.5,0.5,1734071272547
1,1,0.53638193387501,1,0.5,0.5,0.5,0.5,1734071272570
1,1,0.53638193387501,1,0.5,0.5,0.5,0.5,1734071272581
1,1,0.53638193387501,1,0.5,0.5,0.5,0.5,1734071272597
1,1,0.53638193387501,1,0.5,0.5,0.5,0.5,1734071272614
1,1,0.53638193387501,1,0.5,0.5,0.5,0.5,1734071272631
1,1,0.53638193387501,1,0.5,0.5,0.5,0.5,1734071272648
1,1,0.53378434217228,1,0.5,0.5,0.5,0.5,1734071283484
1,1,0.54825849406815,1,0.5,0.5,0.5,0.5,1734071283525
1,1,0.55549119546425,1,0.5,0.5,0.5,0.5,1734071283542
1,1,0.5627238586233,1,0.5,0.5,0.5,0.5,1734071283559
1,1,0.56995648422003,1,0.5,0.5,0.5,0.5,1734071283576
1,1,0.57718907291152,1,0.5,0.5,0.5,0.5,1734071283592
1,1,0.58976259868685,1,0.5,0.5,0.5,0.5,1734071283609
1,1,0.59963436651137,1,0.5,0.5,0.5,0.5,1734071283625
1,1,0.62932052960142,1,0.5,0.5,0.5,0.5,1734071283642
1,1,0.64379282780169,1,0.5,0.5,0.5,0.5,1734071283659
1,1,0.65366385190418,1,0.5,0.5,0.5,0.5,1734071283675
1,1,0.66813573944065,1,0.5,0.5,0.5,0.5,1734071283692
1,1,0.67536788422903,1,0.5,0.5,0.5,0.5,1734071283709
1,1,0.69513127101081,1,0.5,0.5,0.5,0.5,1734071283725
1,1,0.71489374163618,1,0.5,0.5,0.5,0.5,1734071283742
1,1,0.72745553596979,1,0.5,0.5,0.5,0.5,1734071283759
1,1,0.75442404728569,1,0.5,0.5,0.5,0.5,1734071283775
1,1,0.77151367396523,1,0.5,0.5,0.5,0.5,1734071283792
1,1,0.78860326949736,1,0.5,0.5,0.5,0.5,1734071283809
1,1,0.81827029720593,1,0.5,0.5,0.5,0.5,1734071283825
1,1,0.83802780927892,1,0.5,0.5,0.5,0.5,1734071283842
1,1,0.85511729275403,1,0.5,0.5,0.5,0.5,1734071283859
1,1,0.88477910142818,1,0.5,0.5,0.5,0.5,1734071283876
1,1,0.91174470817228,1,0.5,0.5,0.5,0.5,1734071283892
1,1,0.92883408222929,1,0.5,0.5,0.5,0.5,1734071283909
1,1,0.95579901144924,1,0.5,0.5,0.5,0.5,1734071283926
1,1,0.97288832641381,1,0.5,0.5,0.5,0.5,1734071283943
1,1,0.9972046418686,1,0.5,0.5,0.5,0.5,1734071283960
1,1,1,1,0.5,0.5,0.5,0.5,1734071283976
1,1,1,1,0.5,0.5,0.5,0.5,1734071283993
1,1,1,1,0.5,0.5,0.5,0.5,1734071284009
1,1,1,1,0.5,0.5,0.5,0.5,1734071284026
1,1,1,1,0.5,0.5,0.5,0.5,1734071284042
1,1,1,1,0.5,0.5,0.5,0.5,1734071284059
1,1,1,1,0.5,0.5,0.5,0.5,1734071284076
1,1,1,1,0.5,0.5,0.5,0.5,1734071284093
1,1,1,1,0.5,0.5,0.5,0.5,1734071284110
1,1,1,1,0.5,0.5,0.5,0.5,1734071284126
1,1,1,1,0.5,0.5,0.5,0.5,1734071284143
1,1,1,1,0.5,0.5,0.5,0.5,1734071284159
1,1,1,1,0.5,0.5,0.5,0.5,1734071284176
1,1,1,1,0.5,0.5,0.5,0.5,1734071284192
1,1,1,1,0.5,0.5,0.5,0.5,1734071284209
1,1,1,1,0.5,0.5,0.5,0.5,1734071284226
1,1,1,1,0.5,0.5,0.5,0.5,1734071284244
1,1,1,1,0.5,0.5,0.5,0.5,1734071284293
1,1,0.9927743800302,1,0.5,0.5,0.5,0.5,1734071284403
1,0.99334421497406,0.9927743800302,1,0.5,0.5,0.5,0.5,1734071308169
1,0.98951596288151,0.9927743800302,1,0.5,0.5,0.5,0.5,1734071308184
1,0.9647162370545,0.9927743800302,1,0.5,0.5,0.5,0.5,1734071308200
1,0.93037879342447,0.9927743800302,1,0.5,0.5,0.5,0.5,1734071308217
1,0.89604140371257,0.9927743800302,1,0.5,0.5,0.5,0.5,1734071308233
1,0.85786555904375,0.9927743800302,1,0.5,0.5,0.5,0.5,1734071308250
1,0.83018952458227,0.9927743800302,1,0.5,0.5,0.5,0.5,1734071308267
1,0.80918871823187,0.9927743800302,1,0.5,0.5,0.5,0.5,1734071308283
1,0.798684610248,0.9927743800302,1,0.5,0.5,0.5,0.5,1734071308300
1,0.76719601832213,0.9927743800302,1,0.5,0.5,0.5,0.5,1734071308317
1,0.75669206800454,0.9927743800302,1,0.5,0.5,0.5,0.5,1734071308334
1,0.7461881592035,0.9927743800302,1,0.5,0.5,0.5,0.5,1734071308350
1,0.73953390003692,0.9927743800302,1,0.5,0.5,0.5,0.5,1734071308367
1,0.72903006096917,0.9927743800302,1,0.5,0.5,0.5,0.5,1734071308383
1,0.7147225724981,0.9927743800302,1,0.5,0.5,0.5,0.5,1734071308433
1,0.70806855882139,0.9927743800302,1,0.5,0.5,0.5,0.5,1734071308450
1,0.68039276181783,0.9927743800302,1,0.5,0.5,0.5,0.5,1734071308468
1,0.67657055610571,0.9927743800302,1,0.5,0.5,0.5,0.5,1734071308484
1,0.6622657446572,0.9927743800302,1,0.5,0.5,0.5,0.5,1734071308534
1,0.65176225250135,0.9927743800302,1,0.5,0.5,0.5,0.5,1734071308550
1,0.63847208501289,0.9927743800302,1,0.5,0.5,0.5,0.5,1734071308567
1,0.6174745869341,0.9927743800302,1,0.5,0.5,0.5,0.5,1734071308584
1,0.60697132452048,0.9927743800302,1,0.5,0.5,0.5,0.5,1734071308601
1,0.57263466347957,0.9927743800302,1,0.5,0.5,0.5,0.5,1734071308617
1,0.55934775166797,0.9927743800302,1,0.5,0.5,0.5,0.5,1734071308634
1,0.53167228044909,0.9927743800302,1,0.5,0.5,0.5,0.5,1734071308651
1,0.50785661575453,0.9927743800302,1,0.5,0.5,0.5,0.5,1734071308667
1,0.48796162493927,0.9927743800302,1,0.5,0.5,0.5,0.5,1734071308684
1,0.47366964437641,0.9927743800302,1,0.5,0.5,0.5,0.5,1734071308700
1,0.46701822614256,0.9927743800302,1,0.5,0.5,0.5,0.5,1734071308730
1,0.45651594871373,0.9927743800302,1,0.5,0.5,0.5,0.5,1734071308784
1,0.44601375593962,0.9927743800302,1,0.5,0.5,0.5,0.5,1734071308808
1,0.43551165041339,0.9927743800302,1,0.5,0.5,0.5,0.5,1734071308851
1,0.42886081201025,0.9927743800302,1,0.5,0.5,0.5,0.5,1734071308867
1,0.41169199296449,0.9927743800302,1,0.5,0.5,0.5,0.5,1734071308884
1,0.40787956857128,0.9927743800302,1,0.5,0.5,0.5,0.5,1734071308901
1,0.39460200023184,0.9927743800302,1,0.5,0.5,0.5,0.5,1734071308917
1,0.3879518605181,0.9927743800302,1,0.5,0.5,0.5,0.5,1734071308935
1,0.38130184293738,0.9927743800302,1,0.5,0.5,0.5,0.5,1734071308951
1,0.37080034014454,0.9927743800302,1,0.5,0.5,0.5,0.5,1734071309142
1,0.3813145064563,0.9927743800302,1,0.5,0.5,0.5,0.5,1734071313229
1,0.38798783383933,0.9927743800302,1,0.5,0.5,0.5,0.5,1734071313238
1,0.39466104121005,0.9927743800302,1,0.5,0.5,0.5,0.5,1734071313255
1,0.41570063406363,0.9927743800302,1,0.5,0.5,0.5,0.5,1734071313272
1,0.43287103332033,0.9927743800302,1,0.5,0.5,0.5,0.5,1734071313289
1,0.46341745154647,0.9927743800302,1,0.5,0.5,0.5,0.5,1734071313306
1,0.49775953545095,0.9927743800302,1,0.5,0.5,0.5,0.5,1734071313322
1,0.58362356927573,0.9927743800302,1,0.5,0.5,0.5,0.5,1734071313338
1,0.6113029282628,0.9927743800302,1,0.5,0.5,0.5,0.5,1734071313355
1,0.64286654645437,0.9927743800302,1,0.5,0.5,0.5,0.5,1734071313372
1,0.68771398085633,0.9927743800302,1,0.5,0.5,0.5,0.5,1734071313389
1,0.71539314040882,0.9927743800302,1,0.5,0.5,0.5,0.5,1734071313405
1,0.73544589554453,0.9927743800302,1,0.5,0.5,0.5,0.5,1734071313422
1,0.78416577189782,0.9927743800302,1,0.5,0.5,0.5,0.5,1734071313439
1,0.80800836669441,0.9927743800302,1,0.5,0.5,0.5,0.5,1734071313455
1,0.86620052715682,0.9927743800302,1,0.5,0.5,0.5,0.5,1734071313472
1,0.8938794292131,0.9927743800302,1,0.5,0.5,0.5,0.5,1734071313489
1,0.97973833306083,0.9927743800302,1,0.5,0.5,0.5,0.5,1734071313505
1,1,0.9927743800302,1,0.5,0.5,0.5,0.5,1734071313522
1,1,0.9927743800302,1,0.5,0.5,0.5,0.5,1734071313539
1,1,0.9927743800302,1,0.5,0.5,0.5,0.5,1734071313555
1,1,0.9927743800302,1,0.5,0.5,0.5,0.5,1734071313572
1,1,0.9927743800302,1,0.5,0.5,0.5,0.5,1734071313589
1,1,0.9927743800302,1,0.5,0.5,0.5,0.5,1734071313606
1,1,0.9927743800302,1,0.5,0.5,0.5,0.5,1734071313622
1,1,0.9927743800302,1,0.5,0.5,0.5,0.5,1734071313639
1,1,0.9927743800302,1,0.5,0.5,0.5,0.5,1734071313664
1,1,0.9927743800302,1,0.5,0.5,0.5,0.5,1734071313672
1,1,0.9927743800302,1,0.5,0.5,0.5,0.5,1734071313689
1,1,0.9927743800302,1,0.5,0.5,0.5,0.5,1734071313705
1,1,0.9927743800302,1,0.5,0.5,0.5,0.5,1734071313722
1,1,0.9927743800302,1,0.5,0.5,0.5,0.5,1734071313739
1,1,0.9927743800302,1,0.5,0.5,0.5,0.5,1734071313756
1,1,0.9927743800302,1,0.5,0.5,0.5,0.5,1734071313773
1,0.99334421497406,0.9927743800302,1,0.5,0.5,0.5,0.5,1734071313879
1,0.96952261027163,0.9927743800302,1,0.5,0.5,0.5,0.5,1734071313889
1,0.94184643763956,0.9927743800302,1,0.5,0.5,0.5,0.5,1734071313906
1,0.89034176403122,0.9927743800302,1,0.5,0.5,0.5,0.5,1734071313922
1,0.84549489289323,0.9927743800302,1,0.5,0.5,0.5,0.5,1734071313939
1,0.75695299514192,0.9927743800302,1,0.5,0.5,0.5,0.5,1734071313956
1,0.65127425802169,0.9927743800302,1,0.5,0.5,0.5,0.5,1734071313972
1,0.54165833008655,0.9927743800302,1,0.5,0.5,0.5,0.5,1734071313989
1,0.44260587892412,0.9927743800302,1,0.5,0.5,0.5,0.5,1734071314006
1,0.34625446426768,0.9927743800302,1,0.5,0.5,0.5,0.5,1734071314022
1,0.29210063212389,0.9927743800302,1,0.5,0.5,0.5,0.5,1734071314039
1,0.27111528266393,0.9927743800302,1,0.5,0.5,0.5,0.5,1734071314056
1,0.26061515768814,0.9927743800302,1,0.5,0.5,0.5,0.5,1734071314073
1,0.25011519569442,0.9927743800302,1,0.5,0.5,0.5,0.5,1734071314089
1,0.21195270783828,0.9927743800302,1,0.5,0.5,0.5,0.5,1734071314106
1,0.19478428017297,0.9927743800302,1,0.5,0.5,0.5,0.5,1734071314122
1,0.17761590044303,0.9927743800302,1,0.5,0.5,0.5,0.5,1734071314139
1,0.16711751553666,0.9927743800302,1,0.5,0.5,0.5,0.5,1734071314156
1,0.1528749625411,0.9927743800302,1,0.5,0.5,0.5,0.5,1734071314186
1,0.14237717682537,0.9927743800302,1,0.5,0.5,0.5,0.5,1734071314223
1,0.14905744593048,0.9927743800302,1,0.5,0.5,0.5,0.5,1734071314360
1,0.16622834337015,0.9927743800302,1,0.5,0.5,0.5,0.5,1734071314373
1,0.20057230095873,0.9927743800302,1,0.5,0.5,0.5,0.5,1734071314389
1,0.23491592465245,0.9927743800302,1,0.5,0.5,0.5,0.5,1734071314406
1,0.24543181302572,0.9927743800302,1,0.5,0.5,0.5,0.5,1734071314423
1,0.26260247059426,0.9927743800302,1,0.5,0.5,0.5,0.5,1734071314440
1,0.26927844837118,0.9927743800302,1,0.5,0.5,0.5,0.5,1734071314456
1,0.27595424534919,0.9927743800302,1,0.5,0.5,0.5,0.5,1734071314473
1,0.29312484469837,0.9927743800302,1,0.5,0.5,0.5,0.5,1734071314489
1,0.30363989189499,0.9927743800302,1,0.5,0.5,0.5,0.5,1734071314509
1,0.31415480564915,0.9927743800302,1,0.5,0.5,0.5,0.5,1734071314523
1,0.32752950387518,0.9927743800302,1,0.5,0.5,0.5,0.5,1734071314540
1,0.34857176792552,0.9927743800302,1,0.5,0.5,0.5,0.5,1734071314557
1,0.38960002528934,0.9927743800302,1,0.5,0.5,0.5,0.5,1734071314574
1,0.43444757199084,0.9927743800302,1,0.5,0.5,0.5,0.5,1734071314590
1,0.4859629308469,0.9927743800302,1,0.5,0.5,0.5,0.5,1734071314606
1,0.52030493160873,0.9927743800302,1,0.5,0.5,0.5,0.5,1734071314623
1,0.60335426179172,0.9927743800302,1,0.5,0.5,0.5,0.5,1734071314640
1,0.69590691137559,0.9927743800302,1,0.5,0.5,0.5,0.5,1734071314656
1,0.75126829445441,0.9927743800302,1,0.5,0.5,0.5,0.5,1734071314673
1,0.77229957914952,0.9927743800302,1,0.5,0.5,0.5,0.5,1734071314690
1,0.82888453128915,0.9927743800302,1,0.5,0.5,0.5,0.5,1734071314707
1,0.89476524745899,0.9927743800302,1,0.5,0.5,0.5,0.5,1734071314724
1,0.98959527063662,0.9927743800302,1,0.5,0.5,0.5,0.5,1734071314740
1,1,0.9927743800302,1,0.5,0.5,0.5,0.5,1734071314756
1,1,0.9927743800302,1,0.5,0.5,0.5,0.5,1734071314773
1,1,0.9927743800302,1,0.5,0.5,0.5,0.5,1734071314790
1,1,0.9927743800302,1,0.5,0.5,0.5,0.5,1734071314807
1,1,0.9927743800302,1,0.5,0.5,0.5,0.5,1734071314823
1,1,0.9927743800302,1,0.5,0.5,0.5,0.5,1734071314840
1,1,0.9927743800302,1,0.5,0.5,0.5,0.5,1734071314962
1,0.98283080915284,0.9927743800302,1,0.5,0.5,0.5,0.5,1734071314986
1,0.97617510742409,0.9927743800302,1,0.5,0.5,0.5,0.5,1734071315850
1,0.96951943861664,0.9927743800302,1,0.5,0.5,0.5,0.5,1734071315858
1,0.9351819876935,0.9927743800302,1,0.5,0.5,0.5,0.5,1734071315874
1,0.89700581705832,0.9927743800302,1,0.5,0.5,0.5,0.5,1734071315891
1,0.87318504870414,0.9927743800302,1,0.5,0.5,0.5,0.5,1734071315908
1,0.83884775634979,0.9927743800302,1,0.5,0.5,0.5,0.5,1734071315924
1,0.78461269636031,0.9927743800302,1,0.5,0.5,0.5,0.5,1734071315941
1,0.7674435967005,0.9927743800302,1,0.5,0.5,0.5,0.5,1734071315958
1,0.75693964541481,0.9927743800302,1,0.5,0.5,0.5,0.5,1734071315974
1,0.73977056034787,0.9927743800302,1,0.5,0.5,0.5,0.5,1734071315991
1,0.71877115111877,0.9927743800302,1,0.5,0.5,0.5,0.5,1734071316008
1,0.70160208757189,0.9927743800302,1,0.5,0.5,0.5,0.5,1734071316024
1,0.66062027138678,0.9927743800302,1,0.5,0.5,0.5,0.5,1734071316041
1,0.60911696973471,0.9927743800302,1,0.5,0.5,0.5,0.5,1734071316058
1,0.58812011181994,0.9927743800302,1,0.5,0.5,0.5,0.5,1734071316075
1,0.56335108452303,0.9927743800302,1,0.5,0.5,0.5,0.5,1734071316091
1,0.54235531927211,0.9927743800302,1,0.5,0.5,0.5,0.5,1734071316108
1,0.51467989334312,0.9927743800302,1,0.5,0.5,0.5,0.5,1734071316125
1,0.49751098215934,0.9927743800302,1,0.5,0.5,0.5,0.5,1734071316141
1,0.48700847261206,0.9927743800302,1,0.5,0.5,0.5,0.5,1734071316158
1,0.48035686597915,0.9927743800302,1,0.5,0.5,0.5,0.5,1734071316181
1,0.46985448459366,0.9927743800302,1,0.5,0.5,0.5,0.5,1734071316191
1,0.45935218473275,0.9927743800302,1,0.5,0.5,0.5,0.5,1734071316208
1,0.43553817532149,0.9927743800302,1,0.5,0.5,0.5,0.5,1734071316224
1,0.42503615952654,0.9927743800302,1,0.5,0.5,0.5,0.5,1734071316241
1,0.41453423652901,0.9927743800302,1,0.5,0.5,0.5,0.5,1734071316258
1,0.4040324093082,0.9927743800302,1,0.5,0.5,0.5,0.5,1734071316308
1,0.40022038224742,0.9927743800302,1,0.5,0.5,0.5,0.5,1734071316325
1,0.3935701413164,0.9927743800302,1,0.5,0.5,0.5,0.5,1734071316341
1,0.37640136748535,0.9927743800302,1,0.5,0.5,0.5,0.5,1734071316358
1,0.36975156826471,0.9927743800302,1,0.5,0.5,0.5,0.5,1734071316375
1,0.3525828279437,0.9927743800302,1,0.5,0.5,0.5,0.5,1734071316425
1,0.34593350573292,0.9927743800302,1,0.5,0.5,0.5,0.5,1734071316444
1,0.34212482717963,0.9927743800302,1,0.5,0.5,0.5,0.5,1734071316491
1,0.331623754463,0.9927743800302,1,0.5,0.5,0.5,0.5,1734071316508
1,0.32497488468432,0.9927743800302,1,0.5,0.5,0.5,0.5,1734071316713
1,0.31832616540321,0.9927743800302,1,0.5,0.5,0.5,0.5,1734071316725
1,0.31167760017916,0.9927743800302,1,0.5,0.5,0.5,0.5,1734071316742
1,0.30502919269933,0.9927743800302,1,0.5,0.5,0.5,0.5,1734071316800
1,0.30502919269933,0.9927743800302,1,0.5,0.5,0.5,0.5,1734071318256
0.98670045565376,0.30502919269933,0.9927743800302,1,0.5,0.5,0.5,0.5,1734071318271
0.982872300031,0.30502919269933,0.9927743800302,1,0.5,0.5,0.5,0.5,1734071318279
0.95519611259276,0.30502919269933,0.9927743800302,1,0.5,0.5,0.5,0.5,1734071318293
0.89317939343304,0.30502919269933,0.9927743800302,1,0.5,0.5,0.5,0.5,1734071318310
0.79967077805852,0.30502919269933,0.9927743800302,1,0.5,0.5,0.5,0.5,1734071318327
0.66132693592047,0.30502919269933,0.9927743800302,1,0.5,0.5,0.5,0.5,1734071318343
0.55735338399677,0.30502919269933,0.9927743800302,1,0.5,0.5,0.5,0.5,1734071318360
0.47730944477642,0.30502919269933,0.9927743800302,1,0.5,0.5,0.5,0.5,1734071318377
0.4077298066185,0.30502919269933,0.9927743800302,1,0.5,0.5,0.5,0.5,1734071318393
0.36580125200169,0.30502919269933,0.9927743800302,1,0.5,0.5,0.5,0.5,1734071318410
0.27232474557735,0.30502919269933,0.9927743800302,1,0.5,0.5,0.5,0.5,1734071318427
0.188840093712,0.30502919269933,0.9927743800302,1,0.5,0.5,0.5,0.5,1734071318444
0.11936154729909,0.30502919269933,0.9927743800302,1,0.5,0.5,0.5,0.5,1734071318460
0.10219343351681,0.30502919269933,0.9927743800302,1,0.5,0.5,0.5,0.5,1734071318477
0.06404173666264,0.30502919269933,0.9927743800302,1,0.5,0.5,0.5,0.5,1734071318493
0.05354690732071,0.30502919269933,0.9927743800302,1,0.5,0.5,0.5,0.5,1734071318510
0.03258724395095,0.30502919269933,0.9927743800302,1,0.5,0.5,0.5,0.5,1734071318527
0.02595231473922,0.30502919269933,0.9927743800302,1,0.5,0.5,0.5,0.5,1734071318544
0.0154593590848,0.30502919269933,0.9927743800302,1,0.5,0.5,0.5,0.5,1734071318560
0,0.30502919269933,0.9927743800302,1,0.5,0.5,0.5,0.5,1734071318581
0,0.30502919269933,0.9927743800302,1,0.5,0.5,0.5,0.5,1734071318594
0,0.30502919269933,0.9927743800302,1,0.5,0.5,0.5,0.5,1734071318611
0,0.30502919269933,0.9927743800302,1,0.5,0.5,0.5,0.5,1734071318627
0,0.30502919269933,0.9927743800302,1,0.5,0.5,0.5,0.5,1734071318644
0,0.30502919269933,0.9927743800302,1,0.5,0.5,0.5,0.5,1734071318661
0,0.30502919269933,0.9927743800302,1,0.5,0.5,0.5,0.5,1734071318677
0,0.30502919269933,0.9927743800302,1,0.5,0.5,0.5,0.5,1734071318694
0,0.30502919269933,0.9927743800302,1,0.5,0.5,0.5,0.5,1734071318710
0,0.30502919269933,0.9927743800302,1,0.5,0.5,0.5,0.5,1734071318727
0,0.30502919269933,0.9927743800302,1,0.5,0.5,0.5,0.5,1734071318804
0,0.30502919269933,0.9927743800302,1,0.5,0.5,0.5,0.5,1734071318844
0,0.30502919269933,0.9927743800302,1,0.5,0.5,0.5,0.5,1734071319042
0,0.30502919269933,0.9927743800302,1,0.5,0.5,0.5,0.5,1734071319047
0.00393355138837,0.30502919269933,0.9927743800302,1,0.5,0.5,0.5,0.5,1734071320791
0,0.30502919269933,0.9927743800302,1,0.5,0.5,0.5,0.5,1734071320799
0,0.30502919269933,0.9927743800302,1,0.5,0.5,0.5,0.5,1734071320815
0,0.30502919269933,0.9927743800302,1,0.5,0.5,0.5,0.5,1734071320829
0,0.30502919269933,0.9927743800302,1,0.5,0.5,0.5,0.5,1734071320853
0,0.30502919269933,0.9927743800302,1,0.5,0.5,0.5,0.5,1734071320863
0,0.30502919269933,0.9927743800302,1,0.5,0.5,0.5,0.5,1734071320879
0,0.30502919269933,0.9927743800302,1,0.5,0.5,0.5,0.5,1734071320896
0,0.30502919269933,0.9927743800302,1,0.5,0.5,0.5,0.5,1734071320975
0,0.29838094678478,0.9927743800302,1,0.5,0.5,0.5,0.5,1734071321751
0,0.2851127707952,0.9927743800302,1,0.5,0.5,0.5,0.5,1734071321765
0,0.27846503320576,0.9927743800302,1,0.5,0.5,0.5,0.5,1734071321780
0,0.21978645072485,0.9927743800302,1,0.5,0.5,0.5,0.5,1734071321797
0,0.14856099364195,0.9927743800302,1,0.5,0.5,0.5,0.5,1734071321814
0,0.09706589991264,0.9927743800302,1,0.5,0.5,0.5,0.5,1734071321830
0,0.06273344904628,0.9927743800302,1,0.5,0.5,0.5,0.5,1734071321847
0,0.04950877866459,0.9927743800302,1,0.5,0.5,0.5,0.5,1734071321864
0,0.01811820070228,0.9927743800302,1,0.5,0.5,0.5,0.5,1734071321880
0,0.01148475470871,0.9927743800302,1,0.5,0.5,0.5,0.5,1734071321897
0,0,0.9927743800302,1,0.5,0.5,0.5,0.5,1734071321914
0,0,0.9927743800302,1,0.5,0.5,0.5,0.5,1734071321931
0,0,0.9927743800302,1,0.5,0.5,0.5,0.5,1734071321981
0,0,0.9927743800302,1,0.5,0.5,0.5,0.5,1734071321997
0,0,0.9927743800302,1,0.5,0.5,0.5,0.5,1734071322014
0,0,0.9927743800302,1,0.5,0.5,0.5,0.5,1734071322041
0,0,0.9927743800302,1,0.5,0.5,0.5,0.5,1734071322049
0,0,0.9927743800302,1,0.5,0.5,0.5,0.5,1734071322065
0,0,0.9927743800302,1,0.5,0.5,0.5,0.5,1734071322082
0,0,0.9927743800302,1,0.5,0.5,0.5,0.5,1734071322098
0,0,0.9927743800302,1,0.5,0.5,0.5,0.5,1734071322114
0,0,0.9927743800302,1,0.5,0.5,0.5,0.5,1734071322131
0,0,0.99016452171681,1,0.5,0.5,0.5,0.5,1734071323198
0,0,0.96584856472452,1,0.5,0.5,0.5,0.5,1734071323216
0,0,0.92909500269852,1,0.5,0.5,0.5,0.5,1734071323232
0,0,0.86802175271463,1,0.5,0.5,0.5,0.5,1734071323248
0,0,0.78988618429972,1,0.5,0.5,0.5,0.5,1734071323265
0,0,0.70924714441115,1,0.5,0.5,0.5,0.5,1734071323282
0,0,0.60680199242042,1,0.5,0.5,0.5,0.5,1734071323298
0,0,0.57263592733668,1,0.5,0.5,0.5,0.5,1734071323315
0,0,0.52864786142214,1,0.5,0.5,0.5,0.5,1734071323332
0,0,0.45054847943016,1,0.5,0.5,0.5,0.5,1734071323348
0,0,0.34844846104251,1,0.5,0.5,0.5,0.5,1734071323365
0,0,0.3241327069298,1,0.5,0.5,0.5,0.5,1734071323382
0,0,0.25584293847367,1,0.5,0.5,0.5,0.5,1734071323398
0,0,0.18512297827482,1,0.5,0.5,0.5,0.5,1734071323415
0,0,0.12664555659418,1,0.5,0.5,0.5,0.5,1734071323432
0,0,0.08272013586713,1,0.5,0.5,0.5,0.5,1734071323448
0,0,0.06563852841978,1,0.5,0.5,0.5,0.5,1734071323465
0,0,0.04132314746693,1,0.5,0.5,0.5,0.5,1734071323482
0,0,0.01445755951889,1,0.5,0.5,0.5,0.5,1734071323499
0,0,0.00724260885815,1,0.5,0.5,0.5,0.5,1734071323516
0,0,0,1,0.5,0.5,0.5,0.5,1734071323532
0,0,0,1,0.5,0.5,0.5,0.5,1734071323548
0,0,0,1,0.5,0.5,0.5,0.5,1734071323565
0,0,0,1,0.5,0.5,0.5,0.5,1734071323582
0,0,0,1,0.5,0.5,0.5,0.5,1734071323599
0,0,0,1,0.5,0.5,0.5,0.5,1734071323615
0,0,0,1,0.5,0.5,0.5,0.5,1734071323649
0,0,0,0.97899712537254,0.5,0.5,0.5,0.5,1734071324871
0,0,0,0.96182794199095,0.5,0.5,0.5,0.5,1734071324886
0,0,0,0.9380065959638,0.5,0.5,0.5,0.5,1734071324900
0,0,0,0.90651377911149,0.5,0.5,0.5,0.5,1734071324917
0,0,0,0.79026512790885,0.5,0.5,0.5,0.5,1734071324934
0,0,0,0.6529457956506,0.5,0.5,0.5,0.5,1734071324950
0,0,0,0.48931958738516,0.5,0.5,0.5,0.5,1734071324967
0,0,0,0.31286435563503,0.5,0.5,0.5,0.5,1734071324983
0,0,0,0.17089453725706,0.5,0.5,0.5,0.5,1734071325000
0,0,0,0.06137664487294,0.5,0.5,0.5,0.5,1734071325017
0,0,0,0.00330107767189,0.5,0.5,0.5,0.5,1734071325034
0,0,0,0,0.5,0.5,0.5,0.5,1734071325050
0,0,0,0,0.5,0.5,0.5,0.5,1734071325068
0,0,0,0,0.5,0.5,0.5,0.5,1734071325083
0,0,0,0,0.5,0.5,0.5,0.5,1734071325100
0,0,0,0,0.5,0.5,0.5,0.5,1734071325117
0,0,0,0,0.5,0.5,0.5,0.5,1734071325133
0,0,0,0,0.5,0.5,0.5,0.5,1734071325150
0,0,0,0,0.5,0.5,0.5,0.5,1734071325167
0,0,0,0,0.5,0.5,0.5,0.5,1734071325184
0,0,0,0,0.5,0.5,0.5,0.5,1734071325201
0,0,0,0,0.5,0.5,0.5,0.5,1734071325250
0,0,0.00724185892905,0,0.5,0.5,0.5,0.5,1734071343646
0,0,0.00471352129337,0,0.5,0.5,0.5,0.5,1734071343653
0,0,0.01922175628054,0,0.5,0.5,0.5,0.5,1734071343669
0,0,0.04101402269602,0,0.5,0.5,0.5,0.5,1734071343685
0,0,0.06279883102784,0,0.5,0.5,0.5,0.5,1734071343702
0,0,0.08457715471098,0,0.5,0.5,0.5,0.5,1734071343719
0,0,0.13561601130902,0,0.5,0.5,0.5,0.5,1734071343735
0,0,0.18170218169172,0,0.5,0.5,0.5,0.5,1734071343752
0,0,0.24020468597494,0,0.5,0.5,0.5,0.5,1734071343769
0,0,0.30083621613667,0,0.5,0.5,0.5,0.5,1734071343786
0,0,0.32782056372844,0,0.5,0.5,0.5,0.5,1734071343803
0,0,0.34230074619775,0,0.5,0.5,0.5,0.5,1734071343820
0,0,0.37130349737167,0,0.5,0.5,0.5,0.5,1734071343836
0,0,0.39303715229274,0,0.5,0.5,0.5,0.5,1734071343852
0,0,0.42722404101513,0,0.5,0.5,0.5,0.5,1734071343869
0,0,0.45621607403616,0,0.5,0.5,0.5,0.5,1734071343886
0,0,0.50226609782238,0,0.5,0.5,0.5,0.5,1734071343903
0,0,0.55557355089384,0,0.5,0.5,0.5,0.5,1734071343919
0,0,0.63069524647843,0,0.5,0.5,0.5,0.5,1734071343936
0,0,0.7301252665299,0,0.5,0.5,0.5,0.5,1734071343952
0,0,0.87091198630248,0,0.5,0.5,0.5,0.5,1734071343970
0,0,0.96303542758826,0,0.5,0.5,0.5,0.5,1734071343986
0,0,1,0,0.5,0.5,0.5,0.5,1734071344003
0,0,1,0,0.5,0.5,0.5,0.5,1734071344019
0,0,1,0,0.5,0.5,0.5,0.5,1734071344036
0,0,1,0,0.5,0.5,0.5,0.5,1734071344052
0,0,1,0,0.5,0.5,0.5,0.5,1734071344069
0,0,1,0,0.5,0.5,0.5,0.5,1734071344086
0,0,1,0,0.5,0.5,0.5,0.5,1734071344103
0,0,1,0,0.5,0.5,0.5,0.5,1734071344119
0,0,1,0,0.5,0.5,0.5,0.5,1734071344136
0,0,1,0,0.5,0.5,0.5,0.5,1734071344153
0,0,1,0,0.5,0.5,0.5,0.5,1734071344169
0,0,1,0,0.5,0.5,0.5,0.5,1734071344186
0,0,1,0,0.5,0.5,0.5,0.5,1734071344215
0,0,1,0,0.5,0.5,0.5,0.5,1734071344303
0,0,0.9927743800302,0,0.5,0.5,0.5,0.5,1734071344320
0,0,0.9639063782335,0,0.5,0.5,0.5,0.5,1734071344336
0,0,0.93057125211777,0,0.5,0.5,0.5,0.5,1734071344353
0,0,0.90891291495412,0,0.5,0.5,0.5,0.5,1734071344369
0,0,0.89715502869529,0,0.5,0.5,0.5,0.5,1734071344373
0,0,0.88992965997193,0,0.5,0.5,0.5,0.5,1734071345303
0,0,0.90439846156547,0,0.5,0.5,0.5,0.5,1734071345354
0,0,0.91694863814056,0,0.5,0.5,0.5,0.5,1734071345371
0,0,0.96768674619553,0,0.5,0.5,0.5,0.5,1734071345388
0,0,1,0,0.5,0.5,0.5,0.5,1734071345404
0,0,1,0,0.5,0.5,0.5,0.5,1734071345420
0,0,1,0,0.5,0.5,0.5,0.5,1734071345437
0,0,1,0,0.5,0.5,0.5,0.5,1734071345454
0,0,1,0,0.5,0.5,0.5,0.5,1734071345471
0,0,1,0,0.5,0.5,0.5,0.5,1734071345487
0,0,1,0,0.5,0.5,0.5,0.5,1734071345504
0,0,1,0,0.5,0.5,0.5,0.5,1734071345521
0,0,1,0,0.5,0.5,0.5,0.5,1734071345537
0,0,1,0,0.5,0.5,0.5,0.5,1734071345554
0,0,1,0,0.5,0.5,0.5,0.5,1734071345571
0,0,1,0,0.5,0.5,0.5,0.5,1734071345587
0,0,1,0,0.5,0.5,0.5,0.5,1734071345604
0,0,1,0,0.5,0.5,0.5,0.5,1734071345674
0.01343579913481,0,1,0,0.5,0.5,0.5,0.5,1734071347257
0.03730854597204,0,1,0,0.5,0.5,0.5,0.5,1734071347273
0.08215653366505,0,1,0,0.5,0.5,0.5,0.5,1734071347289
0.15391564614406,0,1,0,0.5,0.5,0.5,0.5,1734071347306
0.25325118120416,0,1,0,0.5,0.5,0.5,0.5,1734071347322
0.35630044297333,0,1,0,0.5,0.5,0.5,0.5,1734071347339
0.46605015133061,0,1,0,0.5,0.5,0.5,0.5,1734071347356
0.57958260492968,0,1,0,0.5,0.5,0.5,0.5,1734071347372
0.68262083340117,0,1,0,0.5,0.5,0.5,0.5,1734071347389
0.78565702242588,0,1,0,0.5,0.5,0.5,0.5,1734071347406
0.86870236718906,0,1,0,0.5,0.5,0.5,0.5,1734071347423
1,0,1,0,0.5,0.5,0.5,0.5,1734071347439
1,0,1,0,0.5,0.5,0.5,0.5,1734071347456
1,0,1,0,0.5,0.5,0.5,0.5,1734071347472
1,0,1,0,0.5,0.5,0.5,0.5,1734071347489
1,0,1,0,0.5,0.5,0.5,0.5,1734071347506
1,0,1,0,0.5,0.5,0.5,0.5,1734071347523
1,0,1,0,0.5,0.5,0.5,0.5,1734071347539
1,0,1,0,0.5,0.5,0.5,0.5,1734071347556
1,0,1,0,0.5,0.5,0.5,0.5,1734071347573
1,0,1,0,0.5,0.5,0.5,0.5,1734071347589
1,0,1,0,0.5,0.5,0.5,0.5,1734071347606
1,0.00393355138837,1,0,0.5,0.5,0.5,0.5,1734071348746
1,0.01445642780874,1,0,0.5,0.5,0.5,0.5,1734071348761
1,0.02788638321182,1,0,0.5,0.5,0.5,0.5,1734071348777
1,0.04505780460098,1,0,0.5,0.5,0.5,0.5,1734071348791
1,0.06525423370207,1,0,0.5,0.5,0.5,0.5,1734071348807
1,0.13008532197845,1,0,0.5,0.5,0.5,0.5,1734071348824
1,0.17421959115634,1,0,0.5,0.5,0.5,0.5,1734071348841
1,0.22873723872013,1,0,0.5,0.5,0.5,0.5,1734071348858
1,0.3724135334715,1,0,0.5,0.5,0.5,0.5,1734071348874
1,0.46124965674312,1,0,0.5,0.5,0.5,0.5,1734071348891
1,0.55380987429015,1,0,0.5,0.5,0.5,0.5,1734071348907
1,0.63967290477056,1,0,0.5,0.5,0.5,0.5,1734071348924
1,0.72272017305958,1,0,0.5,0.5,0.5,0.5,1734071348941
1,0.7503992748667,1,0,0.5,0.5,0.5,0.5,1734071348957
1,0.78859486139318,1,0,0.5,0.5,0.5,0.5,1734071348974
1,0.83731343792368,1,0,0.5,0.5,0.5,0.5,1734071348991
1,0.88216082020218,1,0,0.5,0.5,0.5,0.5,1734071349007
1,0.90983970309331,1,0,0.5,0.5,0.5,0.5,1734071349024
1,0.93086890515096,1,0,0.5,0.5,0.5,0.5,1734071349041
1,0.96906298323052,1,0,0.5,0.5,0.5,0.5,1734071349058
1,0.99674177037892,1,0,0.5,0.5,0.5,0.5,1734071349074
1,1,1,0,0.5,0.5,0.5,0.5,1734071349091
1,1,1,0,0.5,0.5,0.5,0.5,1734071349108
1,1,1,0,0.5,0.5,0.5,0.5,1734071349124
1,1,1,0,0.5,0.5,0.5,0.5,1734071349141
1,1,1,0,0.5,0.5,0.5,0.5,1734071349158
1,1,1,0,0.5,0.5,0.5,0.5,1734071349174
1,1,1,0,0.5,0.5,0.5,0.5,1734071349191
1,1,1,0,0.5,0.5,0.5,0.5,1734071349222
1,1,1,0,0.5,0.5,0.5,0.5,1734071349238
1,1,1,0,0.5,0.5,0.5,0.5,1734071349274
1,1,1,0,0.5,0.5,0.5,0.5,1734071349291
1,1,1,0,0.5,0.5,0.5,0.5,1734071349308
1,1,1,0,0.5,0.5,0.5,0.5,1734071349325
1,1,1,0,0.5,0.5,0.5,0.5,1734071349388
1,1,1,0.00669055014797,0.5,0.5,0.5,0.5,1734071350996
1,1,1,0.01721327192103,0.5,0.5,0.5,0.5,1734071351012
1,1,1,0.03064218126144,0.5,0.5,0.5,0.5,1734071351026
1,1,1,0.09265904504109,0.5,0.5,0.5,0.5,1734071351044
1,1,1,0.15467589176882,0.5,0.5,0.5,0.5,1734071351060
1,1,1,0.24055106400123,0.5,0.5,0.5,0.5,1734071351076
1,1,1,0.31973893660883,0.5,0.5,0.5,0.5,1734071351093
1,1,1,0.39892662635605,0.5,0.5,0.5,0.5,1734071351109
1,1,1,0.46761695294417,0.5,0.5,0.5,0.5,1734071351127
1,1,1,0.54680439852348,0.5,0.5,0.5,0.5,1734071351143
1,1,1,0.61269093811272,0.5,0.5,0.5,0.5,1734071351160
1,1,1,0.68429955846096,0.5,0.5,0.5,0.5,1734071351176
1,1,1,0.80167648785497,0.5,0.5,0.5,0.5,1734071351193
1,1,1,0.88472165167651,0.5,0.5,0.5,0.5,1734071351209
1,1,1,0.95060153955465,0.5,0.5,0.5,0.5,1734071351226
1,1,1,0.9887954793549,0.5,0.5,0.5,0.5,1734071351243
1,1,1,1,0.5,0.5,0.5,0.5,1734071351259
1,1,1,1,0.5,0.5,0.5,0.5,1734071351277
1,1,1,1,0.5,0.5,0.5,0.5,1734071351293
1,1,1,1,0.5,0.5,0.5,0.5,1734071351310
1,1,1,1,0.5,0.5,0.5,0.5,1734071351327
1,1,1,1,0.5,0.5,0.5,0.5,1734071351343
1,1,1,1,0.5,0.5,0.5,0.5,1734071351360
1,1,1,1,0.5,0.5,0.5,0.5,1734071351383
1,1,1,1,0.5,0.5,0.5,0.5,1734071351393
1,1,1,1,0.5,0.5,0.5,0.5,1734071351410
1,1,1,1,0.5,0.5,0.5,0.5,1734071351427
1,1,1,1,0.5,0.5,0.5,0.5,1734071351443
1,1,1,1,0.5,0.5,0.5,0.5,1734071351460
1,1,1,1,0.5,0.5,0.5,0.5,1734071351477
1,1,1,1,0.5,0.5,0.5,0.5,1734071351493
1,1,1,1,0.5,0.5,0.5,0.5,1734071351519
1,1,0.9927743800302,1,0.5,0.5,0.5,0.5,1734071371932
1,1,0.97568822392271,1,0.5,0.5,0.5,0.5,1734071371947
1,1,0.96124284361565,1,0.5,0.5,0.5,0.5,1734071371964
1,1,0.92707394728904,1,0.5,0.5,0.5,0.5,1734071371980
1,1,0.89032218164102,1,0.5,0.5,0.5,0.5,1734071371997
1,1,0.83907496022928,1,0.5,0.5,0.5,0.5,1734071372014
1,1,0.76612849941931,1,0.5,0.5,0.5,0.5,1734071372031
1,1,0.71232392515767,1,0.5,0.5,0.5,0.5,1734071372048
1,1,0.66636252717216,1,0.5,0.5,0.5,0.5,1734071372064
1,1,0.58355885127926,1,0.5,0.5,0.5,0.5,1734071372081
1,1,0.4205773279239,1,0.5,0.5,0.5,0.5,1734071372097
1,1,0.30363271583235,1,0.5,0.5,0.5,0.5,1734071372114
1,1,0.18925186348161,1,0.5,0.5,0.5,0.5,1734071372131
1,1,0.08463594340032,1,0.5,0.5,0.5,0.5,1734071372147
1,1,0,1,0.5,0.5,0.5,0.5,1734071372164
1,1,0,1,0.5,0.5,0.5,0.5,1734071372181
1,1,0,1,0.5,0.5,0.5,0.5,1734071372197
1,1,0,1,0.5,0.5,0.5,0.5,1734071372214
1,1,0,1,0.5,0.5,0.5,0.5,1734071372231
1,1,0,1,0.5,0.5,0.5,0.5,1734071372247
1,1,0,1,0.5,0.5,0.5,0.5,1734071372264
1,1,0,1,0.5,0.5,0.5,0.5,1734071372281
1,1,0,1,0.5,0.5,0.5,0.5,1734071372298
1,1,0,1,0.5,0.5,0.5,0.5,1734071372314
1,1,0,1,0.5,0.5,0.5,0.5,1734071372331
1,1,0,1,0.5,0.5,0.5,0.5,1734071372347
1,1,0,1,0.5,0.5,0.5,0.5,1734071372364
1,1,0,1,0.5,0.5,0.5,0.5,1734071410181
1,1,0.00724185892905,1,0.5,0.5,0.5,0.5,1734071410220
1,1,0.01448334946811,1,0.5,0.5,0.5,0.5,1734071410236
1,1,0.02172449127022,1,0.5,0.5,0.5,0.5,1734071410252
1,1,0.02896530245571,1,0.5,0.5,0.5,0.5,1734071410300
1,1,0.03620579976767,1,0.5,0.5,0.5,0.5,1734071410354
1,1,0.04344599870809,1,0.5,0.5,0.5,0.5,1734071410417
1,1,0.05068591365762,1,0.5,0.5,0.5,0.5,1734071410433
1,1,0.04814262792905,1,0.5,0.5,0.5,0.5,1734071411511
1,1,0.04092611947916,1,0.5,0.5,0.5,0.5,1734071411526
1,1,0.03370991362701,1,0.5,0.5,0.5,0.5,1734071411537
1,1,0.0214773578085,1,0.5,0.5,0.5,0.5,1734071411554
1,1,0.00707440416145,1,0.5,0.5,0.5,0.5,1734071411570
1,1,0,1,0.5,0.5,0.5,0.5,1734071411587
1,1,0,1,0.5,0.5,0.5,0.5,1734071411604
1,1,0,1,0.5,0.5,0.5,0.5,1734071411620
1,1,0,1,0.5,0.5,0.5,0.5,1734071411638
1,1,0,1,0.5,0.5,0.5,0.5,1734071411654
1,1,0,1,0.5,0.5,0.5,0.5,1734071411704
1,1,0,1,0.5,0.5,0.5,0.5,1734071411757
1,1,0,1,0.5,0.5,0.5,0.5,1734071411852
1,1,0,1,0.5,0.5,0.5,0.5,1734071411859
1,1,0,1,0.5,0.5,0.5,0.5,1734071411871
1,1,0,1,0.5,0.5,0.5,0.5,1734071411887
1,1,0,1,0.5,0.5,0.5,0.5,1734071411890
1,1,0,1,0.5,0.5,0.5,0.5,1734071412660
1,1,0,1,0.5,0.5,0.5,0.5,1734071412730
1,1,0,1,0.5,0.5,0.5,0.5,1734071412738
1,1,0,1,0.5,0.5,0.5,0.5,1734071412755
1,1,0,1,0.5,0.5,0.5,0.5,1734071412772
1,1,0,1,0.5,0.5,0.5,0.5,1734071412788
1,1,0,1,0.5,0.5,0.5,0.5,1734071412805
1,1,0,1,0.5,0.5,0.5,0.5,1734071412821
1,1,0,1,0.5,0.5,0.5,0.5,1734071412838
1,1,0,1,0.5,0.5,0.5,0.5,1734071412855
1,1,0,1,0.5,0.5,0.5,0.5,1734071412871
1,1,0,1,0.5,0.5,0.5,0.5,1734071412888
1,1,0,1,0.5,0.5,0.5,0.5,1734071412905
1,0.99334421497406,0,1,0.5,0.5,0.5,0.5,1734071414133
1,0.98283954239175,0,1,0.5,0.5,0.5,0.5,1734071414140
1,0.96567035762507,0,1,0.5,0.5,0.5,0.5,1734071414156
1,0.94850117911622,0,1,0.5,0.5,0.5,0.5,1734071414172
1,0.91141437006671,0,1,0.5,0.5,0.5,0.5,1734071414189
1,0.88095492034212,0,1,0.5,0.5,0.5,0.5,1734071414206
1,0.83996995126848,0,1,0.5,0.5,0.5,0.5,1734071414223
1,0.78846568882726,0,1,0.5,0.5,0.5,0.5,1734071414239
1,0.73031964068321,0,1,0.5,0.5,0.5,0.5,1734071414256
1,0.65894332424894,0,1,0.5,0.5,0.5,0.5,1734071414273
1,0.56648307611463,0,1,0.5,0.5,0.5,0.5,1734071414290
1,0.53500485819993,0,1,0.5,0.5,0.5,0.5,1734071414306
1,0.49683363138097,0,1,0.5,0.5,0.5,0.5,1734071414323
1,0.46915833732752,0,1,0.5,0.5,0.5,0.5,1734071414339
1,0.41765663100211,0,1,0.5,0.5,0.5,0.5,1734071414356
1,0.4004878257797,0,1,0.5,0.5,0.5,0.5,1734071414373
1,0.3556411647541,0,1,0.5,0.5,0.5,0.5,1734071414390
1,0.33847244556433,0,1,0.5,0.5,0.5,0.5,1734071414406
1,0.31079777706994,0,1,0.5,0.5,0.5,0.5,1734071414423
1,0.28698856635542,0,1,0.5,0.5,0.5,0.5,1734071414439
1,0.26600351832688,0,1,0.5,0.5,0.5,0.5,1734071414456
1,0.24883496129424,0,1,0.5,0.5,0.5,0.5,1734071414473
1,0.24218825533267,0,1,0.5,0.5,0.5,0.5,1734071414490
1,0.227928190551,0,1,0.5,0.5,0.5,0.5,1734071414506
1,0.21742878279819,0,1,0.5,0.5,0.5,0.5,1734071414523
1,0.21078310111434,0,1,0.5,0.5,0.5,0.5,1734071414540
1,0.19361467659688,0,1,0.5,0.5,0.5,0.5,1734071414556
1,0.18696986973073,0,1,0.5,0.5,0.5,0.5,1734071414573
1,0.16599220968482,0,1,0.5,0.5,0.5,0.5,1734071414590
1,0.12904583631981,0,1,0.5,0.5,0.5,0.5,1734071414607
1,0.05789955086907,0,1,0.5,0.5,0.5,0.5,1734071414624
1,0.03411005281207,0,1,0.5,0.5,0.5,0.5,1734071414640
1,0.0236166519662,0,1,0.5,0.5,0.5,0.5,1734071414656
1,0.01698262339026,0,1,0.5,0.5,0.5,0.5,1734071414727
1,0.01034930078125,0,1,0.5,0.5,0.5,0.5,1734071414741
1,0,0,1,0.5,0.5,0.5,0.5,1734071414757
1,0,0,1,0.5,0.5,0.5,0.5,1734071414807
1,0,0,1,0.5,0.5,0.5,0.5,1734071414892
1,0,0,1,0.5,0.5,0.5,0.5,1734071414908
1,0,0,1,0.5,0.5,0.5,0.5,1734071415059
1,0,0,1,0.5,0.5,0.5,0.5,1734071415074
1,0,0,1,0.5,0.5,0.5,0.5,1734071415091
1,0,0,1,0.5,0.5,0.5,0.5,1734071415107
1,0,0,1,0.5,0.5,0.5,0.5,1734071415124
1,0,0,1,0.5,0.5,0.5,0.5,1734071415140
1,0,0,1,0.5,0.5,0.5,0.5,1734071415157
1,0,0,1,0.5,0.5,0.5,0.5,1734071415178
1,0,0,1,0.5,0.5,0.5,0.5,1734071415190
1,0,0,1,0.5,0.5,0.5,0.5,1734071415218
1,0,0,1,0.5,0.5,0.5,0.5,1734071415226
1,0,0,1,0.5,0.5,0.5,0.5,1734071415242
1,0,0,1,0.5,0.5,0.5,0.5,1734071415257
1,0.00669055014797,0,1,0.5,0.5,0.5,0.5,1734071420073
1,0.01338036828826,0,1,0.5,0.5,0.5,0.5,1734071420080
1,0.02390272775371,0,1,0.5,0.5,0.5,0.5,1734071420095
1,0.04107417377492,0,1,0.5,0.5,0.5,0.5,1734071420112
1,0.05824551816285,0,1,0.5,0.5,0.5,0.5,1734071420129
1,0.06493073887064,0,1,0.5,0.5,0.5,0.5,1734071420145
1,0.07545080606602,0,1,0.5,0.5,0.5,0.5,1734071420162
1,0.09262197759946,0,1,0.5,0.5,0.5,0.5,1734071420178
1,0.11279071449029,0,1,0.5,0.5,0.5,0.5,1734071420195
1,0.12996173370711,0,1,0.5,0.5,0.5,0.5,1734071420212
1,0.16054750082102,0,1,0.5,0.5,0.5,0.5,1734071420229
1,0.19787872421418,0,1,0.5,0.5,0.5,0.5,1734071420246
1,0.21126633680628,0,1,0.5,0.5,0.5,0.5,1734071420262
1,0.23138984133227,0,1,0.5,0.5,0.5,0.5,1734071420279
1,0.26573320327009,0,1,0.5,0.5,0.5,0.5,1734071420296
1,0.3239457361019,0,1,0.5,0.5,0.5,0.5,1734071420312
1,0.40236323378084,0,1,0.5,0.5,0.5,0.5,1734071420329
1,0.49430267060784,0,1,0.5,0.5,0.5,0.5,1734071420346
1,0.58311356602628,0,1,0.5,0.5,0.5,0.5,1734071420362
1,0.67566715164702,0,1,0.5,0.5,0.5,0.5,1734071420379
1,0.76152838443864,0,1,0.5,0.5,0.5,0.5,1734071420395
1,0.89223209198221,0,1,0.5,0.5,0.5,0.5,1734071420412
1,0.99526517379516,0,1,0.5,0.5,0.5,0.5,1734071420429
1,1,0,1,0.5,0.5,0.5,0.5,1734071420445
1,1,0,1,0.5,0.5,0.5,0.5,1734071420462
1,1,0,1,0.5,0.5,0.5,0.5,1734071420479
1,1,0,1,0.5,0.5,0.5,0.5,1734071420495
1,1,0,1,0.5,0.5,0.5,0.5,1734071420512
1,1,0,1,0.5,0.5,0.5,0.5,1734071420529
1,1,0,1,0.5,0.5,0.5,0.5,1734071420546
1,1,0,1,0.5,0.5,0.5,0.5,1734071420563
1,1,0,1,0.5,0.5,0.5,0.5,1734071420579
1,1,0,1,0.5,0.5,0.5,0.5,1734071420596
1,1,0,1,0.5,0.5,0.5,0.5,1734071420646
1,1,0,1,0.5,0.5,0.5,0.5,1734071420696
1,0.99334421497406,0,1,0.5,0.5,0.5,0.5,1734071420808
1,0.97341342629347,0,1,0.5,0.5,0.5,0.5,1734071420815
1,0.96675777125193,0,1,0.5,0.5,0.5,0.5,1734071420829
1,0.91645546341975,0,1,0.5,0.5,0.5,0.5,1734071420846
1,0.81873601828401,0,1,0.5,0.5,0.5,0.5,1734071420863
1,0.66931283548465,0,1,0.5,0.5,0.5,0.5,1734071420879
1,0.57583282059647,0,1,0.5,0.5,0.5,0.5,1734071420896
1,0.47182473445994,0,1,0.5,0.5,0.5,0.5,1734071420913
1,0.36580688422159,0,1,0.5,0.5,0.5,0.5,1734071420929
1,0.24759605196796,0,1,0.5,0.5,0.5,0.5,1734071420946
1,0.14249360332095,0,1,0.5,0.5,0.5,0.5,1734071420963
1,0.05214967813996,0,1,0.5,0.5,0.5,0.5,1734071420979
1,0.03498191997002,0,1,0.5,0.5,0.5,0.5,1734071420996
1,0.01524780268248,0,1,0.5,0.5,0.5,0.5,1734071421013
1,0,0,1,0.5,0.5,0.5,0.5,1734071421030
1,0,0,1,0.5,0.5,0.5,0.5,1734071421046
1,0,0,1,0.5,0.5,0.5,0.5,1734071421063
1,0,0,1,0.5,0.5,0.5,0.5,1734071421079
1,0,0,1,0.5,0.5,0.5,0.5,1734071421096
1,0,0,1,0.5,0.5,0.5,0.5,1734071421113
1,0,0,1,0.5,0.5,0.5,0.5,1734071421130
1,0,0,1,0.5,0.5,0.5,0.5,1734071421245
1,0,0,1,0.5,0.5,0.5,0.5,1734071421263
1,0,0,1,0.5,0.5,0.5,0.5,1734071421280
1,0,0,1,0.5,0.5,0.5,0.5,1734071421313
1,0,0,1,0.5,0.5,0.5,0.5,1734071421330
1,0,0,1,0.5,0.5,0.5,0.5,1734071421348
1,0,0,1,0.5,0.5,0.5,0.5,1734071421363
1,0,0,1,0.5,0.5,0.5,0.5,1734071421380
1,0,0,1,0.5,0.5,0.5,0.5,1734071421396
1,0,0,1,0.5,0.5,0.5,0.5,1734071421413
1,0,0,1,0.5,0.5,0.5,0.5,1734071421430
1,0,0,1,0.5,0.5,0.5,0.5,1734071421447
1,0,0,1,0.5,0.5,0.5,0.5,1734071421463
1,0,0,1,0.5,0.5,0.5,0.5,1734071421480
1,0,0,1,0.5,0.5,0.5,0.5,1734071421497
1,0,0,1,0.5,0.5,0.5,0.5,1734071421513
1,0,0,1,0.5,0.5,0.5,0.5,1734071421530
1,0,0,1,0.5,0.5,0.5,0.5,1734071421562
1,0,0,1,0.5,0.5,0.5,0.5,1734071421624
1,0,0,1,0.5,0.5,0.5,0.5,1734071421680
1,0,0.01450915138386,1,0.5,0.5,0.5,0.5,1734071433121
1,0,0.02175029197662,1,0.5,0.5,0.5,0.5,1734071433127
1,0,0.03884472028795,1,0.5,0.5,0.5,0.5,1734071433142
1,0,0.097351706818,1,0.5,0.5,0.5,0.5,1734071433158
1,0,0.1703048480502,1,0.5,0.5,0.5,0.5,1734071433176
1,0,0.30008490901994,1,0.5,0.5,0.5,0.5,1734071433191
1,0,0.35858529335321,1,0.5,0.5,0.5,0.5,1734071433208
1,0,0.44409361287795,1,0.5,0.5,0.5,0.5,1734071433225
1,0,0.49538016231631,1,0.5,0.5,0.5,0.5,1734071433242
1,0,0.51969658754793,1,0.5,0.5,0.5,0.5,1734071433258
1,0,0.52236133720337,1,0.5,0.5,0.5,0.5,1734071433278
1,0,0.53945152032387,1,0.5,0.5,0.5,0.5,1734071433309
1,0,0.54932407107647,1,0.5,0.5,0.5,0.5,1734071433325
1,0,0.55919646051737,1,0.5,0.5,0.5,0.5,1734071433342
1,0,0.56642910435025,1,0.5,0.5,0.5,0.5,1734071433359
1,0,0.57366171095961,1,0.5,0.5,0.5,0.5,1734071433375
1,0,0.58089428099366,1,0.5,0.5,0.5,0.5,1734071433392
1,0,0.5953674664502,1,0.5,0.5,0.5,0.5,1734071433408
1,0,0.6025999304438,1,0.5,0.5,0.5,0.5,1734071433430
1,0,0.59999974202681,1,0.5,0.5,0.5,0.5,1734071433515
1,0,0.58291432987384,1,0.5,0.5,0.5,0.5,1734071433525
1,0,0.56324765490778,1,0.5,0.5,0.5,0.5,1734071433542
1,0,0.54358226819187,1,0.5,0.5,0.5,0.5,1734071433559
1,0,0.49234251079395,1,0.5,0.5,0.5,0.5,1734071433575
1,0,0.43649324866554,1,0.5,0.5,0.5,0.5,1734071433592
1,0,0.3780101495427,1,0.5,0.5,0.5,0.5,1734071433609
1,0,0.28075224852848,1,0.5,0.5,0.5,0.5,1734071433626
1,0,0.15478874203055,1,0.5,0.5,0.5,0.5,1734071433642
1,0,0.03787976992755,1,0.5,0.5,0.5,0.5,1734071433659
1,0,0,1,0.5,0.5,0.5,0.5,1734071433675
1,0,0,1,0.5,0.5,0.5,0.5,1734071433692
1,0,0,1,0.5,0.5,0.5,0.5,1734071433709
1,0,0,1,0.5,0.5,0.5,0.5,1734071433725
1,0,0,1,0.5,0.5,0.5,0.5,1734071433742
1,0,0,1,0.5,0.5,0.5,0.5,1734071433759
1,0,0,1,0.5,0.5,0.5,0.5,1734071433775
1,0,0,1,0.5,0.5,0.5,0.5,1734071433793
1,0,0,1,0.5,0.5,0.5,0.5,1734071433810
1,0,0,1,0.5,0.5,0.5,0.5,1734071433834
1,0,0,0.98283080915284,0.5,0.5,0.5,0.5,1734071441400
1,0,0,0.97617510742409,0.5,0.5,0.5,0.5,1734071441416
1,0,0,0.95517248783114,0.5,0.5,0.5,0.5,1734071441433
1,0,0,0.93800331323767,0.5,0.5,0.5,0.5,1734071441450
1,0,0,0.8998271199637,0.5,0.5,0.5,0.5,1734071441467
1,0,0,0.87127925721238,0.5,0.5,0.5,0.5,1734071441484
1,0,0,0.82261161089266,0.5,0.5,0.5,0.5,1734071441500
1,0,0,0.79112221296227,0.5,0.5,0.5,0.5,1734071441517
1,0,0,0.76344627563161,0.5,0.5,0.5,0.5,1734071441534
1,0,0,0.72910920192775,0.5,0.5,0.5,0.5,1734071441550
1,0,0,0.71480170963802,0.5,0.5,0.5,0.5,1734071441567
1,0,0,0.69763264842869,0.5,0.5,0.5,0.5,1734071441584
1,0,0,0.66995687084947,0.5,0.5,0.5,0.5,1734071441600
1,0,0,0.64517935054849,0.5,0.5,0.5,0.5,1734071441617
1,0,0,0.61866866087056,0.5,0.5,0.5,0.5,1734071441634
1,0,0,0.58718761015844,0.5,0.5,0.5,0.5,1734071441650
1,0,0,0.57001863615851,0.5,0.5,0.5,0.5,1734071441667
1,0,0,0.55284967600746,0.5,0.5,0.5,0.5,1734071441684
1,0,0,0.54234679084049,0.5,0.5,0.5,0.5,1734071441700
1,0,0,0.53184397287523,0.5,0.5,0.5,0.5,1734071441717
1,0,0,0.51467504574536,0.5,0.5,0.5,0.5,1734071441734
1,0,0,0.48991524009318,0.5,0.5,0.5,0.5,1734071441750
1,0,0,0.46610049035518,0.5,0.5,0.5,0.5,1734071441767
1,0,0,0.42416301812837,0.5,0.5,0.5,0.5,1734071441783
1,0,0,0.38599426091718,0.5,0.5,0.5,0.5,1734071441800
1,0,0,0.36882549746478,0.5,0.5,0.5,0.5,1734071441817
1,0,0,0.3411506831063,0.5,0.5,0.5,0.5,1734071441833
1,0,0,0.30298442382103,0.5,0.5,0.5,0.5,1734071441850
1,0,0,0.25148508955597,0.5,0.5,0.5,0.5,1734071441867
1,0,0,0.19240225127627,0.5,0.5,0.5,0.5,1734071441884
1,0,0,0.1647285833403,0.5,0.5,0.5,0.5,1734071441901
1,0,0,0.1437530762624,0.5,0.5,0.5,0.5,1734071441917
1,0,0,0.13325553098515,0.5,0.5,0.5,0.5,1734071441934
1,0,0,0.12946785655603,0.5,0.5,0.5,0.5,1734071441951
1,0,0,0.11229970071344,0.5,0.5,0.5,0.5,1734071441967
1,0,0,0.08462695232362,0.5,0.5,0.5,0.5,1734071441984
1,0,0,0.07798777021604,0.5,0.5,0.5,0.5,1734071442014
1,0,0,0.07421006486706,0.5,0.5,0.5,0.5,1734071442021
1,0,0,0.06757162249654,0.5,0.5,0.5,0.5,1734071442038
1,0,0,0.05707664304689,0.5,0.5,0.5,0.5,1734071442051
1,0,0,0.05043952894385,0.5,0.5,0.5,0.5,1734071442068
1,0,0,0.04380297101079,0.5,0.5,0.5,0.5,1734071442084
1,0,0,0.02663526906463,0.5,0.5,0.5,0.5,1734071442101
1,0,0,0.01614227509266,0.5,0.5,0.5,0.5,1734071442118
1,0,0,0,0.5,0.5,0.5,0.5,1734071442134
1,0,0,0,0.5,0.5,0.5,0.5,1734071442151
1,0,0,0,0.5,0.5,0.5,0.5,1734071442168
1,0,0,0,0.5,0.5,0.5,0.5,1734071442184
1,0,0,0,0.5,0.5,0.5,0.5,1734071442201
1,0,0,0,0.5,0.5,0.5,0.5,1734071442217
1,0,0,0,0.5,0.5,0.5,0.5,1734071442234
1,0,0,0,0.5,0.5,0.5,0.5,1734071442251
1,0,0,0,0.5,0.5,0.5,0.5,1734071442268
1,0,0,0,0.5,0.5,0.5,0.5,1734071442285
1,0,0,0,0.5,0.5,0.5,0.5,1734071442362
1,0,0,0,0.5,0.5,0.5,0.5,1734071442377
1,0,0,0,0.5,0.5,0.5,0.5,1734071442385
1,0,0,0,0.5,0.5,0.5,0.5,1734071442402
1,0,0,0,0.5,0.5,0.5,0.5,1734071442418
1,0,0,0,0.5,0.5,0.5,0.5,1734071442434
1,0,0,0,0.5,0.5,0.5,0.5,1734071442515
1,0,0,0,0.5,0.5,0.5,0.5,1734071442530
0.98670045565376,0,0,0,0.5,0.5,0.5,0.5,1734071443505
0.96569772215922,0,0,0,0.5,0.5,0.5,0.5,1734071443519
0.91145289990134,0,0,0,0.5,0.5,0.5,0.5,1734071443536
0.82290351497643,0,0,0,0.5,0.5,0.5,0.5,1734071443552
0.74097199159038,0,0,0,0.5,0.5,0.5,0.5,1734071443569
0.659046816083,0,0,0,0.5,0.5,0.5,0.5,1734071443585
0.5508599366528,0,0,0,0.5,0.5,0.5,0.5,1734071443602
0.42154171405683,0,0,0,0.5,0.5,0.5,0.5,1734071443619
0.32251425642529,0,0,0,0.5,0.5,0.5,0.5,1734071443635
0.2512337509101,0,0,0,0.5,0.5,0.5,0.5,1734071443652
0.17204939967985,0,0,0,0.5,0.5,0.5,0.5,1734071443669
0.07187630114456,0,0,0,0.5,0.5,0.5,0.5,1734071443685
0.03093743767169,0,0,0,0.5,0.5,0.5,0.5,1734071443702
0.00326621874391,0,0,0,0.5,0.5,0.5,0.5,1734071443719
0,0,0,0,0.5,0.5,0.5,0.5,1734071443735
0,0,0,0,0.5,0.5,0.5,0.5,1734071443752
0,0,0,0,0.5,0.5,0.5,0.5,1734071443769
0,0,0,0,0.5,0.5,0.5,0.5,1734071443785
0,0,0,0,0.5,0.5,0.5,0.5,1734071443802
0,0,0,0,0.5,0.5,0.5,0.5,1734071443820
0,0,0,0,0.5,0.5,0.5,0.5,1734071443836
0,0,0,0,0.5,0.5,0.5,0.5,1734071443852
0,0,0,0,0.5,0.5,0.5,0.5,1734071443869
0,0,0,0,0.5,0.5,0.5,0.5,1734071443886
0,0,0,0,0.5,0.5,0.5,0.5,1734071443902
0,0,0,0,0.5,0.5,0.5,0.5,1734071443919
0,0,0,0,0.5,0.5,0.5,0.5,1734071443936
0.01343579913481,0,0,0,0.5,0.5,0.5,0.5,1734071447416
0.02012491598803,0,0,0,0.5,0.5,0.5,0.5,1734071447432
0.03064692766664,0,0,0,0.5,0.5,0.5,0.5,1734071447440
0.05832960397785,0,0,0,0.5,0.5,0.5,0.5,1734071447456
0.06884992332441,0,0,0,0.5,0.5,0.5,0.5,1734071447473
0.07936984559579,0,0,0,0.5,0.5,0.5,0.5,1734071447489
0.08605358992462,0,0,0,0.5,0.5,0.5,0.5,1734071447506
0.09657291480885,0,0,0,0.5,0.5,0.5,0.5,1734071447523
0.10325558725999,0,0,0,0.5,0.5,0.5,0.5,1734071447540
0.11377437130926,0,0,0,0.5,0.5,0.5,0.5,1734071447590
0.12429284913823,0,0,0,0.5,0.5,0.5,0.5,1734071447607
0.130973998087,0,0,0,0.5,0.5,0.5,0.5,1734071447701
0.13487780922272,0,0,0,0.5,0.5,0.5,0.5,1734071447708
0.14539572182675,0,0,0,0.5,0.5,0.5,0.5,1734071447723
0.15207585178047,0,0,0,0.5,0.5,0.5,0.5,1734071447739
0.15875568109457,0,0,0,0.5,0.5,0.5,0.5,1734071447756
0.1692730227754,0,0,0,0.5,0.5,0.5,0.5,1734071447780
0.17979013310961,0,0,0,0.5,0.5,0.5,0.5,1734071448367
0.18646881342656,0,0,0,0.5,0.5,0.5,0.5,1734071448374
0.19985805295018,0,0,0,0.5,0.5,0.5,0.5,1734071448390
0.21037455057957,0,0,0,0.5,0.5,0.5,0.5,1734071448407
0.22754528420025,0,0,0,0.5,0.5,0.5,0.5,1734071448423
0.23422229322181,0,0,0,0.5,0.5,0.5,0.5,1734071448440
0.24089909447711,0,0,0,0.5,0.5,0.5,0.5,1734071448457
0.25806976128802,0,0,0,0.5,0.5,0.5,0.5,1734071448474
0.29241292063525,0,0,0,0.5,0.5,0.5,0.5,1734071448490
0.35365124676354,0,0,0,0.5,0.5,0.5,0.5,1734071448507
0.40811622080251,0,0,0,0.5,0.5,0.5,0.5,1734071448523
0.43196501322231,0,0,0,0.5,0.5,0.5,0.5,1734071448540
0.45581321646361,0,0,0,0.5,0.5,0.5,0.5,1734071448557
0.46917782375442,0,0,0,0.5,0.5,0.5,0.5,1734071448574
0.49685746617815,0,0,0,0.5,0.5,0.5,0.5,1734071448590
0.53119942848318,0,0,0,0.5,0.5,0.5,0.5,1734071448607
0.57604690391131,0,0,0,0.5,0.5,0.5,0.5,1734071448624
0.61424454606352,0,0,0,0.5,0.5,0.5,0.5,1734071448640
0.65909199002051,0,0,0,0.5,0.5,0.5,0.5,1734071448657
0.7039394192605,0,0,0,0.5,0.5,0.5,0.5,1734071448674
0.76319225582779,0,0,0,0.5,0.5,0.5,0.5,1734071448691
0.81855323814639,0,0,0,0.5,0.5,0.5,0.5,1734071448707
0.85010932921021,0,0,0,0.5,0.5,0.5,0.5,1734071448724
0.88166451603312,0,0,0,0.5,0.5,0.5,0.5,1734071448740
0.92651188883595,0,0,0,0.5,0.5,0.5,0.5,1734071448757
0.95806508198629,0,0,0,0.5,0.5,0.5,0.5,1734071448774
0.99240603489949,0,0,0,0.5,0.5,0.5,0.5,1734071448791
1,0,0,0,0.5,0.5,0.5,0.5,1734071448807
1,0,0,0,0.5,0.5,0.5,0.5,1734071448824
1,0,0,0,0.5,0.5,0.5,0.5,1734071448841
1,0,0,0,0.5,0.5,0.5,0.5,1734071448857
1,0,0,0,0.5,0.5,0.5,0.5,1734071448874
1,0,0,0,0.5,0.5,0.5,0.5,1734071448891
1,0,0,0,0.5,0.5,0.5,0.5,1734071448908
1,0,0,0,0.5,0.5,0.5,0.5,1734071448924
1,0,0,0,0.5,0.5,0.5,0.5,1734071448941
1,0,0,0,0.5,0.5,0.5,0.5,1734071448960
1,0,0,0,0.5,0.5,0.5,0.5,1734071448974
1,0,0,0,0.5,0.5,0.5,0.5,1734071449024
1,0,0,0,0.5,0.5,0.5,0.5,1734071449041
1,0.0145238718376,0,0,0.5,0.5,0.5,0.5,1734071470788
1,0.03169537860178,0,0,0.5,0.5,0.5,0.5,1734071470796
1,0.05276352611671,0,0,0.5,0.5,0.5,0.5,1734071470813
1,0.07785599624081,0,0,0.5,0.5,0.5,0.5,1734071470830
1,0.10293207594565,0,0,0.5,0.5,0.5,0.5,1734071470846
1,0.12399024789648,0,0,0.5,0.5,0.5,0.5,1734071470863
1,0.1873639570848,0,0,0.5,0.5,0.5,0.5,1734071470879
1,0.24667053117171,0,0,0.5,0.5,0.5,0.5,1734071470896
1,0.26512361036731,0,0,0.5,0.5,0.5,0.5,1734071470913
1,0.2822942296109,0,0,0.5,0.5,0.5,0.5,1734071470930
1,0.30729175540406,0,0,0.5,0.5,0.5,0.5,1734071470946
1,0.32446230141584,0,0,0.5,0.5,0.5,0.5,1734071470963
1,0.34288220078823,0,0,0.5,0.5,0.5,0.5,1734071470979
1,0.3705622773376,0,0,0.5,0.5,0.5,0.5,1734071470996
1,0.41540983593499,0,0,0.5,0.5,0.5,0.5,1734071471013
1,0.45094249975854,0,0,0.5,0.5,0.5,0.5,1734071471029
1,0.52347130870832,0,0,0.5,0.5,0.5,0.5,1734071471046
1,0.64474462220849,0,0,0.5,0.5,0.5,0.5,1734071471064
1,0.74885334477198,0,0,0.5,0.5,0.5,0.5,1734071471079
1,0.78319464388667,0,0,0.5,0.5,0.5,0.5,1734071471096
1,0.83855551662162,0,0,0.5,0.5,0.5,0.5,1734071471113
1,0.93876553184686,0,0,0.5,0.5,0.5,0.5,1734071471129
1,1,0,0,0.5,0.5,0.5,0.5,1734071471146
1,1,0,0,0.5,0.5,0.5,0.5,1734071471163
1,1,0,0,0.5,0.5,0.5,0.5,1734071471179
1,1,0,0,0.5,0.5,0.5,0.5,1734071471197
1,1,0,0,0.5,0.5,0.5,0.5,1734071471213
1,1,0,0,0.5,0.5,0.5,0.5,1734071471230
1,1,0,0,0.5,0.5,0.5,0.5,1734071471246
1,1,0,0,0.5,0.5,0.5,0.5,1734071471263
1,1,0,0,0.5,0.5,0.5,0.5,1734071471280
1,1,0,0,0.5,0.5,0.5,0.5,1734071471313
1,0.99617165229444,0,0,0.5,0.5,0.5,0.5,1734071471444
1,0.99617165229444,0,0.00393355138837,0.5,0.5,0.5,0.5,1734071473140
1,0.99617165229444,0,0.03161671782656,0.5,0.5,0.5,0.5,1734071473148
1,0.99617165229444,0,0.07584701144016,0.5,0.5,0.5,0.5,1734071473165
1,0.99617165229444,0,0.12002785346606,0.5,0.5,0.5,0.5,1734071473182
1,0.99617165229444,0,0.1610712781763,0.5,0.5,0.5,0.5,1734071473199
1,0.99617165229444,0,0.21559438178753,0.5,0.5,0.5,0.5,1734071473215
1,0.99617165229444,0,0.33525932708638,0.5,0.5,0.5,0.5,1734071473232
1,0.99617165229444,0,0.45848393942155,0.5,0.5,0.5,0.5,1734071473249
1,0.99617165229444,0,0.60931217639015,0.5,0.5,0.5,0.5,1734071473266
1,0.99617165229444,0,0.86323013833394,0.5,0.5,0.5,0.5,1734071473282
1,0.99617165229444,0,1,0.5,0.5,0.5,0.5,1734071473299
1,0.99617165229444,0,1,0.5,0.5,0.5,0.5,1734071473315
1,0.99617165229444,0,1,0.5,0.5,0.5,0.5,1734071473331
1,0.99617165229444,0,1,0.5,0.5,0.5,0.5,1734071473348
1,0.99617165229444,0,1,0.5,0.5,0.5,0.5,1734071473365
1,0.99617165229444,0,1,0.5,0.5,0.5,0.5,1734071473382
1,0.99617165229444,0,1,0.5,0.5,0.5,0.5,1734071473399
1,0.99617165229444,0,1,0.5,0.5,0.5,0.5,1734071473416
1,0.99617165229444,0,1,0.5,0.5,0.5,0.5,1734071473432
1,0.99617165229444,0,1,0.5,0.5,0.5,0.5,1734071473448
1,0.99617165229444,0,1,0.5,0.5,0.5,0.5,1734071473465
1,0.99617165229444,0,1,0.5,0.5,0.5,0.5,1734071473482
1,0.99617165229444,0,1,0.5,0.5,0.5,0.5,1734071473499
1,0.99617165229444,0.00273431442396,1,0.5,0.5,0.5,0.5,1734071476071
1,0.99617165229444,0.00997603184812,1,0.5,0.5,0.5,0.5,1734071476085
1,0.99617165229444,0.01721738849346,1,0.5,0.5,0.5,0.5,1734071476101
1,0.99617165229444,0.03901039734602,1,0.5,0.5,0.5,0.5,1734071476118
1,0.99617165229444,0.04625048463133,1,0.5,0.5,0.5,0.5,1734071476135
1,0.99617165229444,0.06075184586093,1,0.5,0.5,0.5,0.5,1734071476152
1,0.99617165229444,0.07064413645737,1,0.5,0.5,0.5,0.5,1734071476168
1,0.99617165229444,0.08773759560402,1,0.5,0.5,0.5,0.5,1734071476185
1,0.99617165229444,0.0949760327613,1,0.5,0.5,0.5,0.5,1734071476201
1,0.99617165229444,0.11206910714668,1,0.5,0.5,0.5,0.5,1734071476218
1,0.99617165229444,0.13383547921885,1,0.5,0.5,0.5,0.5,1734071476235
1,0.99617165229444,0.15559749598746,1,0.5,0.5,0.5,0.5,1734071476251
1,0.99617165229444,0.19440995890814,1,0.5,0.5,0.5,0.5,1734071476268
1,0.99617165229444,0.24570826878202,1,0.5,0.5,0.5,0.5,1734071476285
1,0.99617165229444,0.28451407015155,1,0.5,0.5,0.5,0.5,1734071476301
1,0.99617165229444,0.30160530942831,1,0.5,0.5,0.5,0.5,1734071476324
1,0.99617165229444,0.31608657428965,1,0.5,0.5,0.5,0.5,1734071476335
1,0.99617165229444,0.34306996312821,1,0.5,0.5,0.5,0.5,1734071476352
1,0.99617165229444,0.36480584257544,1,0.5,0.5,0.5,0.5,1734071476368
1,0.99617165229444,0.38653999196722,1,0.5,0.5,0.5,0.5,1734071476385
1,0.99617165229444,0.4279451148176,1,0.5,0.5,0.5,0.5,1734071476401
1,0.99617165229444,0.45226156758228,1,0.5,0.5,0.5,0.5,1734071476418
1,0.99617165229444,0.47398980579387,1,0.5,0.5,0.5,0.5,1734071476435
1,0.99617165229444,0.49830623922157,1,0.5,0.5,0.5,0.5,1734071476451
1,0.99617165229444,0.51278119773648,1,0.5,0.5,0.5,0.5,1734071476468
1,0.99617165229444,0.54433257631247,1,0.5,0.5,0.5,0.5,1734071476485
1,0.99617165229444,0.56605596039521,1,0.5,0.5,0.5,0.5,1734071476502
1,0.99617165229444,0.58052943842536,1,0.5,0.5,0.5,0.5,1734071476518
1,0.99617165229444,0.60225120136153,1,0.5,0.5,0.5,0.5,1734071476535
1,0.99617165229444,0.64104385687934,1,0.5,0.5,0.5,0.5,1734071476552
1,0.99617165229444,0.6798356902041,1,0.5,0.5,0.5,0.5,1734071476568
1,0.99617165229444,0.71862676720667,1,0.5,0.5,0.5,0.5,1734071476585
1,0.99617165229444,0.74034343367599,1,0.5,0.5,0.5,0.5,1734071476602
1,0.99617165229444,0.74757530775029,1,0.5,0.5,0.5,0.5,1734071476619
1,0.99617165229444,0.76204579614589,1,0.5,0.5,0.5,0.5,1734071476635
1,0.99617165229444,0.7791354088063,1,0.5,0.5,0.5,0.5,1734071476652
1,0.99617165229444,0.79360548353443,1,0.5,0.5,0.5,0.5,1734071476669
1,0.99617165229444,0.80083718176611,1,0.5,0.5,0.5,0.5,1734071476685
1,0.99617165229444,0.8251535255372,1,0.5,0.5,0.5,0.5,1734071476702
1,0.99617165229444,0.84224302963658,1,0.5,0.5,0.5,0.5,1734071476719
1,0.99617165229444,0.86655936579571,1,0.5,0.5,0.5,0.5,1734071476735
1,0.99617165229444,0.89622033772418,1,0.5,0.5,0.5,0.5,1734071476752
1,0.99617165229444,0.91793222164968,1,0.5,0.5,0.5,0.5,1734071476769
1,0.99617165229444,0.96199703955911,1,0.5,0.5,0.5,0.5,1734071476785
1,0.99617165229444,0.99354594897024,1,0.5,0.5,0.5,0.5,1734071476802
1,0.99617165229444,1,1,0.5,0.5,0.5,0.5,1734071476819
1,0.99617165229444,1,1,0.5,0.5,0.5,0.5,1734071476835
1,0.99617165229444,1,1,0.5,0.5,0.5,0.5,1734071476852
1,0.99617165229444,1,1,0.5,0.5,0.5,0.5,1734071476869
1,0.99617165229444,1,1,0.5,0.5,0.5,0.5,1734071476885
1,0.99617165229444,1,1,0.5,0.5,0.5,0.5,1734071476902
1,0.99617165229444,1,1,0.5,0.5,0.5,0.5,1734071476926
1,0.99617165229444,1,1,0.5,0.5,0.5,0.5,1734071476935
1,0.99617165229444,1,1,0.5,0.5,0.5,0.5,1734071476952
1,0.99617165229444,1,1,0.5,0.5,0.5,0.5,1734071476980
1,0.99617165229444,1,1,0.5,0.5,0.5,0.5,1734071476987
1,0.99617165229444,1,1,0.5,0.5,0.5,0.5,1734071477011
1,0.99617165229444,1,1,0.5,0.5,0.5,0.5,1734071477020
1,0.99617165229444,1,1,0.5,0.5,0.5,0.5,1734071477035
1,0.99617165229444,1,1,0.5,0.5,0.5,0.5,1734071477219
1,0.99617165229444,0.9882371116068,1,0.5,0.5,0.5,0.5,1734071477237
1,0.99617165229444,0.96927658968238,1,0.5,0.5,0.5,0.5,1734071477252
1,0.99617165229444,0.95483127019722,1,0.5,0.5,0.5,0.5,1734071477269
1,0.99617165229444,0.94579889984985,1,0.5,0.5,0.5,0.5,1734071477274
1,0.99617165229444,0.94579889984985,1,0.5,0.5,0.5,0.5,1734071489617
1,0.99617165229444,0.94579889984985,1,0.5,0.5,0.5,0.5,1734071489632
1,0.99617165229444,0.94579889984985,1,0.5,0.5,0.5,0.5,1734071489648
1,0.99617165229444,0.94579889984985,1,0.5,0.5,0.5,0.5,1734071489665
1,0.99617165229444,0.94579889984985,1,0.5,0.5,0.5,0.5,1734071489682
1,0.99617165229444,0.94579889984985,1,0.5,0.5,0.5,0.5,1734071489702
1,0.99617165229444,0.94579889984985,1,0.5,0.5,0.5,0.5,1734071489748
1,0.99617165229444,0.94579889984985,1,0.5,0.5,0.5,0.5,1734071489774
1,0.99617165229444,0.94579889984985,1,0.5,0.5,0.5,0.5,1734071489837
1,0.99617165229444,0.94579889984985,1,0.5,0.5,0.5,0.5,1734071489860
1,0.99617165229444,0.94579889984985,1,0.5,0.5,0.5,0.5,1734071489875
1,0.99617165229444,0.94579889984985,1,0.5,0.5,0.5,0.5,1734071489915
1,0.99617165229444,0.93594848228867,1,0.5,0.5,0.5,0.5,1734071491146
1,0.99617165229444,0.91626607195056,1,0.5,0.5,0.5,0.5,1734071491183
1,0.99617165229444,0.88209743668663,1,0.5,0.5,0.5,0.5,1734071491200
1,0.99617165229444,0.84534791406019,1,0.5,0.5,0.5,0.5,1734071491217
1,0.99617165229444,0.75015402208048,1,0.5,0.5,0.5,0.5,1734071491233
1,0.99617165229444,0.65751552534211,1,0.5,0.5,0.5,0.5,1734071491250
1,0.99617165229444,0.55507559426211,1,0.5,0.5,0.5,0.5,1734071491266
1,0.99617165229444,0.4722725452513,1,0.5,0.5,0.5,0.5,1734071491283
1,0.99617165229444,0.3967143963869,1,0.5,0.5,0.5,0.5,1734071491300
1,0.99617165229444,0.35797033203638,1,0.5,0.5,0.5,0.5,1734071491317
1,0.99617165229444,0.33365457165261,1,0.5,0.5,0.5,0.5,1734071491333
1,0.99617165229444,0.31202478097733,1,0.5,0.5,0.5,0.5,1734071491350
1,0.99617165229444,0.24179375239735,1,0.5,0.5,0.5,0.5,1734071491367
1,0.99617165229444,0.0762198502177,1,0.5,0.5,0.5,0.5,1734071491383
1,0.99617165229444,0,1,0.5,0.5,0.5,0.5,1734071491400
1,0.99617165229444,0,1,0.5,0.5,0.5,0.5,1734071491417
1,0.99617165229444,0,1,0.5,0.5,0.5,0.5,1734071491433
1,0.99617165229444,0,1,0.5,0.5,0.5,0.5,1734071491450
1,0.99617165229444,0,1,0.5,0.5,0.5,0.5,1734071491466
1,0.99617165229444,0,1,0.5,0.5,0.5,0.5,1734071491483
1,0.99617165229444,0,1,0.5,0.5,0.5,0.5,1734071491500
1,0.99617165229444,0,1,0.5,0.5,0.5,0.5,1734071491517
1,0.99617165229444,0,1,0.5,0.5,0.5,0.5,1734071491533
1,0.99617165229444,0,1,0.5,0.5,0.5,0.5,1734071491550
1,0.99617165229444,0.00989999552254,1,0.5,0.5,0.5,0.5,1734071491741
1,0.99617165229444,0.03692215213197,1,0.5,0.5,0.5,0.5,1734071491750
1,0.99617165229444,0.11436620202407,1,0.5,0.5,0.5,0.5,1734071491767
1,0.99617165229444,0.15132783280254,1,0.5,0.5,0.5,0.5,1734071491784
1,0.99617165229444,0.22255083634738,1,0.5,0.5,0.5,0.5,1734071491800
1,0.99617165229444,0.41222070591599,1,0.5,0.5,0.5,0.5,1734071491818
1,0.99617165229444,0.57190142586382,1,0.5,0.5,0.5,0.5,1734071491834
1,0.99617165229444,0.7000699799421,1,0.5,0.5,0.5,0.5,1734071491850
1,0.99617165229444,0.83247693025835,1,0.5,0.5,0.5,0.5,1734071491867
1,0.99617165229444,0.93778667402061,1,0.5,0.5,0.5,0.5,1734071491884
1,0.99617165229444,1,1,0.5,0.5,0.5,0.5,1734071491900
1,0.99617165229444,1,1,0.5,0.5,0.5,0.5,1734071491917
1,0.99617165229444,1,1,0.5,0.5,0.5,0.5,1734071491934
1,0.99617165229444,1,1,0.5,0.5,0.5,0.5,1734071491950
1,0.99617165229444,1,1,0.5,0.5,0.5,0.5,1734071491967
1,0.99617165229444,1,1,0.5,0.5,0.5,0.5,1734071491984
1,0.99617165229444,1,1,0.5,0.5,0.5,0.5,1734071492001
1,0.99617165229444,1,1,0.5,0.5,0.5,0.5,1734071492017
1,0.99617165229444,1,1,0.5,0.5,0.5,0.5,1734071492034
1,0.99617165229444,1,1,0.5,0.5,0.5,0.5,1734071492051
1,0.99617165229444,1,1,0.5,0.5,0.5,0.5,1734071492067
1,0.99617165229444,1,1,0.5,0.5,0.5,0.5,1734071492084
1,0.99617165229444,1,1,0.5,0.5,0.5,0.5,1734071492101
1,0.99617165229444,1,1,0.5,0.5,0.5,0.5,1734071492117
1,0.99617165229444,1,1,0.5,0.5,0.5,0.5,1734071492134
1,0.99617165229444,1,1,0.5,0.5,0.5,0.5,1734071492150
1,0.99617165229444,1,1,0.5,0.5,0.5,0.5,1734071492167
1,0.99617165229444,1,1,0.5,0.5,0.5,0.5,1734071492184
1,0.99617165229444,1,1,0.5,0.5,0.5,0.5,1734071492201
1,0.99617165229444,1,1,0.5,0.5,0.5,0.5,1734071492230
1,0.99617165229444,1,1,0.5,0.5,0.5,0.5,1734071492246
1,0.99617165229444,1,1,0.5,0.5,0.5,0.5,1734071492301
1,0.99617165229444,1,1,0.5,0.5,0.5,0.5,1734071492795
1,0.99617165229444,0.9882371116068,1,0.5,0.5,0.5,0.5,1734071492856
1,0.99617165229444,0.97115096136108,1,0.5,0.5,0.5,0.5,1734071507394
1,0.99617165229444,0.96854147686846,1,0.5,0.5,0.5,0.5,1734071507410
1,0.99617165229444,0.96131592922155,1,0.5,0.5,0.5,0.5,1734071507417
1,0.99617165229444,0.95146539656895,1,0.5,0.5,0.5,0.5,1734071507433
1,0.99617165229444,0.9298065834161,1,0.5,0.5,0.5,0.5,1734071507449
1,0.99617165229444,0.90287820741089,1,0.5,0.5,0.5,0.5,1734071507466
1,0.99617165229444,0.8713385060993,1,0.5,0.5,0.5,0.5,1734071507483
1,0.99617165229444,0.84702256876792,1,0.5,0.5,0.5,0.5,1734071507499
1,0.99617165229444,0.81285437861227,1,0.5,0.5,0.5,0.5,1734071507516
1,0.99617165229444,0.78853845260977,1,0.5,0.5,0.5,0.5,1734071507533
1,0.99617165229444,0.76161268613658,1,0.5,0.5,0.5,0.5,1734071507549
1,0.99617165229444,0.72487019200849,1,0.5,0.5,0.5,0.5,1734071507566
1,0.99617165229444,0.70055428567544,1,0.5,0.5,0.5,0.5,1734071507583
1,0.99617165229444,0.62038974826166,1,0.5,0.5,0.5,0.5,1734071507599
1,0.99617165229444,0.58365807853877,1,0.5,0.5,0.5,0.5,1734071507616
1,0.99617165229444,0.55212030418975,1,0.5,0.5,0.5,0.5,1734071507633
1,0.99617165229444,0.50348919875507,1,0.5,0.5,0.5,0.5,1734071507649
1,0.99617165229444,0.48640409085993,1,0.5,0.5,0.5,0.5,1734071507666
1,0.99617165229444,0.45223963780092,1,0.5,0.5,0.5,0.5,1734071507683
1,0.99617165229444,0.41552684737161,1,0.5,0.5,0.5,0.5,1734071507700
1,0.99617165229444,0.38399086811216,1,0.5,0.5,0.5,0.5,1734071507716
1,0.99617165229444,0.34258842663161,1,0.5,0.5,0.5,0.5,1734071507734
1,0.99617165229444,0.2966540532146,1,0.5,0.5,0.5,0.5,1734071507750
1,0.99617165229444,0.24055155331888,1,0.5,0.5,0.5,0.5,1734071507766
1,0.99617165229444,0.22346790366808,1,0.5,0.5,0.5,0.5,1734071507783
1,0.99617165229444,0.20185162857697,1,0.5,0.5,0.5,0.5,1734071507799
1,0.99617165229444,0.18223078517071,1,0.5,0.5,0.5,0.5,1734071507816
1,0.99617165229444,0.17501052352127,1,0.5,0.5,0.5,0.5,1734071507833
1,0.99617165229444,0.13836455487786,1,0.5,0.5,0.5,0.5,1734071507850
1,0.99617165229444,0.11876055193444,1,0.5,0.5,0.5,0.5,1734071507867
1,0.99617165229444,0.10893066835278,1,0.5,0.5,0.5,0.5,1734071507884
1,0.99617165229444,0.07477901700001,1,0.5,0.5,0.5,0.5,1734071507900
1,0.99617165229444,0.06495324533394,1,0.5,0.5,0.5,0.5,1734071507916
1,0.99617165229444,0.04787200329542,1,0.5,0.5,0.5,0.5,1734071507933
1,0.99617165229444,0.02100444650749,1,0.5,0.5,0.5,0.5,1734071507950
1,0.99617165229444,0.01378916193421,1,0.5,0.5,0.5,0.5,1734071507967
1,0.99617165229444,0.00657424632258,1,0.5,0.5,0.5,0.5,1734071507983
1,0.99617165229444,0,1,0.5,0.5,0.5,0.5,1734071508000
1,0.99617165229444,0,1,0.5,0.5,0.5,0.5,1734071508017
1,0.99617165229444,0,1,0.5,0.5,0.5,0.5,1734071508033
1,0.99617165229444,0,1,0.5,0.5,0.5,0.5,1734071508050
1,0.99617165229444,0,1,0.5,0.5,0.5,0.5,1734071508074
1,0.99617165229444,0,1,0.5,0.5,0.5,0.5,1734071508089
1,0.99617165229444,0,1,0.5,0.5,0.5,0.5,1734071508100
1,0.99617165229444,0,1,0.5,0.5,0.5,0.5,1734071508117
1,0.99617165229444,0,1,0.5,0.5,0.5,0.5,1734071508133
1,0.99617165229444,0,1,0.5,0.5,0.5,0.5,1734071508150
1,0.99617165229444,0,1,0.5,0.5,0.5,0.5,1734071508166
1,0.99617165229444,0,1,0.5,0.5,0.5,0.5,1734071508217
1,0.99617165229444,0,1,0.5,0.5,0.5,0.5,1734071508234
1,0.99617165229444,0,1,0.5,0.5,0.5,0.5,1734071508272
1,0.99234335945945,0,1,0.5,0.5,0.5,0.5,1734071509373
1,0.97904396415012,0,1,0.5,0.5,0.5,0.5,1734071509384
1,0.95522247514289,0,1,0.5,0.5,0.5,0.5,1734071509401
1,0.92088504610407,0,1,0.5,0.5,0.5,0.5,1734071509418
1,0.85221426846244,0,1,0.5,0.5,0.5,0.5,1734071509435
1,0.78478543209159,0,1,0.5,0.5,0.5,0.5,1734071509452
1,0.67792167193128,0,1,0.5,0.5,0.5,0.5,1734071509468
1,0.59208932967925,0,1,0.5,0.5,0.5,0.5,1734071509485
1,0.5129040746541,0,1,0.5,0.5,0.5,0.5,1734071509501
1,0.44156477769356,0,1,0.5,0.5,0.5,0.5,1734071509518
1,0.39291426796079,0,1,0.5,0.5,0.5,0.5,1734071509535
1,0.36523934808523,0,1,0.5,0.5,0.5,0.5,1734071509551
1,0.34807061441311,0,1,0.5,0.5,0.5,0.5,1734071509568
1,0.30990411860178,0,1,0.5,0.5,0.5,0.5,1734071509585
1,0.26126462439562,0,1,0.5,0.5,0.5,0.5,1734071509602
1,0.20592358308429,0,1,0.5,0.5,0.5,0.5,1734071509618
1,0.16496465535465,0,1,0.5,0.5,0.5,0.5,1734071509635
1,0.0791568832842,0,1,0.5,0.5,0.5,0.5,1734071509651
1,0,0,1,0.5,0.5,0.5,0.5,1734071509668
1,0,0,1,0.5,0.5,0.5,0.5,1734071509685
1,0,0,1,0.5,0.5,0.5,0.5,1734071509702
1,0,0,1,0.5,0.5,0.5,0.5,1734071509722
1,0,0,1,0.5,0.5,0.5,0.5,1734071509737
1,0,0,1,0.5,0.5,0.5,0.5,1734071509753
1,0,0,1,0.5,0.5,0.5,0.5,1734071509770
1,0,0,1,0.5,0.5,0.5,0.5,1734071509785
1,0,0,1,0.5,0.5,0.5,0.5,1734071509801
1,0,0,1,0.5,0.5,0.5,0.5,1734071509871
1,0,0,1,0.5,0.5,0.5,0.5,1734071509885
1,0,0,1,0.5,0.5,0.5,0.5,1734071509912
0.98670045565376,0,0,1,0.5,0.5,0.5,0.5,1734071510514
0.97340117137789,0,0,1,0.5,0.5,0.5,0.5,1734071510522
0.96289655166048,0,0,1,0.5,0.5,0.5,0.5,1734071510536
0.90204247404082,0,0,1,0.5,0.5,0.5,0.5,1734071510552
0.7620436714626,0,0,1,0.5,0.5,0.5,0.5,1734071510569
0.68011675654649,0,0,1,0.5,0.5,0.5,0.5,1734071510585
0.62861333144805,0,0,1,0.5,0.5,0.5,0.5,1734071510602
0.61144432630604,0,0,1,0.5,0.5,0.5,0.5,1734071510619
0.58376872774012,0,0,1,0.5,0.5,0.5,0.5,1734071510636
0.5665997564515,0,0,1,0.5,0.5,0.5,0.5,1734071510653
0.54560390949341,0,0,1,0.5,0.5,0.5,0.5,1734071510669
0.52084000628579,0,0,1,0.5,0.5,0.5,0.5,1734071510686
0.50755559383591,0,0,1,0.5,0.5,0.5,0.5,1734071510703
0.47608106418837,0,0,1,0.5,0.5,0.5,0.5,1734071510720
0.44460876091184,0,0,1,0.5,0.5,0.5,0.5,1734071510736
0.41313889515924,0,0,1,0.5,0.5,0.5,0.5,1734071510752
0.38167170959778,0,0,1,0.5,0.5,0.5,0.5,1734071510769
0.35399683792108,0,0,1,0.5,0.5,0.5,0.5,1734071510786
0.32632209290341,0,0,1,0.5,0.5,0.5,0.5,1734071510803
0.31582121052204,0,0,1,0.5,0.5,0.5,0.5,1734071510820
0.28814666160132,0,0,1,0.5,0.5,0.5,0.5,1734071510836
0.26716154476398,0,0,1,0.5,0.5,0.5,0.5,1734071510853
0.23282670102585,0,0,1,0.5,0.5,0.5,0.5,1734071510869
0.20515269191712,0,0,1,0.5,0.5,0.5,0.5,1734071510886
0.18417343563304,0,0,1,0.5,0.5,0.5,0.5,1734071510902
0.17367490364447,0,0,1,0.5,0.5,0.5,0.5,1734071510920
0.16317660937868,0,0,1,0.5,0.5,0.5,0.5,1734071510936
0.14893515773154,0,0,1,0.5,0.5,0.5,0.5,1734071510953
0.1346978741672,0,0,1,0.5,0.5,0.5,0.5,1734071510970
0.1108994690879,0,0,1,0.5,0.5,0.5,0.5,1734071510986
0.07948409513352,0,0,1,0.5,0.5,0.5,0.5,1734071511003
0.06898863363122,0,0,1,0.5,0.5,0.5,0.5,1734071511020
0.05849359488969,0,0,1,0.5,0.5,0.5,0.5,1734071511036
0.04799900866861,0,0,1,0.5,0.5,0.5,0.5,1734071511053
0.03750490798311,0,0,1,0.5,0.5,0.5,0.5,1734071511070
0.02701132959638,0,0,1,0.5,0.5,0.5,0.5,1734071511092
0.01380003806381,0,0,1,0.5,0.5,0.5,0.5,1734071511103
0.00645405894418,0,0,1,0.5,0.5,0.5,0.5,1734071511124
0,0,0,1,0.5,0.5,0.5,0.5,1734071511140
0,0,0,1,0.5,0.5,0.5,0.5,1734071511155
0,0,0,1,0.5,0.5,0.5,0.5,1734071511170
0,0,0,1,0.5,0.5,0.5,0.5,1734071511187
0,0,0,1,0.5,0.5,0.5,0.5,1734071511203
0,0,0,1,0.5,0.5,0.5,0.5,1734071511253
0,0,0,1,0.5,0.5,0.5,0.5,1734071511320
0,0,0,1,0.5,0.5,0.5,0.5,1734071511337
0,0,0,1,0.5,0.5,0.5,0.5,1734071511353
0,0,0,1,0.5,0.5,0.5,0.5,1734071511370
0,0,0,1,0.5,0.5,0.5,0.5,1734071511387
0,0,0,1,0.5,0.5,0.5,0.5,1734071511437
0,0,0,1,0.5,0.5,0.5,0.5,1734071511529
0,0,0,1,0.5,0.5,0.5,0.5,1734071511536
0,0,0,1,0.5,0.5,0.5,0.5,1734071511551
0,0,0,0.99334421497406,0.5,0.5,0.5,0.5,1734071512613
0,0,0,0.98004480007761,0.5,0.5,0.5,0.5,1734071512621
0,0,0,0.93519790927812,0.5,0.5,0.5,0.5,1734071512638
0,0,0,0.8942121813232,0.5,0.5,0.5,0.5,1734071512655
0,0,0,0.84659284644755,0.5,0.5,0.5,0.5,1734071512671
0,0,0,0.73307299806331,0.5,0.5,0.5,0.5,1734071512688
0,0,0,0.58803910782835,0.5,0.5,0.5,0.5,1734071512704
0,0,0,0.43357544186997,0.5,0.5,0.5,0.5,1734071512721
0,0,0,0.24888052040744,0.5,0.5,0.5,0.5,1734071512738
0,0,0,0.10105764150482,0.5,0.5,0.5,0.5,1734071512755
0,0,0,0,0.5,0.5,0.5,0.5,1734071512771
0,0,0,0,0.5,0.5,0.5,0.5,1734071512788
0,0,0,0,0.5,0.5,0.5,0.5,1734071512805
0,0,0,0,0.5,0.5,0.5,0.5,1734071512821
0,0,0,0,0.5,0.5,0.5,0.5,1734071512838
0,0,0,0,0.5,0.5,0.5,0.5,1734071512855
0,0,0,0,0.5,0.5,0.5,0.5,1734071512871
0,0,0,0,0.5,0.5,0.5,0.5,1734071512888
0,0,0,0,0.5,0.5,0.5,0.5,1734071512905
0,0,0,0,0.5,0.5,0.5,0.5,1734071512922
0,0,0,0,0.5,0.5,0.5,0.5,1734071512938
0,0,0,0,0.5,0.5,0.5,0.5,1734071512955
0,0,0,0,0.5,0.5,0.5,0.5,1734071512972
0,0,0,0,0.5,0.5,0.5,0.5,1734071512988
0,0,0,0,0.5,0.5,0.5,0.5,1734071513005
0,0,0,0,0.5,0.5,0.5,0.5,1734071513022
0,0,0,0,0.5,0.5,0.5,0.5,1734071513038
0,0,0,0,0.5,0.5,0.5,0.5,1734071513056
0,0,0,0,0.5,0.5,0.5,0.5,1734071513064