x,y,node,timestamp
818,127,down,1734071194902
368,300,down,1734071238240
365.3739457552711,300.43364807976826,head_end,1734071238303
364.62285486678024,300.8672906064243,head_end,1734071238314
363.87177342977486,301.30092767626275,head_end,1734071238330
363.12070128177095,301.7345593830936,head_end,1734071238347
360.00445289547054,303.5337262277859,head_end,1734071238364
357.7453619977108,304.8380129657313,head_end,1734071238380
355.8122782569554,305.95407938382255,head_end,1734071238397
353.12771864769263,307.504010596886,head_end,1734071238414
350.8692548282945,308.80793529097053,head_end,1734071238430
349.6857440871302,309.49123553597053,head_end,1734071238447
347.7526659153552,310.60729873880945,head_end,1734071238464
347.0017606457578,311.0408340983474,head_end,1734071238480
345.4981913433735,311.9089202398242,head_end,1734071238499
344.74730536123917,312.3424444637402,head_end,1734071238515
343.56382311547577,313.0257282569128,head_end,1734071238530
341.6307486230812,314.14178933546043,head_end,1734071238547
339.69767520808534,315.25784979197164,head_end,1734071238564
338.19433791498903,316.12580198282353,head_end,1734071238581
334.64139912361964,318.17709215043493,head_end,1734071238597
332.27367479943547,319.5440984263695,head_end,1734071238618
331.52288724401814,319.9775658235939,head_end,1734071238630
329.1552065589049,321.3445469044991,head_end,1734071238647
325.60254992805176,323.3956741666605,head_end,1734071238664
323.23494620836186,324.7626108115578,head_end,1734071238681
322.05154256283373,325.4458492248635,head_end,1734071238697
320.11847826066725,326.56190442008017,head_end,1734071238714
318.9350838712887,327.2451374893453,head_end,1734071238731
316.5675586871221,328.6120287917372,head_end,1734071238748
315.3841743240645,329.29525607230323,head_end,1734071238764
313.45111253108394,330.4113098188408,head_end,1734071238780
311.8309839553131,331.34669148818386,head_end,1734071238797
311.08031182497473,331.7800922447078,head_end,1734071238814
309.83339501604587,332.5,head_end,1734071238831
309.83339501604587,332.5,head_end,1734071238848
309.83339501604587,332.5,head_end,1734071238864
309.83339501604587,332.5,head_end,1734071238880
309.83339501604587,332.5,head_end,1734071238897
309.83339501604587,332.5,head_end,1734071238914
309.83339501604587,332.5,head_end,1734071238931
309.83339501604587,332.5,head_end,1734071238947
309.83339501604587,332.5,head_end,1734071238964
309.83339501604587,332.5,head_end,1734071238981
309.83339501604587,332.5,head_end,1734071238997
309.83339501604587,332.5,head_end,1734071239014
309.83339501604587,332.5,head_end,1734071239031
309.83339501604587,332.5,head_end,1734071239047
309.83339501604587,332.5,head_end,1734071239064
309.83339501604587,332.5,head_end,1734071239081
309.83339501604587,332.5,head_end,1734071239098
309.83339501604587,332.5,head_end,1734071239114
309.83339501604587,332.5,head_end,1734071239131
309.83339501604587,332.5,head_end,1734071239148
310.5827252749424,332.06737397331415,head_end,1734071239385
311.01372253829413,331.81853758729807,head_end,1734071239401
311.7630471018242,331.3859148488335,head_end,1734071239415
314.87892368251846,329.5869626662081,head_end,1734071239431
316.3761290332729,328.72255075391786,head_end,1734071239448
320.5514406069062,326.3119334929301,head_end,1734071239465
323.23326958929056,324.76357880802993,head_end,1734071239481
325.4765240481641,323.4684352423385,head_end,1734071239498
327.40948209490045,322.35244139372304,head_end,1734071239515
328.1587161849533,321.919870890145,head_end,1734071239532
330.5230674450609,320.554812053663,head_end,1734071239548
332.0199039836287,319.690613075188,head_end,1734071239564
332.7691080960429,319.25805987920774,head_end,1734071239581
333.95168995832074,318.5752959226828,head_end,1734071239598
334.38228182748736,318.3266935911086,head_end,1734071239624
335.13146965150014,317.89414979924123,head_end,1734071239632
336.31404260513455,317.21139098612406,head_end,1734071239648
337.49661095937734,316.5286348284668,head_end,1734071239665
339.7389972421853,315.23399250446056,head_end,1734071239681
340.92155171593595,314.5512443607092,head_end,1734071239698
341.6706907664177,314.11872872825313,head_end,1734071239715
344.0348296778992,312.7537924913076,head_end,1734071239732
346.2767386160487,311.45942576236837,head_end,1734071239748
353.56817782268405,307.24971137363764,head_end,1734071239765
355.80927269650874,305.95581464495547,head_end,1734071239781
358.9250777442403,304.15690376190526,head_end,1734071239798
360.4209175270887,303.2932802606132,head_end,1734071239815
361.6033654683157,302.61059362344304,head_end,1734071239832
362.7858058016014,301.9279113787199,head_end,1734071239848
363.968238319224,301.24523364637196,head_end,1734071239865
364.71714623250114,300.8128514610431,head_end,1734071239882
367.39834657876975,299.26485971937365,head_end,1734071239898
370.82531153742787,297.286300577989,head_end,1734071239915
372.00768467746633,296.60365712730515,head_end,1734071239932
374.6887108784914,295.0557659284389,head_end,1734071239948
377.0520024473175,293.6913189050036,head_end,1734071239965
379.73288717434656,292.14350938618696,head_end,1734071239982
380.91517851731203,291.46091316106526,head_end,1734071239999
386.7132678417653,288.11338472880675,head_end,1734071240015
392.0689854605841,285.02125971987806,head_end,1734071240032
397.8668739611946,281.6738472333192,head_end,1734071240048
400.2289066086611,280.3101270484697,head_end,1734071240065
402.1617802433318,279.19418193518305,head_end,1734071240082
403.3437289400859,278.5117835369437,head_end,1734071240098
404.52565031960967,277.8294009103147,head_end,1734071240115
403.7736465953402,278.2635704629533,head_end,1734071240186
401.84049574327105,279.37967562777953,head_end,1734071240199
394.85843626021125,283.41076954982213,head_end,1734071240215
386.02586641449227,288.51025612788413,head_end,1734071240232
370.6265668186735,297.4010458948618,head_end,1734071240249
347.131152032443,310.96612994641384,head_end,1734071240266
334.0226051204113,318.5343530347602,head_end,1734071240282
321.66958279509964,325.66637379958433,head_end,1734071240299
314.99962505429954,329.51727569671874,head_end,1734071240315
311.13340655019323,331.7494379908104,head_end,1734071240332
309.83339501604587,332.5,head_end,1734071240349
309.83339501604587,332.5,head_end,1734071240365
309.83339501604587,332.5,head_end,1734071240382
309.83339501604587,332.5,head_end,1734071240400
309.83339501604587,332.5,head_end,1734071240415
309.83339501604587,332.5,head_end,1734071240432
309.83339501604587,332.5,head_end,1734071240449
309.83339501604587,332.5,head_end,1734071240465
309.83339501604587,332.5,head_end,1734071240482
309.83339501604587,332.5,head_end,1734071240499
309.83339501604587,332.5,head_end,1734071240549
309.83339501604587,332.5,head_end,1734071240574
310.26440304382567,332.25115739913844,head_end,1734071240884
312.19736709945073,331.1351600812894,head_end,1734071240899
313.38001356995676,330.45235882318667,head_end,1734071240916
317.2458370199586,328.22042461368846,head_end,1734071240933
324.5390267045959,324.0096995860122,head_end,1734071240949
326.7822100048123,322.71459710379054,head_end,1734071240966
329.46397808237623,321.1662775823049,head_end,1734071240983
334.8247943010758,318.07120889536253,head_end,1734071240999
337.18904712566075,316.70620689065606,head_end,1734071241016
341.0548266671018,314.4742980317774,head_end,1734071241033
346.8532806522738,311.12655906255463,head_end,1734071241049
351.1509694520769,308.6452872770951,head_end,1734071241066
353.0839131034405,307.52930173965194,head_end,1734071241083
357.69755701094266,304.8656131877105,head_end,1734071241099
359.6304956910618,303.7496305204167,head_end,1734071241116
363.4962118611591,301.5177582490003,head_end,1734071241133
366.9234589734887,299.53903620611743,head_end,1734071241149
372.2817824145992,296.4454067249872,head_end,1734071241166
382.24107916984025,290.6954040624094,head_end,1734071241183
388.3382647492522,287.17519232683685,head_end,1734071241199
394.8818240272761,283.3972666162115,head_end,1734071241216
400.67964770292326,280.0498915563626,head_end,1734071241233
406.4773116636979,276.70260870793834,head_end,1734071241250
409.5928441916905,274.9038551642328,head_end,1734071241266
411.52568446768305,273.78792931058797,head_end,1734071241283
413.8862301216983,272.42506764180786,head_end,1734071241300
416.5648092534523,270.87858925904396,head_end,1734071241316
418.9244821124753,269.5162314986876,head_end,1734071241333
420.5215530490264,268.59416216355487,head_end,1734071241350
422.41669750802293,267.5,head_end,1734071241366
422.41669750802293,267.5,head_end,1734071241383
422.41669750802293,267.5,head_end,1734071241400
422.41669750802293,267.5,head_end,1734071241416
422.41669750802293,267.5,head_end,1734071241433
422.41669750802293,267.5,head_end,1734071241450
422.41669750802293,267.5,head_end,1734071241467
422.41669750802293,267.5,head_end,1734071241483
422.41669750802293,267.5,head_end,1734071241500
422.41669750802293,267.5,head_end,1734071241517
422.41669750802293,267.5,head_end,1734071241533
422.41669750802293,267.5,head_end,1734071241550
422.41669750802293,267.5,head_end,1734071241567
422.41669750802293,267.5,head_end,1734071241583
422.41669750802293,267.5,head_end,1734071241600
422.41669750802293,267.5,head_end,1734071241617
422.41669750802293,267.5,head_end,1734071241634
422.41669750802293,267.5,head_end,1734071241650
422.41669750802293,267.5,head_end,1734071241667
422.41669750802293,267.5,head_end,1734071241683
422.41669750802293,267.5,head_end,1734071241700
422.41669750802293,267.5,head_end,1734071241717
422.41669750802293,267.5,head_end,1734071241734
422.41669750802293,267.5,head_end,1734071241750
422.41669750802293,267.5,head_end,1734071241767
422.41669750802293,267.5,head_end,1734071241784
422.41669750802293,267.5,head_end,1734071241800
422.41669750802293,267.5,head_end,1734071241818
422.41669750802293,267.5,head_end,1734071241834
422.41669750802293,267.5,head_end,1734071241850
422.41669750802293,267.5,head_end,1734071241867
422.41669750802293,267.5,head_end,1734071241883
422.41669750802293,267.5,head_end,1734071241960
422.41669750802293,267.5,head_end,1734071241968
422.41669750802293,267.5,head_end,1734071241984
422.41669750802293,267.5,head_end,1734071242008
416.92428310314926,270.6710469351548,head_end,1734071242167
411.12370895473316,274.02000998119723,head_end,1734071242184
404.14164773675486,278.0511049048954,head_end,1734071242201
399.9388538133557,280.47758910791845,head_end,1734071242217
389.84053998718264,286.30785331382083,head_end,1734071242234
378.2391132740868,293.0059401496104,head_end,1734071242250
365.4571797199564,300.3855929278515,head_end,1734071242267
347.1930352125662,310.93040167571144,head_end,1734071242284
335.47228721464694,317.6973786874139,head_end,1734071242301
325.2405412906165,323.60467995093273,head_end,1734071242318
317.82353096457825,327.8868928592531,head_end,1734071242334
313.20589547443853,330.5528859525049,head_end,1734071242351
309.83339501604587,332.5,head_end,1734071242367
309.83339501604587,332.5,head_end,1734071242384
309.83339501604587,332.5,head_end,1734071242401
309.83339501604587,332.5,head_end,1734071242418
309.83339501604587,332.5,head_end,1734071242434
309.83339501604587,332.5,head_end,1734071242452
309.83339501604587,332.5,head_end,1734071242468
309.83339501604587,332.5,head_end,1734071242484
309.83339501604587,332.5,head_end,1734071242501
309.83339501604587,332.5,head_end,1734071242517
309.83339501604587,332.5,head_end,1734071242534
311.0160476906552,331.8171951599565,head_end,1734071242873
311.7653722428703,331.3845724280247,head_end,1734071242885
317.244808522501,328.2210184169725,head_end,1734071242902
324.97600178961784,323.7574119030456,head_end,1734071242918
331.5224772851534,319.97780251345483,head_end,1734071242935
341.4902766911099,314.22289084319766,head_end,1734071242951
350.4052321573435,309.0758389049542,head_end,1734071242968
355.76489763487297,305.9814345987362,head_end,1734071242985
359.30898057358957,303.9352573600378,head_end,1734071243001
365.85441741316345,300.15624763874615,head_end,1734071243018
372.5109801254122,296.3130793649517,head_end,1734071243035
375.62673606011407,294.5141968373224,head_end,1734071243051
383.35718436942057,290.05102042498777,head_end,1734071243068
400.2892582042393,280.2752830385166,head_end,1734071243085
407.57114941949993,276.0710811851763,head_end,1734071243102
411.10872525846486,274.0286608222712,head_end,1734071243118
415.7184031097387,271.3672620739608,head_end,1734071243135
418.0782414894056,270.00480875021606,head_end,1734071243151
421.19357932750864,268.20616761077065,head_end,1734071243168
421.6168739118774,267.96177836853883,head_end,1734071243185
422.36354912683083,267.53068523218826,head_end,1734071243202
422.41669750802293,267.5,head_end,1734071243282
422.41669750802293,267.5,head_end,1734071243302
422.41669750802293,267.5,head_end,1734071243318
422.41669750802293,267.5,head_end,1734071243335
422.41669750802293,267.5,head_end,1734071243352
422.41669750802293,267.5,head_end,1734071243369
422.41669750802293,267.5,head_end,1734071243386
422.41669750802293,267.5,head_end,1734071243402
422.41669750802293,267.5,head_end,1734071243419
422.41669750802293,267.5,head_end,1734071243435
422.41669750802293,267.5,head_end,1734071243452
422.41669750802293,267.5,head_end,1734071243469
422.41669750802293,267.5,head_end,1734071243485
422.41669750802293,267.5,head_end,1734071243502
421.23197185023673,268.1840016774387,head_end,1734071243670
417.66918449313374,270.24097791712757,head_end,1734071243685
410.6871215663054,274.27207382743075,head_end,1734071243702
401.771836265834,279.41931619556027,head_end,1734071243719
397.4702716356485,281.90282569273444,head_end,1734071243735
393.26978106361526,284.3279800552263,head_end,1734071243752
390.1534213907096,286.1272111512701,head_end,1734071243769
388.9695929976959,286.8106947926509,head_end,1734071243785
357,316,up,1734071244121
453,250,down,1734071244758
449.8114226242539,250.81635192023174,head_neck,1734071244853
448.62782824609104,250.13300338738807,head_neck,1734071244890
447.8767521776328,249.6993694170818,head_neck,1734071244903
445.9436638949306,248.5833003766964,head_neck,1734071244920
444.4395229210098,247.7148841805041,head_neck,1734071244936
443.25596260180157,247.03155531160706,head_neck,1734071244953
440.1397243284677,245.23239430563873,head_neck,1734071244970
438.20664208720086,244.11632875327763,head_neck,1734071244987
436.58483253763876,243.17997657326367,head_neck,1734071245003
435.40131540538175,242.49667263836452,head_neck,1734071245020
434.65038116729005,242.0631205538586,head_neck,1734071245037
432.7173026580863,240.94705715620512,head_neck,1734071245054
431.96639275677865,240.513519122548,head_neck,1734071245070
427.2268829889641,237.7771618822734,head_neck,1734071245088
426.47601912115925,237.34365042607152,head_neck,1734071245103
423.3598128429213,235.54450789248045,head_neck,1734071245128
422.17635483922504,234.86123809547178,head_neck,1734071245137
420.67307472495037,233.9933189168279,head_neck,1734071245153
418.7400041274012,232.87726008697032,head_neck,1734071245170
416.372284656352,231.51025661299457,head_neck,1734071245187
415.1888526231822,230.82700181007635,head_neck,1734071245204
413.68576143799106,229.9591917096897,head_neck,1734071245221
411.3181111947389,228.59222820440115,head_neck,1734071245237
407.4518747034856,226.3600555254253,head_neck,1734071245254
406.26847172773887,225.67681749881814,head_neck,1734071245270
405.51774768826283,225.24338677253954,head_neck,1734071245287
403.897380339406,224.307867247491,head_neck,1734071245304
401.5298492579346,222.9409725402886,head_neck,1734071245354
399.1623444191008,221.57409298428018,head_neck,1734071245371
397.6596139496554,220.70649114322643,head_neck,1734071245388
394.27087188502867,218.75,head_neck,1734071245404
394.27087188502867,218.75,head_neck,1734071245421
394.27087188502867,218.75,head_neck,1734071245437
394.27087188502867,218.75,head_neck,1734071245454
394.27087188502867,218.75,head_neck,1734071245471
394.27087188502867,218.75,head_neck,1734071245487
394.27087188502867,218.75,head_neck,1734071245504
394.27087188502867,218.75,head_neck,1734071245521
394.27087188502867,218.75,head_neck,1734071245649
394.27087188502867,218.75,head_neck,1734071245657
394.27087188502867,218.75,head_neck,1734071245671
394.27087188502867,218.75,head_neck,1734071245697
394.27087188502867,218.75,head_neck,1734071245705
381,206,up,1734071246015
330,253,down,1734071246856
331.92643799066906,254.74457569138335,head_end,1734071246950
330.4205646086243,255.61399209387235,head_end,1734071246957
327.6071589255565,257.23831262233114,head_end,1734071246972
322.5580705205622,260.1534051721169,head_end,1734071246989
315.24970497901825,264.37289198486343,head_end,1734071247005
305.89957224378503,269.77119363650905,head_end,1734071247022
293.43226659190213,276.969195910693,head_end,1734071247039
281.7113691510175,283.73625920333177,head_end,1734071247055
271.92280012142464,289.38769216754844,head_end,1734071247072
262.57334395610894,294.78560320137,head_end,1734071247089
255.15642285167874,299.06776459757106,head_end,1734071247105
253.54174377005737,300,head_end,1734071247122
253.54174377005737,300,head_end,1734071247140
253.54174377005737,300,head_end,1734071247155
253.54174377005737,300,head_end,1734071247173
253.54174377005737,300,head_end,1734071247189
253.54174377005737,300,head_end,1734071247206
253.54174377005737,300,head_end,1734071247222
253.54174377005737,300,head_end,1734071247239
253.54174377005737,300,head_end,1734071247256
253.54174377005737,300,head_end,1734071247273
253.54174377005737,300,head_end,1734071247289
253.54174377005737,300,head_end,1734071247306
253.54174377005737,300,head_end,1734071247323
253.54174377005737,300,head_end,1734071247339
253.54174377005737,300,head_end,1734071247356
253.54174377005737,300,head_end,1734071247373
253.54174377005737,300,head_end,1734071247389
214,330,up,1734071247487
501,390,down,1734071248922
501.76845961211455,391.3029068294095,leg_end_0,1734071249017
501.4468618942694,392.1864892973373,leg_end_0,1734071249032
501.00787566435116,393.39259405148914,leg_end_0,1734071249048
500.56889727099224,394.59867727487125,leg_end_0,1734071249064
500.4504245941152,394.92417827941324,leg_end_0,1734071249074
499.89113760148115,396.46080666266994,leg_end_0,1734071249091
498.69182761187864,399.7558837780292,leg_end_0,1734071249108
497.69095986172596,402.5057453214341,leg_end_0,1734071249124
496.3709770505575,406.1323682891876,leg_end_0,1734071249141
495.1717707363397,409.42716055876855,leg_end_0,1734071249158
494.29297451062024,411.84163334523464,leg_end_0,1734071249175
492.08894262243626,417.897161189778,leg_end_0,1734071249191
491.65008907571536,419.10290139984136,leg_end_0,1734071249208
490.6503560649859,421.84964527230386,leg_end_0,1734071249224
489.89050593356313,423.93731635055747,leg_end_0,1734071249241
487.93107533480975,429.3208076756208,leg_end_0,1734071249258
486.6120744056645,432.94473294468713,leg_end_0,1734071249274
485.41307854190205,436.2389470063939,leg_end_0,1734071249291
484.01031503713847,440.09300806056694,leg_end_0,1734071249308
482.60755716852077,443.94705362955636,leg_end_0,1734071249325
480.8478973659467,448.78167920305054,leg_end_0,1734071249342
480.5263779607127,449.6650465088474,leg_end_0,1734071249358
479.4217267095788,452.7000508777101,leg_end_0,1734071249374
479.4217267095788,452.7000508777101,leg_end_0,1734071249392
479.4217267095788,452.7000508777101,leg_end_0,1734071249408
479.4217267095788,452.7000508777101,leg_end_0,1734071249424
479.4217267095788,452.7000508777101,leg_end_0,1734071249441
479.4217267095788,452.7000508777101,leg_end_0,1734071249458
479.4217267095788,452.7000508777101,leg_end_0,1734071249476
479.4217267095788,452.7000508777101,leg_end_0,1734071249499
479.4217267095788,452.7000508777101,leg_end_0,1734071249508
479.4217267095788,452.7000508777101,leg_end_0,1734071249525
479.4217267095788,452.7000508777101,leg_end_0,1734071249542
479.4217267095788,452.7000508777101,leg_end_0,1734071249564
479.4217267095788,452.7000508777101,leg_end_0,1734071249579
479.4217267095788,452.7000508777101,leg_end_0,1734071249591
479.4217267095788,452.7000508777101,leg_end_0,1734071249608
479.4217267095788,452.7000508777101,leg_end_0,1734071249625
479.4217267095788,452.7000508777101,leg_end_0,1734071249642
479.4217267095788,452.7000508777101,leg_end_0,1734071249840
448,464,up,1734071249997
759,248,down,1734071251228
745,252,down,1734071252408
750.188577375746,250.81635192023174,tail_end,1734071252462
751.6929030972589,249.9478290599675,tail_end,1734071252477
753.6259917469617,248.83175980769408,tail_end,1734071252494
758.2443889561815,246.16532693572645,tail_end,1734071252511
761.2599730186372,244.42427866550372,tail_end,1734071252528
766.3090467292718,241.50919459951058,tail_end,1734071252544
768.2421246269289,240.3931315549337,tail_end,1734071252561
770.1752013263141,239.27706920217946,tail_end,1734071252577
772.859611422422,237.72722431057628,tail_end,1734071252594
774.0430848649451,237.04394559995674,tail_end,1734071252612
774.7939387405381,236.61043991276108,tail_end,1734071252628
775.9774041523891,235.9271658386523,tail_end,1734071252645
777.1608647874708,235.24389452241252,tail_end,1734071252661
779.5286448914353,233.8768560420068,tail_end,1734071252678
780.2794581354616,233.44337381345707,tail_end,1734071252694
782.6471917258192,232.0763621876948,tail_end,1734071252711
786.1999606183649,230.02517011121495,tail_end,1734071252728
788.567612364303,228.65820573835032,tail_end,1734071252745
792.1202075015276,226.60711397955194,tail_end,1734071252761
794.4877848903029,225.24019253681527,tail_end,1734071252778
798.9252777625554,222.67820483249326,tail_end,1734071252795
802.0414505148411,220.87908165511973,tail_end,1734071252811
804.4089174543394,219.51222398030285,tail_end,1734071252828
805.7291281149713,218.75,tail_end,1734071252845
805.7291281149713,218.75,tail_end,1734071252861
805.7291281149713,218.75,tail_end,1734071252878
805.7291281149713,218.75,tail_end,1734071252895
805.7291281149713,218.75,tail_end,1734071252911
805.7291281149713,218.75,tail_end,1734071252928
805.7291281149713,218.75,tail_end,1734071252945
805.7291281149713,218.75,tail_end,1734071252961
805.7291281149713,218.75,tail_end,1734071252978
805.7291281149713,218.75,tail_end,1734071252995
805.7291281149713,218.75,tail_end,1734071253024
805.7291281149713,218.75,tail_end,1734071253040
805.7291281149713,218.75,tail_end,1734071253048
805.7291281149713,218.75,tail_end,1734071253063
805.7291281149713,218.75,tail_end,1734071253079
805.7291281149713,218.75,tail_end,1734071253095
838,191,up,1734071253317
482,456,down,1734071266005
479.7429966946783,451.81736884810067,leg_end_0,1734071266076
480.38528319901354,450.0527011806193,leg_end_0,1734071266091
481.14497760534624,447.96545795353416,leg_end_0,1734071266108
481.90467099606286,445.87821751683134,leg_end_0,1734071266124
482.22593515562016,444.9955514927676,leg_end_0,1734071266141
483.10106801698396,442.5911437171479,leg_end_0,1734071266158
483.8607586537792,440.50391084678176,leg_end_0,1734071266174
485.05804283878007,437.2143995838218,leg_end_0,1734071266191
485.70027531848245,435.4498803477992,leg_end_0,1734071266208
486.5752926447191,433.04579000233224,leg_end_0,1734071266225
487.97761737492146,429.1929344713586,leg_end_0,1734071266241
488.73730013218113,427.10572324983866,leg_end_0,1734071266258
490.1396138612221,423.2528979443074,leg_end_0,1734071266275
491.5419198694914,419.400093851422,leg_end_0,1734071266291
492.94421764215224,415.54731238568485,leg_end_0,1734071266309
493.90690055142187,412.90236283037154,leg_end_0,1734071266325
494.66657116139083,410.8151849832585,leg_end_0,1734071266342
495.94934298786166,407.2907983557174,leg_end_0,1734071266358
497.23201959828094,403.76667333212777,leg_end_0,1734071266375
497.87407004466854,402.00265422852715,leg_end_0,1734071266392
498.9552171334737,399.03222701492575,leg_end_0,1734071266408
499.3930019464815,397.8294231266067,leg_end_0,1734071266425
499.7142018512437,396.9469336411417,leg_end_0,1734071266442
500.03539997475593,396.06444904962046,leg_end_0,1734071266458
499,398,up,1734071266725
NA,NA,flip,1734071267651
NA,NA,flip,1734071269109
255,301,down,1734071270442
253.97275179783713,299.75115739913844,head_end,1734071270488
253.54174377005737,300,head_end,1734071270503
253.54174377005737,300,head_end,1734071270512
253.54174377005737,300,head_end,1734071270529
253.54174377005737,300,head_end,1734071270545
253.54174377005737,300,head_end,1734071270568
253.54174377005737,300,head_end,1734071270579
253.54174377005737,300,head_end,1734071270596
253.54174377005737,300,head_end,1734071270613
253.54174377005737,300,head_end,1734071270629
253.54174377005737,300,head_end,1734071270718
253.54174377005737,300,head_end,1734071270729
255.47470797674518,298.8840025949349,head_end,1734071270901
257.4076714985192,297.7680055853049,head_end,1734071270912
262.76911220173264,294.67257635206045,head_end,1734071270930
270.0622164297041,290.4619006628131,head_end,1734071270946
274.2368878508795,288.05165299401926,head_end,1734071270964
277.66576505254704,286.0719898186183,head_end,1734071270980
279.59871905711196,284.9559983037516,head_end,1734071270996
280.3478961297088,284.52346071921716,head_end,1734071271018
281.5304632010284,283.84070530225597,head_end,1734071271063
285.39624131286723,281.60879726875845,head_end,1734071271079
287.00695975909457,280.67884854024044,head_end,1734071271096
287.7560795960174,280.24634400073774,head_end,1734071271113
290.8719097090549,278.44741864622637,head_end,1734071271130
294.83941037812326,276.15678106692974,head_end,1734071271146
296.77235404358606,275.0407955213464,head_end,1734071271163
299.13626702859517,273.67598972311055,head_end,1734071271179
301.069207511286,272.56000601510146,head_end,1734071271196
302.25167423338365,271.8773085347906,head_end,1734071271213
304.6154581171295,270.5125772732039,head_end,1734071271230
306.54839408897175,269.3965961695344,head_end,1734071271247
309.6641808252263,267.5976958586204,head_end,1734071271263
310.84659129651413,266.91503085472976,head_end,1734071271279
312.4556588848522,265.98603524945844,head_end,1734071271297
314.38858732587545,264.8700584937094,head_end,1734071271313
317.06964768403054,263.3221475742149,head_end,1734071271330
319.4329877433245,261.95767255479495,head_end,1734071271347
321.79624023561877,260.5932480922057,head_end,1734071271363
325.33871847400883,258.5479973276729,head_end,1734071271380
328.4544370716193,256.74913635662335,head_end,1734071271397
329.6366724640355,256.06657243456635,head_end,1734071271414
332.42022467277883,254.459487817545,head_end,1734071271430
334.0268005891478,253.53193077975584,head_end,1734071271447
334.7752248227489,253.09982784701816,head_end,1734071271464
335.62206511269693,252.61090437765606,head_end,1734071272055
336.37044593098403,252.17882651076167,head_end,1734071272064
335.1865829043105,252.86233014789528,head_end,1734071272286
334.43501609748193,253.29624744613173,head_end,1734071272297
330.430301136101,255.60837070711273,head_end,1734071272314
321.6554815404334,260.6745151627618,head_end,1734071272331
312.1522151681399,266.16122856098616,head_end,1734071272347
298.9373923004809,273.79081010092233,head_end,1734071272364
288.83917923820684,279.62101613076044,head_end,1734071272381
275.18679008249643,287.5032266848914,head_end,1734071272397
263.76723850252006,294.09630786361555,head_end,1734071272414
253.54174377005737,300,head_end,1734071272431
253.54174377005737,300,head_end,1734071272447
253.54174377005737,300,head_end,1734071272464
253.54174377005737,300,head_end,1734071272481
253.54174377005737,300,head_end,1734071272497
253.54174377005737,300,head_end,1734071272514
253.54174377005737,300,head_end,1734071272532
253.54174377005737,300,head_end,1734071272547
253.54174377005737,300,head_end,1734071272570
253.54174377005737,300,head_end,1734071272581
253.54174377005737,300,head_end,1734071272597
253.54174377005737,300,head_end,1734071272614
253.54174377005737,300,head_end,1734071272631
253.54174377005737,300,head_end,1734071272648
200,340,up,1734071274083
494,392,down,1734071282457
498,393,down,1734071283424
500.1508957039968,395.7471271414878,leg_end_0,1734071283484
499.50733700822434,397.51529012621626,leg_end_0,1734071283525
499.18575216436767,398.3988372231513,leg_end_0,1734071283542
498.86416902063104,399.28237964904497,leg_end_0,1734071283559
498.5425875470128,400.16591748632607,leg_end_0,1734071283576
498.22100771429865,401.0494508152602,leg_end_0,1734071283592
497.6619558328863,402.5854332357443,leg_end_0,1734071283609
497.2230311848776,403.7913687949902,leg_end_0,1734071283625
495.90310663674745,407.4178316863617,leg_end_0,1734071283642
495.25963036113563,409.1857682235599,leg_end_0,1734071283659
494.8207387809557,410.391612929693,leg_end_0,1734071283675
494.1772807645316,412.15949930018525,leg_end_0,1734071283692
493.855720668912,413.0429784018977,leg_end_0,1734071283709
492.9769887395504,415.45727453557254,leg_end_0,1734071283725
492.0982975449018,417.8714587515432,leg_end_0,1734071283742
491.5397672741087,419.40600805862897,leg_end_0,1734071283759
490.34067664038815,422.7004824986559,leg_end_0,1734071283776
489.58082708676665,424.7881519894136,leg_end_0,1734071283792
488.8209789180405,426.8758176752026,leg_end_0,1734071283809
487.50190517907953,430.4999429875934,leg_end_0,1734071283825
486.62343445465444,432.9135214666033,leg_end_0,1734071283842
485.86359126827705,435.0011734635018,leg_end_0,1734071283859
484.54474958125274,438.6246612184365,leg_end_0,1734071283876
483.34578809240037,441.918780835854,leg_end_0,1734071283892
482.5859497710379,444.00641946623364,leg_end_0,1734071283909
481.3870184066835,447.3004563172733,leg_end_0,1734071283926
480.627182712726,449.38808772891724,leg_end_0,1734071283943
479.5460156521161,452.358569814601,leg_end_0,1734071283960
479.4217267095788,452.7000508777101,leg_end_0,1734071283976
479.4217267095788,452.7000508777101,leg_end_0,1734071283993
479.4217267095788,452.7000508777101,leg_end_0,1734071284009
479.4217267095788,452.7000508777101,leg_end_0,1734071284026
479.4217267095788,452.7000508777101,leg_end_0,1734071284042
479.4217267095788,452.7000508777101,leg_end_0,1734071284059
479.4217267095788,452.7000508777101,leg_end_0,1734071284076
479.4217267095788,452.7000508777101,leg_end_0,1734071284093
479.4217267095788,452.7000508777101,leg_end_0,1734071284110
479.4217267095788,452.7000508777101,leg_end_0,1734071284126
479.4217267095788,452.7000508777101,leg_end_0,1734071284143
479.4217267095788,452.7000508777101,leg_end_0,1734071284159
479.4217267095788,452.7000508777101,leg_end_0,1734071284176
479.4217267095788,452.7000508777101,leg_end_0,1734071284193
479.4217267095788,452.7000508777101,leg_end_0,1734071284209
479.4217267095788,452.7000508777101,leg_end_0,1734071284226
479.4217267095788,452.7000508777101,leg_end_0,1734071284245
479.4217267095788,452.7000508777101,leg_end_0,1734071284293
479.7429966946783,451.81736884810067,leg_end_0,1734071284403
447,482,up,1734071284404
253,298,down,1734071308042
254.29107402895391,299.56737397331415,head_end,1734071308169
254.72207129230563,299.318537587298,head_end,1734071308184
257.51410632680637,297.70655540854216,head_end,1734071308200
261.37992912980695,295.47462157259037,head_end,1734071308217
265.24574586252675,293.2426912413169,head_end,1734071308233
269.5437085307634,290.76126133784345,head_end,1734071308250
272.6595678903183,288.9623190978474,head_end,1734071308267
275.02390802424026,287.59726668507176,head_end,1734071308283
276.2064951907972,286.9144996661199,head_end,1734071308300
279.7515848606335,284.86774119093855,head_end,1734071308317
280.93415427659954,284.1849844202951,head_end,1734071308334
282.11671901849536,283.5022303482274,head_end,1734071308350
282.8658774911061,283.06970350239993,head_end,1734071308367
284.0484343821979,282.386953962996,head_end,1734071308383
285.6592186846368,281.4569672123765,head_end,1734071308433
286.4083495191874,281.0244563233905,head_end,1734071308450
289.52418214494594,279.22552951815896,head_end,1734071308468
289.95449868682016,278.97708614687116,head_end,1734071308484
291.5649816012188,278.0472734027178,head_end,1734071308534
292.74749943582265,277.36454641258774,head_end,1734071308550
294.2437503823453,276.50068552583764,head_end,1734071308567
296.60771806012383,275.1358481507166,head_end,1734071308584
297.7902100295895,274.45313609383106,head_end,1734071308601
301.65594472612264,272.221253126172,head_end,1734071308617
303.15182913779194,271.35760385841814,head_end,1734071308634
306.2676250856353,269.55869822919084,head_end,1734071308651
308.9488712679904,268.01068002404446,head_end,1734071308667
311.18871503701945,266.71750562105285,head_end,1734071308684
312.7977534079381,265.7885268844665,head_end,1734071308700
313.54659203896006,265.35618469926635,head_end,1734071308730
314.7289731155852,264.6735366663921,head_end,1734071308784
315.91134466150186,263.990894136075,head_end,1734071308808
317.09370638476406,263.30825727687005,head_end,1734071308851
317.84247973652907,262.8759527806665,head_end,1734071308867
319.7754020845882,261.75997954269195,head_end,1734071308884
320.2046174132768,261.5121719571332,head_end,1734071308901
321.69944990599447,260.6491300150693,head_end,1734071308918
322.4481445970003,260.21687093367626,head_end,1734071308935
323.1968255378672,259.7846197909296,head_end,1734071308951
324.37911940341377,259.102022109395,head_end,1734071309142
321,252,up,1734071310121
323,256,down,1734071313190
323.1953998370863,259.7854429196592,head_end,1734071313229
322.4440946016941,260.21920919955653,head_end,1734071313239
321.6928028776849,260.65296767865317,head_end,1734071313255
319.32409603114195,262.0205412141361,head_end,1734071313272
317.3909957777169,263.1366171658215,head_end,1734071313289
313.95197913451693,265.12213435052064,head_end,1734071313306
310.0856339140944,267.3543698043116,head_end,1734071313322
300.41877742081766,272.9355320029224,head_end,1734071313338
297.3025437751922,274.73469033708204,head_end,1734071313355
293.74900740058905,276.7863255195343,head_end,1734071313372
288.6999351273242,279.70140875566165,head_end,1734071313389
285.58372393470336,281.500554126573,head_end,1734071313405
283.32611853746215,282.8039832103941,head_end,1734071313422
277.8410739606078,285.9707751733581,head_end,1734071313439
275.1567958984291,287.5205438351368,head_end,1734071313455
268.60533029442865,291.303034265193,head_end,1734071313472
265.48914809158003,293.1021628988516,head_end,1734071313489
255.8228691480617,298.68299164895393,head_end,1734071313505
253.54174377005737,300,head_end,1734071313522
253.54174377005737,300,head_end,1734071313539
253.54174377005737,300,head_end,1734071313555
253.54174377005737,300,head_end,1734071313572
253.54174377005737,300,head_end,1734071313589
253.54174377005737,300,head_end,1734071313606
253.54174377005737,300,head_end,1734071313622
253.54174377005737,300,head_end,1734071313639
253.54174377005737,300,head_end,1734071313664
253.54174377005737,300,head_end,1734071313672
253.54174377005737,300,head_end,1734071313689
253.54174377005737,300,head_end,1734071313706
253.54174377005737,300,head_end,1734071313722
253.54174377005737,300,head_end,1734071313739
253.54174377005737,300,head_end,1734071313756
253.54174377005737,300,head_end,1734071313773
254.29107402895391,299.56737397331415,head_end,1734071313879
256.9729889570125,298.0189696676559,head_end,1734071313889
260.08886387226937,296.2200184465711,head_end,1734071313906
265.8874301208674,292.87221466202914,head_end,1734071313923
270.9364389800145,289.95716803805976,head_end,1734071313939
280.90477823776416,284.2019446842245,head_end,1734071313956
292.8024394659408,277.3328267714097,head_end,1734071313972
305.1433626386007,270.207791455626,head_end,1734071313989
316.2950147103928,263.7693821300678,head_end,1734071314006
327.1425751721885,257.5065401773993,head_end,1734071314022
333.239392437533,253.98654108805272,head_end,1734071314039
335.60199238368284,252.62249337315575,head_end,1734071314056
336.7841311300364,251.93998524972898,head_end,1734071314073
337.96625152732975,251.25748772013714,head_end,1734071314089
342.26271044148416,248.77692600948794,head_end,1734071314106
344.1955887266388,247.66097821124313,head_end,1734071314122
346.1284616150714,246.54503352879726,head_end,1734071314139
347.3104044586629,245.8626385098829,head_end,1734071314156
348.91387811082046,244.93687256517129,head_end,1734071314186
350.0957534955496,244.25451649364933,head_end,1734071314223
349.34366673816123,244.68873398548143,head_end,1734071314360
347.41051039765284,245.80484231905962,head_end,1734071314373
343.54395423168637,248.03719956231714,head_end,1734071314390
339.6774356567056,250.26953510240898,head_end,1734071314406
338.4935222150051,250.95306784667196,head_end,1734071314423
336.56039287998004,252.06916058862706,head_end,1734071314440
335.8087892544917,252.50309914412665,head_end,1734071314456
335.0572059839418,252.93702594769704,head_end,1734071314473
333.12408320344423,254.05311490539393,head_end,1734071314490
331.94026446418917,254.73659297317454,head_end,1734071314509
330.7564607483281,255.42006236719462,head_end,1734071314523
329.25069305220836,256.2894177518864,head_end,1734071314540
326.8816854735127,257.6571649151586,head_end,1734071314557
322.26258876400226,260.3240016438074,head_end,1734071314574
317.21350384768436,263.2390921794048,head_end,1734071314590
311.41373461860996,266.5875905050486,head_end,1734071314606
307.5473987586611,268.8198205545676,head_end,1734071314623
298.1974308969134,274.218027016462,head_end,1734071314640
287.77754795237905,280.2339492394133,head_end,1734071314656
281.5447806148415,283.83243913953686,head_end,1734071314673
279.17700912821726,285.19947264471887,head_end,1734071314690
272.8064883449872,288.87749453379485,head_end,1734071314707
265.3894197480505,293.1597410848342,head_end,1734071314724
254.7131425633223,299.3236925913801,head_end,1734071314740
253.54174377005737,300,head_end,1734071314756
253.54174377005737,300,head_end,1734071314773
253.54174377005737,300,head_end,1734071314790
253.54174377005737,300,head_end,1734071314807
253.54174377005737,300,head_end,1734071314823
253.54174377005737,300,head_end,1734071314840
253.54174377005737,300,head_end,1734071314962
255.47470797674518,298.8840025949349,head_end,1734071314986
183,347,up,1734071314986
251,297,down,1734071315755
256.2240288577698,298.4513819825659,head_end,1734071315850
256.97334603240535,298.01876351008167,head_end,1734071315858
260.8391696564886,295.7868292000776,head_end,1734071315874
265.1371690230949,293.3053781087906,head_end,1734071315891
267.81898979230414,291.7570281657693,head_end,1734071315908
271.6847955641893,289.5251041627366,head_end,1734071315924
277.7907577286559,285.9998252634201,head_end,1734071315941
279.72371166917094,284.88383378553266,head_end,1734071315958
280.90628119412867,284.2010769519628,head_end,1734071315974
282.839233491731,283.0850864226114,head_end,1734071315991
285.20341633312296,281.72012482272027,head_end,1734071316008
287.1363662079261,280.6041356921727,head_end,1734071316024
291.7502344161642,277.94031764014096,head_end,1734071316041
297.5486462053953,274.5926030327561,head_end,1734071316058
299.9125418113952,273.2278072682958,head_end,1734071316075
302.70112070399443,271.61782049399716,head_end,1734071316091
305.06489329428945,270.2530957526873,head_end,1734071316108
308.180684143248,268.45419306730247,head_end,1734071316125
310.11361686450925,267.33821384035684,head_end,1734071316141
311.2960240737948,266.6555507197841,head_end,1734071316158
312.04488391540576,266.2231962886447,head_end,1734071316181
313.2272766958148,265.5405414985877,head_end,1734071316191
314.4096602979167,264.8578920076287,head_end,1734071316208
317.09072012301135,263.30998139589684,head_end,1734071316224
318.2730717440302,262.62735036922487,head_end,1734071316241
319.45541291760793,261.94472537438577,head_end,1734071316258
320.63774330832683,261.2621066050331,head_end,1734071316308
321.0669139040181,261.01432484608245,head_end,1734071316325
321.81561999040036,260.5820591855658,head_end,1734071316341
323.7485372480372,259.4660888865479,head_end,1734071316358
324.49719360520515,259.03385193720646,head_end,1734071316375
326.4301070901722,257.91788381634046,head_end,1734071316425
327.178709743995,257.4856778726398,head_end,1734071316444
327.6075033536546,257.238113766676,head_end,1734071316491
328.78974879980115,256.5555440400951,head_end,1734071316508
329.5383005173248,256.1233675044805,head_end,1734071316713
330.2868352913335,255.69120075120875,head_end,1734071316725
331.0353527210906,255.2590440116454,head_end,1734071316742
331.78385239148207,254.8268975254565,head_end,1734071316800
328,254,up,1734071317107
396,220,down,1734071318179
394.27087188502867,218.75,head_neck,1734071318256
395.76817850916734,219.61447038250583,head_neck,1734071318271
396.1991649116301,219.86330049798482,head_neck,1734071318279
399.315041493815,221.6622526814709,head_neck,1734071318294
406.2970885465328,225.69333942685213,head_neck,1734071318310
416.82459727684886,231.77139942619627,head_neck,1734071318327
432.3998039041786,240.76374916516914,head_neck,1734071318343
444.10548975156985,247.52203004020964,head_neck,1734071318360
453.11710077346424,252.72488608953256,head_neck,1734071318377
460.9506062234796,257.24756256979737,head_neck,1734071318393
465.6710613709554,259.97291861989004,head_neck,1734071318410
476.1949551696199,266.04889153747206,head_neck,1734071318427
485.5939329840138,271.4753939087197,head_neck,1734071318444
493.4160571915223,275.9914994255594,head_neck,1734071318460
495.34890013868915,277.10742682140744,head_neck,1734071318477
499.64414416620474,279.58728711692874,head_neck,1734071318494
500.82568671260805,280.2694510241537,head_neck,1734071318510
503.1853948338959,281.63182914318816,head_neck,1734071318527
503.9323770763526,282.0630995419504,head_neck,1734071318544
505.11370867682984,282.7451416594881,head_neck,1734071318560
506.85417437700573,283.75,head_neck,1734071318581
506.85417437700573,283.75,head_neck,1734071318594
506.85417437700573,283.75,head_neck,1734071318611
506.85417437700573,283.75,head_neck,1734071318627
506.85417437700573,283.75,head_neck,1734071318644
506.85417437700573,283.75,head_neck,1734071318661
506.85417437700573,283.75,head_neck,1734071318677
506.85417437700573,283.75,head_neck,1734071318694
506.85417437700573,283.75,head_neck,1734071318710
506.85417437700573,283.75,head_neck,1734071318727
506.85417437700573,283.75,head_neck,1734071318804
506.85417437700573,283.75,head_neck,1734071318844
506.85417437700573,283.75,head_neck,1734071319042
506.85417437700573,283.75,head_neck,1734071319047
530,313,up,1734071319047
505,281,down,1734071320768
506.4113221711811,283.49431915975595,head_neck,1734071320791
506.85417437700573,283.75,head_neck,1734071320799
506.85417437700573,283.75,head_neck,1734071320815
506.85417437700573,283.75,head_neck,1734071320829
506.85417437700573,283.75,head_neck,1734071320854
506.85417437700573,283.75,head_neck,1734071320863
506.85417437700573,283.75,head_neck,1734071320879
506.85417437700573,283.75,head_neck,1734071320896
506.85417437700573,283.75,head_neck,1734071320975
512,284,up,1734071321083
440,316,down,1734071321656
445.1156363642981,319.39476154101067,head_end,1734071321751
446.6094114352494,318.5323301016882,head_end,1734071321765
447.35783568716886,318.1002271583745,head_end,1734071321780
453.9640642884175,314.28611929711536,head_end,1734071321797
461.98286146831066,309.656464586727,head_end,1734071321814
467.78034918249097,306.30928349432145,head_end,1734071321830
471.6456098836691,304.0776741880082,head_end,1734071321847
473.13448694960755,303.2180706131984,head_end,1734071321864
476.6685418837358,301.1776830456485,head_end,1734071321881
477.4153571405941,300.74650905606643,head_end,1734071321897
478.70834875401147,300,head_end,1734071321914
478.70834875401147,300,head_end,1734071321931
478.70834875401147,300,head_end,1734071321981
478.70834875401147,300,head_end,1734071321997
478.70834875401147,300,head_end,1734071322014
478.70834875401147,300,head_end,1734071322041
478.70834875401147,300,head_end,1734071322049
478.70834875401147,300,head_end,1734071322065
478.70834875401147,300,head_end,1734071322082
478.70834875401147,300,head_end,1734071322098
478.70834875401147,300,head_end,1734071322114
478.70834875401147,300,head_end,1734071322131
496,297,up,1734071322215
476,449,down,1734071323137
479.8590378295509,451.4985484503104,leg_end_0,1734071323198
480.94018895197945,448.52811015441995,leg_end_0,1734071323216
482.5743485637214,444.03829352137416,leg_end_0,1734071323232
485.2898251863925,436.5775828175284,leg_end_0,1734071323248
488.76393716644543,427.0325385996763,leg_end_0,1734071323265
492.349360043889,417.181670204704,leg_end_0,1734071323282
496.90433976758453,404.66696626777696,leg_end_0,1734071323298
498.42345248957054,400.4932383665141,leg_end_0,1734071323315
500.37927708870245,395.11965444398527,leg_end_0,1734071323332
503.8517801256332,385.5790307610305,leg_end_0,1734071323348
508.3914143055581,373.10648835910234,leg_end_0,1734071323365
509.472556407429,370.13607484699037,leg_end_0,1734071323382
512.5088983387845,361.79379395284764,leg_end_0,1734071323398
515.6532929588002,353.1546407365001,leg_end_0,1734071323415
518.2533522575885,346.0110365238362,leg_end_0,1734071323432
520.2063914876404,340.6451053399596,leg_end_0,1734071323448
520.9658844851991,338.5584154789332,leg_end_0,1734071323465
522.047009995406,335.58804755204335,leg_end_0,1734071323482
523.2415243866733,332.3061462348231,leg_end_0,1734071323499
523.5623199863525,331.42476756844405,leg_end_0,1734071323516
523.8843453419157,330.540010175542,leg_end_0,1734071323532
523.8843453419157,330.540010175542,leg_end_0,1734071323548
523.8843453419157,330.540010175542,leg_end_0,1734071323565
523.8843453419157,330.540010175542,leg_end_0,1734071323582
523.8843453419157,330.540010175542,leg_end_0,1734071323599
523.8843453419157,330.540010175542,leg_end_0,1734071323615
523.8843453419157,330.540010175542,leg_end_0,1734071323649
545,318,up,1734071323895
807,216,down,1734071324792
803.3645551275872,220.11518685078477,tail_end,1734071324871
801.4315917613972,221.23118377058825,tail_end,1734071324886
798.7497059558567,222.77957126235287,tail_end,1734071324900
795.2041406298486,224.8266043577531,tail_end,1734071324917
782.1164835672175,232.3827666859246,tail_end,1734071324934
766.6566196455902,241.30852328271106,tail_end,1734071324950
748.2350407448271,251.9442268199646,tail_end,1734071324967
728.3691280124108,263.4138168837228,tail_end,1734071324984
712.3856970052327,272.64185507829086,tail_end,1734071325000
700.0558109986675,279.76051808325866,tail_end,1734071325017
693.517471849078,283.5354299513273,tail_end,1734071325034
693.1458256229943,283.75,tail_end,1734071325050
693.1458256229943,283.75,tail_end,1734071325068
693.1458256229943,283.75,tail_end,1734071325084
693.1458256229943,283.75,tail_end,1734071325100
693.1458256229943,283.75,tail_end,1734071325117
693.1458256229943,283.75,tail_end,1734071325133
693.1458256229943,283.75,tail_end,1734071325150
693.1458256229943,283.75,tail_end,1734071325167
693.1458256229943,283.75,tail_end,1734071325184
693.1458256229943,283.75,tail_end,1734071325201
693.1458256229943,283.75,tail_end,1734071325250
633,304,up,1734071325455
576,299,down,1734071331663
576,299,down,1734071332044
576,299,down,1734071332258
576,299,down,1734071332645
576,299,down,1734071332884
576,299,down,1734071333104
576,299,down,1734071333294
581,293,down,1734071339965
581,293,down,1734071340368
550,327,down,1734071343568
546.4376466698357,331.42467595707365,leg_end_1,1734071343646
546.3252301577669,331.11581412859096,leg_end_1,1734071343653
546.9703042770298,332.88814070514024,leg_end_1,1734071343669
547.9392455077952,335.55028485744697,leg_end_1,1734071343685
548.9078551326318,338.21151792995187,leg_end_1,1734071343702
549.8761764330069,340.87195883750945,leg_end_1,1734071343719
552.1454976493559,347.1068676369176,leg_end_1,1734071343735
554.1946094673067,352.736756086675,leg_end_1,1734071343752
556.7957840042881,359.8834243910916,leg_end_1,1734071343769
559.4916206069643,367.2901745834838,leg_end_1,1734071343786
560.6914153629797,370.58658358361606,leg_end_1,1734071343803
561.3352421938393,372.3554832634421,leg_end_1,1734071343820
562.6247804585738,375.89846052732275,leg_end_1,1734071343836
563.591115668816,378.55344469708695,leg_end_1,1734071343852
565.111154264306,382.7297164148955,leg_end_1,1734071343869
566.4002159718959,386.27138434878236,leg_end_1,1734071343886
568.4477206175128,391.89685712884324,leg_end_1,1734071343903
570.8179095736901,398.4088977657813,leg_end_1,1734071343919
574.1580168754825,407.5857671560113,leg_end_1,1734071343936
578.5789359376366,419.7321424525162,leg_end_1,1734071343952
584.8386821673823,436.93065387025865,leg_end_1,1734071343970
588.9347316043708,448.1844572073541,leg_end_1,1734071343986
590.5782732904212,452.7000508777101,leg_end_1,1734071344003
590.5782732904212,452.7000508777101,leg_end_1,1734071344019
590.5782732904212,452.7000508777101,leg_end_1,1734071344036
590.5782732904212,452.7000508777101,leg_end_1,1734071344052
590.5782732904212,452.7000508777101,leg_end_1,1734071344069
590.5782732904212,452.7000508777101,leg_end_1,1734071344086
590.5782732904212,452.7000508777101,leg_end_1,1734071344103
590.5782732904212,452.7000508777101,leg_end_1,1734071344119
590.5782732904212,452.7000508777101,leg_end_1,1734071344136
590.5782732904212,452.7000508777101,leg_end_1,1734071344153
590.5782732904212,452.7000508777101,leg_end_1,1734071344169
590.5782732904212,452.7000508777101,leg_end_1,1734071344186
590.5782732904212,452.7000508777101,leg_end_1,1734071344215
590.5782732904212,452.7000508777101,leg_end_1,1734071344303
590.2570033053216,451.81736884810067,leg_end_1,1734071344320
588.9734563507573,448.2908525736253,leg_end_1,1734071344336
587.491289351213,444.2186322105166,leg_end_1,1734071344353
586.5283029656949,441.57284886106333,leg_end_1,1734071344369
586.0055165530462,440.13650499711343,leg_end_1,1734071344373
602,538,up,1734071344374
584,439,down,1734071345262
585.6842577390214,439.2538536597795,leg_end_1,1734071345303
586.3275785463421,441.02136305135843,leg_end_1,1734071345354
586.8855922611688,442.55449313259055,leg_end_1,1734071345371
589.1415414097431,448.7526624777365,leg_end_1,1734071345388
590.5782732904212,452.7000508777101,leg_end_1,1734071345404
590.5782732904212,452.7000508777101,leg_end_1,1734071345420
590.5782732904212,452.7000508777101,leg_end_1,1734071345437
590.5782732904212,452.7000508777101,leg_end_1,1734071345454
590.5782732904212,452.7000508777101,leg_end_1,1734071345471
590.5782732904212,452.7000508777101,leg_end_1,1734071345487
590.5782732904212,452.7000508777101,leg_end_1,1734071345504
590.5782732904212,452.7000508777101,leg_end_1,1734071345521
590.5782732904212,452.7000508777101,leg_end_1,1734071345537
590.5782732904212,452.7000508777101,leg_end_1,1734071345554
590.5782732904212,452.7000508777101,leg_end_1,1734071345571
590.5782732904212,452.7000508777101,leg_end_1,1734071345587
590.5782732904212,452.7000508777101,leg_end_1,1734071345604
590.5782732904212,452.7000508777101,leg_end_1,1734071345674
589,479,up,1734071345751
503,281,down,1734071347196
505.34152773878964,282.87667305623717,head_neck,1734071347257
502.6538550603001,281.3249445118176,head_neck,1734071347273
497.60472049570103,278.40982531177167,head_neck,1734071347289
489.5258426289205,273.74548300063583,head_neck,1734071347306
478.34232003704733,267.2886732217296,head_neck,1734071347322
466.74069382771347,260.5904712067333,head_neck,1734071347339
454.3847092133202,253.45674016351046,head_neck,1734071347356
441.6028506471191,246.07713067957056,head_neck,1734071347373
430.00246660287655,239.37964582892405,head_neck,1734071347389
418.4023121662871,232.68229354231792,head_neck,1734071347406
409.05279299626284,227.28434613271085,head_neck,1734071347423
394.27087188502867,218.75,head_neck,1734071347439
394.27087188502867,218.75,head_neck,1734071347456
394.27087188502867,218.75,head_neck,1734071347472
394.27087188502867,218.75,head_neck,1734071347489
394.27087188502867,218.75,head_neck,1734071347506
394.27087188502867,218.75,head_neck,1734071347523
394.27087188502867,218.75,head_neck,1734071347539
394.27087188502867,218.75,head_neck,1734071347556
394.27087188502867,218.75,head_neck,1734071347573
394.27087188502867,218.75,head_neck,1734071347589
394.27087188502867,218.75,head_neck,1734071347606
298,183,up,1734071347755
366,233,down,1734071348740
365.68219405620977,235.25568084024405,head_end,1734071348746
364.49749387709016,235.93966780756776,head_end,1734071348761
362.9855051454903,236.8126149087686,head_end,1734071348777
361.0522898170177,237.92875729906382,head_end,1734071348791
358.77850913027214,239.24152519063452,head_end,1734071348807
351.4796111079682,243.45554592859932,head_end,1734071348824
346.51082933085127,246.3242734251623,head_end,1734071348841
340.37305252402683,249.86792051680823,head_end,1734071348858
324.19750077110615,259.2068796756477,head_end,1734071348874
314.19603663260295,264.9812276883029,head_end,1734071348891
303.77530166178286,270.9976418288596,head_end,1734071348907
294.108558128329,276.5787388100863,head_end,1734071348924
284.7588224014135,281.9768112488728,head_end,1734071348941
281.64261770995654,283.7759528663355,head_end,1734071348957
277.34243243818753,286.25866599055655,head_end,1734071348974
271.8575341996758,289.425373465039,head_end,1734071348991
266.80846779464184,292.34045331314167,head_end,1734071349007
263.6922877494698,294.1395807010651,head_end,1734071349024
261.32475073304806,295.5064788348126,head_end,1734071349041
257.0247352872153,297.9890939099837,head_end,1734071349058
253.90856602107615,299.78821507462953,head_end,1734071349074
253.54174377005737,300,head_end,1734071349091
253.54174377005737,300,head_end,1734071349108
253.54174377005737,300,head_end,1734071349124
253.54174377005737,300,head_end,1734071349141
253.54174377005737,300,head_end,1734071349158
253.54174377005737,300,head_end,1734071349174
253.54174377005737,300,head_end,1734071349191
253.54174377005737,300,head_end,1734071349222
253.54174377005737,300,head_end,1734071349238
253.54174377005737,300,head_end,1734071349274
253.54174377005737,300,head_end,1734071349291
253.54174377005737,300,head_end,1734071349308
253.54174377005737,300,head_end,1734071349325
253.54174377005737,300,head_end,1734071349389
228,307,up,1734071349521
694,281,down,1734071350918
693.8990698541405,283.3151142403822,tail_end,1734071350996
695.0837526225557,282.6311373251333,tail_end,1734071351012
696.595623584965,281.75825821800635,tail_end,1734071351026
703.5776869194732,277.72716207232907,tail_end,1734071351044
710.5597483342192,273.69606703502694,tail_end,1734071351060
720.2278588262118,268.11418083992,tail_end,1734071351076
729.1430910416893,262.96696912042603,tail_end,1734071351093
738.0583026701419,257.81976928685646,tail_end,1734071351109
745.791686486684,253.3548980586292,tail_end,1734071351127
754.7068706259066,248.20771409597393,tail_end,1734071351143
762.1245948426317,243.92508902267326,tail_end,1734071351160
770.1865298083308,239.27052870003763,tail_end,1734071351176
783.4012121558765,231.6410282894268,tail_end,1734071351193
792.7507109548919,226.2430926410271,tail_end,1734071351209
800.1676863000141,221.960899928948,tail_end,1734071351226
804.4676861779059,219.47829384193182,tail_end,1734071351243
805.7291281149713,218.75,tail_end,1734071351260
805.7291281149713,218.75,tail_end,1734071351277
805.7291281149713,218.75,tail_end,1734071351293
805.7291281149713,218.75,tail_end,1734071351310
805.7291281149713,218.75,tail_end,1734071351327
805.7291281149713,218.75,tail_end,1734071351343
805.7291281149713,218.75,tail_end,1734071351360
805.7291281149713,218.75,tail_end,1734071351383
805.7291281149713,218.75,tail_end,1734071351393
805.7291281149713,218.75,tail_end,1734071351410
805.7291281149713,218.75,tail_end,1734071351427
805.7291281149713,218.75,tail_end,1734071351444
805.7291281149713,218.75,tail_end,1734071351460
805.7291281149713,218.75,tail_end,1734071351477
805.7291281149713,218.75,tail_end,1734071351493
805.7291281149713,218.75,tail_end,1734071351519
837,196,up,1734071351597
446,303,down,1734071357491
587,449,down,1734071371782
590.2570033053216,451.81736884810067,leg_end_1,1734071371932
589.497308062422,449.7301233225666,leg_end_1,1734071371947
588.8550286268302,447.96547507629805,leg_end_1,1734071371964
587.3357900203721,443.7914013102908,leg_end_1,1734071371980
585.7017102802993,439.3018041228527,leg_end_1,1734071371997
583.4231246187019,433.0414414693206,leg_end_1,1734071372014
580.1797339511294,424.1302988476954,leg_end_1,1734071372031
577.7874416850591,417.55752986593114,leg_end_1,1734071372048
575.7438775746202,411.9428836172925,leg_end_1,1734071372064
572.0622093120388,401.82758319992746,leg_end_1,1734071372081
564.8156239949718,381.9177536731345,leg_end_1,1734071372097
559.615960306439,367.63179510013225,leg_end_1,1734071372114
554.5302880895264,353.65902552141716,leg_end_1,1734071372131
549.8787903320806,340.8791404661913,leg_end_1,1734071372147
546.1156546580843,330.540010175542,leg_end_1,1734071372164
546.1156546580843,330.540010175542,leg_end_1,1734071372181
546.1156546580843,330.540010175542,leg_end_1,1734071372197
546.1156546580843,330.540010175542,leg_end_1,1734071372214
546.1156546580843,330.540010175542,leg_end_1,1734071372231
546.1156546580843,330.540010175542,leg_end_1,1734071372247
546.1156546580843,330.540010175542,leg_end_1,1734071372264
546.1156546580843,330.540010175542,leg_end_1,1734071372281
546.1156546580843,330.540010175542,leg_end_1,1734071372298
546.1156546580843,330.540010175542,leg_end_1,1734071372314
546.1156546580843,330.540010175542,leg_end_1,1734071372331
546.1156546580843,330.540010175542,leg_end_1,1734071372347
546.1156546580843,330.540010175542,leg_end_1,1734071372364
502,272,up,1734071372539
549,327,down,1734071409936
546.1156546580843,330.540010175542,leg_end_1,1734071410181
546.4376466698357,331.42467595707365,leg_end_1,1734071410220
546.7596223020038,332.3092967360704,leg_end_1,1734071410236
547.0815824284134,333.1938749133455,leg_end_1,1734071410252
547.4035278547427,334.078412702482,leg_end_1,1734071410300
547.725459325433,334.96291214881535,leg_end_1,1734071410354
548.0473775297432,335.8473751460691,leg_end_1,1734071410417
548.3692831070746,336.7318034509836,leg_end_1,1734071410433
548.2562019636522,336.4211155628643,leg_end_1,1734071411511
547.9353371005876,335.53954659689805,leg_end_1,1734071411526
547.614485691811,334.6580145962839,leg_end_1,1734071411537
547.0705942275536,333.1636850796028,leg_end_1,1734071411554
546.4302011923659,331.4042196758485,leg_end_1,1734071411570
546.1156546580843,330.540010175542,leg_end_1,1734071411587
546.1156546580843,330.540010175542,leg_end_1,1734071411604
546.1156546580843,330.540010175542,leg_end_1,1734071411620
546.1156546580843,330.540010175542,leg_end_1,1734071411638
546.1156546580843,330.540010175542,leg_end_1,1734071411654
546.1156546580843,330.540010175542,leg_end_1,1734071411704
546.1156546580843,330.540010175542,leg_end_1,1734071411757
546.1156546580843,330.540010175542,leg_end_1,1734071411852
546.1156546580843,330.540010175542,leg_end_1,1734071411859
546.1156546580843,330.540010175542,leg_end_1,1734071411871
546.1156546580843,330.540010175542,leg_end_1,1734071411887
546.1156546580843,330.540010175542,leg_end_1,1734071411890
539,315,up,1734071411890
395,212,down,1734071412629
394.27087188502867,218.75,head_neck,1734071412660
394.27087188502867,218.75,head_neck,1734071412730
394.27087188502867,218.75,head_neck,1734071412738
394.27087188502867,218.75,head_neck,1734071412755
394.27087188502867,218.75,head_neck,1734071412772
394.27087188502867,218.75,head_neck,1734071412788
394.27087188502867,218.75,head_neck,1734071412805
394.27087188502867,218.75,head_neck,1734071412821
394.27087188502867,218.75,head_neck,1734071412838
394.27087188502867,218.75,head_neck,1734071412855
394.27087188502867,218.75,head_neck,1734071412872
394.27087188502867,218.75,head_neck,1734071412888
394.27087188502867,218.75,head_neck,1734071412905
378,207,up,1734071413007
249,295,down,1734071414016
254.29107402895391,299.56737397331415,head_end,1734071414133
255.4737247598681,298.88457025546353,head_end,1734071414140
257.40668828199546,297.76857324562957,head_end,1734071414156
259.33965109959576,296.6525766425545,head_end,1734071414173
263.5150065412795,294.241934054336,head_end,1734071414189
266.9442319833621,292.2620698222377,head_end,1734071414206
271.55845515420447,289.59804683245085,head_end,1734071414223
277.3569751122497,286.25026977377206,head_end,1734071414239
283.90324923916455,282.4707766444087,head_end,1734071414256
291.93903066304705,277.8313160761811,head_end,1734071414273
302.3485107472359,271.8213999474507,head_end,1734071414290
305.89243247663444,269.7753157829954,head_end,1734071414306
310.18987525208337,267.29418603976296,head_end,1734071414323
313.30565125405764,265.49529192628853,head_end,1734071414339
319.1038834361439,262.1476810151371,head_end,1734071414356
321.03680422792377,261.03170867568076,head_end,1734071414373
326.0857894319248,258.1166757090163,head_end,1734071414390
328.0187005378665,257.00070896168126,head_end,1734071414406
331.13440611233545,255.20185550954602,head_end,1734071414423
333.8149256843031,253.65425681310242,head_end,1734071414439
336.1774916943086,252.29022869124748,head_end,1734071414456
338.11038454406525,251.1742724841258,head_end,1734071414473
338.85869265191184,250.7422365966238,head_end,1734071414490
340.464137838782,249.8153323858151,head_end,1734071414506
341.6461958378032,249.13287088188247,head_end,1734071414523
342.3943886290813,248.70090157243231,head_end,1734071414540
344.3272665598412,247.58495397879744,head_end,1734071414556
345.0753608612542,247.15304153249738,head_end,1734071414573
347.4370951077763,245.7894936295135,head_end,1734071414590
351.59663983631054,243.38797936078794,head_end,1734071414607
359.6065236123927,238.7634708064893,head_end,1734071414624
362.2848238682761,237.21715343278441,head_end,1734071414640
363.46620558987627,236.5350823778028,head_end,1734071414656
364.2130864357816,236.1038705203668,head_end,1734071414727
364.9598878015985,235.67270455078125,head_end,1734071414741
366.1250462620344,235,head_end,1734071414757
366.1250462620344,235,head_end,1734071414807
366.1250462620344,235,head_end,1734071414892
366.1250462620344,235,head_end,1734071414908
366.1250462620344,235,head_end,1734071415059
366.1250462620344,235,head_end,1734071415074
366.1250462620344,235,head_end,1734071415091
366.1250462620344,235,head_end,1734071415107
366.1250462620344,235,head_end,1734071415124
366.1250462620344,235,head_end,1734071415140
366.1250462620344,235,head_end,1734071415157
366.1250462620344,235,head_end,1734071415178
366.1250462620344,235,head_end,1734071415190
366.1250462620344,235,head_end,1734071415218
366.1250462620344,235,head_end,1734071415226
366.1250462620344,235,head_end,1734071415242
366.1250462620344,235,head_end,1734071415257
382,231,up,1734071415477
368,235,down,1734071419986
365.37180203088815,235.4348857596178,head_end,1734071420073
364.61864021158283,235.86972393873708,head_end,1734071420080
363.43399823295465,236.55367730399144,head_end,1734071420095
361.5007801313245,237.66982129536981,head_end,1734071420112
359.5675734719044,238.78595868058522,head_end,1734071420129
358.814929246734,239.22049802659134,head_end,1734071420145
357.63054533943995,239.90430239429142,head_end,1734071420162
355.69735814054883,241.02042854396518,head_end,1734071420178
353.42669513428814,242.33139644186872,head_end,1734071420195
351.4935250837045,243.44751269096247,head_end,1734071420212
348.05007841277046,245.43558755336636,head_end,1734071420229
343.84720599710323,247.86211707392147,head_end,1734071420246
342.3399843590012,248.73231189240812,head_end,1734071420262
340.0744137617524,250.04033968659783,head_end,1734071420279
336.20792465611606,252.2726582125557,head_end,1734071420296
329.654165463488,256.0564728466235,head_end,1734071420312
320.8256646016362,261.1536101957545,head_end,1734071420329
310.47481917440007,267.1296735895095,head_end,1734071420346
300.47619527092183,272.9023817917085,head_end,1734071420362
290.05620694426585,278.9183648570561,head_end,1734071420379
280.38966580055296,284.49934498851127,head_end,1734071420395
265.67461075735173,292.99508597884363,head_end,1734071420412
254.07480614092353,299.69223629668556,head_end,1734071420429
253.54174377005737,300,head_end,1734071420445
253.54174377005737,300,head_end,1734071420462
253.54174377005737,300,head_end,1734071420479
253.54174377005737,300,head_end,1734071420495
253.54174377005737,300,head_end,1734071420513
253.54174377005737,300,head_end,1734071420529
253.54174377005737,300,head_end,1734071420546
253.54174377005737,300,head_end,1734071420563
253.54174377005737,300,head_end,1734071420579
253.54174377005737,300,head_end,1734071420596
253.54174377005737,300,head_end,1734071420646
253.54174377005737,300,head_end,1734071420696
254.29107402895391,299.56737397331415,head_end,1734071420808
256.53494803988497,298.27187270907547,head_end,1734071420815
257.2842636647084,297.8392551313757,head_end,1734071420829
262.9474636034238,294.5696051222837,head_end,1734071420846
273.9490414544891,288.2178411884605,head_end,1734071420863
290.7715968429036,278.505334306502,head_end,1734071420879
301.2958856360138,272.4291333387705,head_end,1734071420896
313.00545945913416,265.6686077398961,head_end,1734071420913
324.94129916206714,258.7774474744036,head_end,1734071420929
338.2498650475067,251.09374337791715,head_end,1734071420946
350.08264581617993,244.26208421586188,head_end,1734071420963
360.25386327314413,238.38972907909735,head_end,1734071420979
362.1866661842991,237.27382479805152,head_end,1734071420996
364.40839828029453,235.99110717436136,head_end,1734071421013
366.1250462620344,235,head_end,1734071421030
366.1250462620344,235,head_end,1734071421046
366.1250462620344,235,head_end,1734071421063
366.1250462620344,235,head_end,1734071421079
366.1250462620344,235,head_end,1734071421096
366.1250462620344,235,head_end,1734071421113
366.1250462620344,235,head_end,1734071421130
366.1250462620344,235,head_end,1734071421245
366.1250462620344,235,head_end,1734071421263
366.1250462620344,235,head_end,1734071421280
366.1250462620344,235,head_end,1734071421313
366.1250462620344,235,head_end,1734071421330
366.1250462620344,235,head_end,1734071421348
366.1250462620344,235,head_end,1734071421363
366.1250462620344,235,head_end,1734071421380
366.1250462620344,235,head_end,1734071421396
366.1250462620344,235,head_end,1734071421413
366.1250462620344,235,head_end,1734071421430
366.1250462620344,235,head_end,1734071421447
366.1250462620344,235,head_end,1734071421463
366.1250462620344,235,head_end,1734071421480
366.1250462620344,235,head_end,1734071421497
366.1250462620344,235,head_end,1734071421514
366.1250462620344,235,head_end,1734071421530
366.1250462620344,235,head_end,1734071421562
366.1250462620344,235,head_end,1734071421625
366.1250462620344,235,head_end,1734071421680
382,259,up,1734071421695
545,329,down,1734071432860
546.7607695227435,332.31244869914804,leg_end_1,1734071433121
547.0827295953825,333.1970267286896,leg_end_1,1734071433127
547.8427926421272,335.2852827869823,leg_end_1,1734071433142
550.4441664715401,342.43249864285457,leg_end_1,1734071433158
553.6878541681785,351.3444573451314,leg_end_1,1734071433176
559.4582155251574,367.1983948755242,leg_end_1,1734071433191
562.0592958036126,374.34480420676886,leg_end_1,1734071433208
565.8612196045334,384.79050400028575,leg_end_1,1734071433225
568.1415538931797,391.0556709671496,leg_end_1,1734071433242
569.2227258347549,394.0261664631755,leg_end_1,1734071433258
569.3412075824351,394.3516923895444,leg_end_1,1734071433278
570.1010818768788,396.4394298551521,leg_end_1,1734071433309
570.54004133592,397.6454610569242,leg_end_1,1734071433325
570.9789936226207,398.8514725528523,leg_end_1,1734071433342
571.3005759070656,399.73501261786134,leg_end_1,1734071433359
571.6221565364551,400.6185481356429,leg_end_1,1734071433375
571.9437355396108,401.5020791853837,leg_end_1,1734071433392
572.5872512649603,403.2701241098455,leg_end_1,1734071433409
572.9088255532797,404.15364220568017,leg_end_1,1734071433430
572.7932143673227,403.83600308282706,leg_end_1,1734071433515
572.0335522025891,401.74884843880756,leg_end_1,1734071433525
571.159120333807,399.346366624477,leg_end_1,1734071433542
570.2847457440001,396.94404218283796,leg_end_1,1734071433559
568.0064919520029,390.68459133353866,leg_end_1,1734071433576
565.5232875090901,383.86204319874645,leg_end_1,1734071433592
562.9229757763537,376.7177454295104,leg_end_1,1734071433609
558.5986348145773,364.8367162830069,leg_end_1,1734071433626
552.997967463568,349.449009202232,leg_end_1,1734071433642
547.7998884222534,335.1674044116797,leg_end_1,1734071433659
546.1156546580843,330.540010175542,leg_end_1,1734071433675
546.1156546580843,330.540010175542,leg_end_1,1734071433692
546.1156546580843,330.540010175542,leg_end_1,1734071433709
546.1156546580843,330.540010175542,leg_end_1,1734071433726
546.1156546580843,330.540010175542,leg_end_1,1734071433742
546.1156546580843,330.540010175542,leg_end_1,1734071433759
546.1156546580843,330.540010175542,leg_end_1,1734071433775
546.1156546580843,330.540010175542,leg_end_1,1734071433793
546.1156546580843,330.540010175542,leg_end_1,1734071433810
546.1156546580843,330.540010175542,leg_end_1,1734071433834
530,292,up,1734071433834
NA,NA,flip,1734071435329
388,216,down,1734071441366
396.2038360917165,219.86599740506512,tail_end,1734071441400
396.953156972741,220.29861801743402,tail_end,1734071441416
399.31770124749795,221.66378829097573,tail_end,1734071441433
401.25066362429243,222.77978463955145,tail_end,1734071441450
405.548665539648,225.26123720235955,tail_end,1734071441467
408.76267820727895,227.1168482811951,tail_end,1734071441484
414.24184255446437,230.28024529197683,tail_end,1734071441500
417.78702296695235,232.32705615745255,tail_end,1734071441517
420.90287139119846,234.1259920839451,tail_end,1734071441534
424.7686525466897,236.35790187469613,tail_end,1734071441550
426.3794372790467,237.287888873529,tail_end,1734071441567
428.3123868906799,238.4038778521354,tail_end,1734071441584
431.42821732958134,240.20280339478438,tail_end,1734071441600
434.21775239262763,241.81334221434807,tail_end,1734071441617
437.2024133879088,243.53653704341343,tail_end,1734071441634
440.7466540429973,245.5828053397016,tail_end,1734071441650
442.6795938363084,246.6987886496971,tail_end,1734071441667
444.61253207046644,247.81477105951515,tail_end,1734071441684
445.794981568258,248.49745859536824,tail_end,1734071441700
446.97742350025834,249.18014176310973,tail_end,1734071441717
448.91035801678396,250.29612202655173,tail_end,1734071441734
451.6978987061662,251.9055093939436,tail_end,1734071441750
454.3790418796898,253.45346812691338,tail_end,1734071441767
459.10050100115,256.17940382165625,tail_end,1734071441783
463.3976657399999,258.6603730403834,tail_end,1734071441800
465.33058182917443,259.7763426647893,tail_end,1734071441817
468.44630382550486,261.5752055980907,tail_end,1734071441833
472.7431873396056,264.0560124516332,tail_end,1734071441850
478.54115246730373,267.40346917886177,tail_end,1734071441867
485.1928935214317,271.24385366704223,tail_end,1734071441884
488.30848644973037,273.0426420828808,tail_end,1734071441901
490.66997830800386,274.4060500429441,tail_end,1734071441917
491.85182662337525,275.0883904859651,tail_end,1734071441934
492.2782555193703,275.33458932385804,tail_end,1734071441951
494.2111032018257,276.4505194536262,tail_end,1734071441967
497.32659260458104,278.2492480989645,tail_end,1734071441984
498.07405365209877,278.6807949359576,tail_end,1734071442014
498.49936019612784,278.92634578364084,tail_end,1734071442021
499.246737961604,279.3578445377249,tail_end,1734071442038
500.4282974076312,280.0400182019522,tail_end,1734071442051
501.1755256323672,280.4714306186496,tail_end,1734071442068
501.9226912416503,280.90280688429846,tail_end,1734071442084
503.8554878229471,282.01870751079895,tail_end,1734071442101
505.0368237373403,282.7007521189772,tail_end,1734071442118
506.85417437700573,283.75,tail_end,1734071442134
506.85417437700573,283.75,tail_end,1734071442151
506.85417437700573,283.75,tail_end,1734071442168
506.85417437700573,283.75,tail_end,1734071442184
506.85417437700573,283.75,tail_end,1734071442201
506.85417437700573,283.75,tail_end,1734071442217
506.85417437700573,283.75,tail_end,1734071442234
506.85417437700573,283.75,tail_end,1734071442251
506.85417437700573,283.75,tail_end,1734071442268
506.85417437700573,283.75,tail_end,1734071442285
506.85417437700573,283.75,tail_end,1734071442362
506.85417437700573,283.75,tail_end,1734071442377
506.85417437700573,283.75,tail_end,1734071442385
506.85417437700573,283.75,tail_end,1734071442402
506.85417437700573,283.75,tail_end,1734071442418
506.85417437700573,283.75,tail_end,1734071442434
506.85417437700573,283.75,tail_end,1734071442515
506.85417437700573,283.75,tail_end,1734071442530
511,303,up,1734071442530
803,217,down,1734071443450
804.2318214908327,219.61447038250583,head_neck,1734071443505
801.8672643926593,220.97964805965046,head_neck,1734071443519
795.7602031597769,224.50556150641265,head_neck,1734071443536
785.7910209712969,230.26127152653203,head_neck,1734071443552
776.566899490297,235.58682054662512,head_neck,1734071443569
767.3434926744409,240.91195695460507,head_neck,1734071443585
755.1634565018873,247.94410411756832,head_neck,1734071443602
740.6043839296408,256.34978858630603,head_neck,1734071443619
729.4555457120975,262.7865733323563,head_neck,1734071443635
721.4305509978999,267.4198061908436,head_neck,1734071443652
712.5157152307136,272.56678902080995,head_neck,1734071443670
701.2378969767561,279.0780404256039,head_neck,1734071443685
696.6288645267125,281.73906655134033,head_neck,1734071443702
693.5135473158452,283.5376957816456,head_neck,1734071443719
693.1458256229943,283.75,head_neck,1734071443735
693.1458256229943,283.75,head_neck,1734071443752
693.1458256229943,283.75,head_neck,1734071443769
693.1458256229943,283.75,head_neck,1734071443786
693.1458256229943,283.75,head_neck,1734071443802
693.1458256229943,283.75,head_neck,1734071443820
693.1458256229943,283.75,head_neck,1734071443836
693.1458256229943,283.75,head_neck,1734071443852
693.1458256229943,283.75,head_neck,1734071443869
693.1458256229943,283.75,head_neck,1734071443886
693.1458256229943,283.75,head_neck,1734071443902
693.1458256229943,283.75,head_neck,1734071443919
693.1458256229943,283.75,head_neck,1734071443936
659,279,up,1734071444065
686,286,down,1734071445699
689,277,down,1734071446585
693,280,down,1734071447296
694.6584722612104,282.87667305623717,head_neck,1734071447416
695.4115551272998,282.4418804607783,head_neck,1734071447432
696.5961579509374,281.7579497016684,head_neck,1734071447440
699.7127650718694,279.95857574144,head_neck,1734071447456
700.8971773671752,279.2747549839136,head_neck,1734071447473
702.081544958447,278.5909600362734,head_neck,1734071447489
702.834022967998,278.15651665489986,head_neck,1734071447506
704.0183233034512,277.4727605374246,head_neck,1734071447523
704.7706806374724,277.03838682810067,head_neck,1734071447540
705.9549200839397,276.35466586489787,head_neck,1734071447590
707.1391250551129,275.67096480601526,head_neck,1734071447607
707.8913108682063,275.23669012434516,head_neck,1734071447701
708.3308148181707,274.98294240052337,head_neck,1734071447708
709.5149561544551,274.2992780812609,head_neck,1734071447723
710.2670272457199,273.8650696342695,head_neck,1734071447739
711.0190644899842,273.43088072885286,head_neck,1734071447756
712.2031415498484,272.74725351959904,head_neck,1734071447780
713.3871925639461,272.0636413478755,head_neck,1734071448367
714.1391004503167,271.6295271272736,head_neck,1734071448374
715.6465052537416,270.75922655823854,head_neck,1734071448390
716.8304872875079,270.0756542123278,head_neck,1734071448407
718.7636251847339,268.95955652698376,head_neck,1734071448423
719.51534491115,268.52555094058226,head_neck,1734071448440
720.2670412465546,268.0915588589875,head_neck,1734071448457
722.2001716221163,266.9754655162784,head_neck,1734071448474
726.0666379194354,264.74316015870863,head_neck,1734071448490
732.9610509140384,260.7626689603701,head_neck,1734071448507
739.0928975614858,257.2224456478369,head_neck,1734071448523
741.7778733725528,255.67227414054966,head_neck,1734071448540
744.4627828519579,254.12214092986534,head_neck,1734071448557
745.9674144772654,253.25344145596284,head_neck,1734071448574
749.0836800331258,251.45426469842045,head_neck,1734071448590
752.9500115634818,249.22203714859313,head_neck,1734071448607
757.9990884556081,246.30695124576485,head_neck,1734071448624
762.2995051565101,243.82410450587156,head_neck,1734071448641
767.3485785055129,240.90902064866657,head_neck,1734071448657
772.3976501976254,237.99393774806776,head_neck,1734071448674
779.0685302203882,234.14250337119392,head_neck,1734071448691
785.3012524390164,230.54403952048477,head_neck,1734071448707
788.8539413847187,228.49289360133656,head_neck,1734071448724
792.406528527994,226.44180645784695,head_neck,1734071448740
797.4555938662245,223.5267272256636,head_neck,1734071448757
801.0079565552571,221.47576967089134,head_neck,1734071448774
804.8741744449475,219.24360773153296,head_neck,1734071448791
805.7291281149713,218.75,head_neck,1734071448807
805.7291281149713,218.75,head_neck,1734071448824
805.7291281149713,218.75,head_neck,1734071448841
805.7291281149713,218.75,head_neck,1734071448857
805.7291281149713,218.75,head_neck,1734071448874
805.7291281149713,218.75,head_neck,1734071448891
805.7291281149713,218.75,head_neck,1734071448908
805.7291281149713,218.75,head_neck,1734071448924
805.7291281149713,218.75,head_neck,1734071448941
805.7291281149713,218.75,head_neck,1734071448960
805.7291281149713,218.75,head_neck,1734071448974
805.7291281149713,218.75,head_neck,1734071449024
805.7291281149713,218.75,head_neck,1734071449041
860,182,up,1734071449165
599,296,down,1734071461460
837,229,down,1734071470654
835.5100991944123,235.9440516694437,head_end,1734071470788
837.4433241346876,237.06019960911576,head_end,1734071470796
839.8152457593069,238.4296291975864,head_end,1734071470813
842.6402389135592,240.0606397556528,head_end,1734071470830
845.4633867802822,241.69058493646745,head_end,1734071470846
847.8341853229501,243.05936611327115,head_end,1734071470863
854.9690067945377,247.17865721051217,head_end,1734071470879
861.6459367647267,251.033584526161,head_end,1734071470896
863.723445361713,252.2330346738748,head_end,1734071470913
865.6565703819891,253.34912492470846,head_end,1734071470930
868.4708743899117,254.97396410126402,head_end,1734071470946
870.4039911655083,256.0900495920297,head_end,1734071470963
872.4777642684213,257.2873430512347,head_end,1734071470979
875.5940786995805,259.086548026944,head_end,1734071470996
880.643164955177,262.00163933577426,head_end,1734071471013
884.6435495947696,264.31126248430513,head_end,1734071471029
892.8090824321454,269.02563506604076,head_end,1734071471046
906.4624325701393,276.9084004435517,head_end,1734071471064
918.1833363745578,283.6754674101785,head_end,1734071471079
922.0495932407543,285.9076518526333,head_end,1734071471096
928.2823031220937,289.50610858040534,head_end,1734071471113
939.5642775789224,296.01975957004595,head_end,1734071471129
946.4582562299427,300,head_end,1734071471146
946.4582562299427,300,head_end,1734071471163
946.4582562299427,300,head_end,1734071471179
946.4582562299427,300,head_end,1734071471197
946.4582562299427,300,head_end,1734071471213
946.4582562299427,300,head_end,1734071471230
946.4582562299427,300,head_end,1734071471246
946.4582562299427,300,head_end,1734071471263
946.4582562299427,300,head_end,1734071471280
946.4582562299427,300,head_end,1734071471313
946.0272482021628,299.75115739913844,head_end,1734071471444
1006,346,up,1734071471444
502,280,down,1734071473068
506.4113221711811,283.49431915975595,tail_end,1734071473140
503.29465987013515,281.6949133412739,tail_end,1734071473148
498.3150673449263,278.81994425638993,tail_end,1734071473165
493.34104224277365,275.9481895247061,tail_end,1734071473182
488.72023794331426,273.28036691854066,tail_end,1734071473199
482.5818468766494,269.7363651838105,tail_end,1734071473215
469.10957214238294,261.95814373938515,tail_end,1734071473232
455.23653833739564,253.94854393759897,tail_end,1734071473249
438.25579731042853,244.14470853464022,tail_end,1734071473266
409.6688745927646,227.64004100829393,tail_end,1734071473282
394.27087188502867,218.75,tail_end,1734071473299
394.27087188502867,218.75,tail_end,1734071473315
394.27087188502867,218.75,tail_end,1734071473332
394.27087188502867,218.75,tail_end,1734071473348
394.27087188502867,218.75,tail_end,1734071473365
394.27087188502867,218.75,tail_end,1734071473382
394.27087188502867,218.75,tail_end,1734071473399
394.27087188502867,218.75,tail_end,1734071473416
394.27087188502867,218.75,tail_end,1734071473432
394.27087188502867,218.75,tail_end,1734071473448
394.27087188502867,218.75,tail_end,1734071473466
394.27087188502867,218.75,tail_end,1734071473482
394.27087188502867,218.75,tail_end,1734071473499
325,192,up,1734071473605
543,324,down,1734071474608
545,329,down,1734071475962
546.2372294375375,330.8740341368651,leg_end_2,1734071476071
546.5592151576114,331.75868263215506,leg_end_2,1734071476085
546.881184836514,332.64328705468864,leg_end_2,1734071476101
547.8501590779762,335.3055219031393,leg_end_2,1734071476118
548.1720723178078,336.18997126060015,leg_end_2,1734071476135
548.8168408118095,337.9614581386455,leg_end_2,1734071476152
549.2566779559991,339.16990076054395,leg_end_2,1734071476168
550.016697911144,341.25803842563954,leg_end_2,1734071476185
550.3385377819624,342.1422862033931,leg_end_2,1734071476201
551.0985406296135,344.2303768660359,leg_end_2,1734071476218
552.0663305300681,346.88935776431106,leg_end_2,1734071476235
553.0339267823214,349.5478066185258,leg_end_2,1734071476251
554.7596305193453,354.28913866866753,leg_end_2,1734071476268
557.0404877077511,360.5557422908134,leg_end_2,1734071476285
558.7658952547665,365.2962605655947,leg_end_2,1734071476301
559.525816508683,367.3841270512938,leg_end_2,1734071476324
560.1696914655266,369.15315895617397,leg_end_2,1734071476335
561.369443592864,372.4494508349759,leg_end_2,1734071476352
562.3358777113642,375.104706752946,leg_end_2,1734071476368
563.3022349070694,377.7597513272735,leg_end_2,1734071476385
565.1432150937909,382.8178028199542,leg_end_2,1734071476401
566.2243882595578,385.78830167941925,leg_end_2,1734071476418
567.1904826287124,388.44262414373367,leg_end_2,1734071476435
568.2716549347069,391.41312064099327,leg_end_2,1734071476451
568.9152494948742,393.1813821623365,leg_end_2,1734071476468
570.318106407823,397.0356998533895,leg_end_2,1734071476485
571.2839849496978,399.68942933712606,leg_end_2,1734071476502
571.9275136836357,401.45751000239045,leg_end_2,1734071476518
572.8933201450885,404.11104144679575,leg_end_2,1734071476535
574.6181431931127,408.849953823797,leg_end_2,1734071476552
576.3429296842806,413.58876576166125,leg_end_2,1734071476568
578.0676825473834,418.3274853071758,leg_end_2,1734071476585
579.0332624065747,420.98039416698424,leg_end_2,1734071476602
579.3548104655373,421.8638401982532,leg_end_2,1734071476619
579.9982062724947,423.6315556496405,leg_end_2,1734071476635
580.7580552027888,425.7192234278204,leg_end_2,1734071476652
581.401432617007,427.48688834557197,leg_end_2,1734071476669
581.7229728575462,428.3703128958994,leg_end_2,1734071476685
582.8041411771729,431.34079844070357,leg_end_2,1734071476702
583.5639852805595,433.4284529570637,leg_end_2,1734071476719
584.6451532617385,436.3989375719905,leg_end_2,1734071476735
585.9639577448585,440.0223231100381,leg_end_2,1734071476752
586.9293249596279,442.6746477340989,leg_end_2,1734071476769
588.8885621534379,448.05760768344754,leg_end_2,1734071476785
590.2913092808514,451.911623741221,leg_end_2,1734071476802
590.5782732904212,452.7000508777101,leg_end_2,1734071476819
590.5782732904212,452.7000508777101,leg_end_2,1734071476835
590.5782732904212,452.7000508777101,leg_end_2,1734071476852
590.5782732904212,452.7000508777101,leg_end_2,1734071476869
590.5782732904212,452.7000508777101,leg_end_2,1734071476885
590.5782732904212,452.7000508777101,leg_end_2,1734071476902
590.5782732904212,452.7000508777101,leg_end_2,1734071476926
590.5782732904212,452.7000508777101,leg_end_2,1734071476935
590.5782732904212,452.7000508777101,leg_end_2,1734071476952
590.5782732904212,452.7000508777101,leg_end_2,1734071476980
590.5782732904212,452.7000508777101,leg_end_2,1734071476987
590.5782732904212,452.7000508777101,leg_end_2,1734071477011
590.5782732904212,452.7000508777101,leg_end_2,1734071477020
590.5782732904212,452.7000508777101,leg_end_2,1734071477035
590.5782732904212,452.7000508777101,leg_end_2,1734071477219
590.0552644697797,451.2630959528219,leg_end_2,1734071477237
589.212230014384,448.9468778228001,leg_end_2,1734071477253
588.5699532830932,447.18223700653766,leg_end_2,1734071477269
588.1683504449919,446.0788422772654,leg_end_2,1734071477274
599,479,up,1734071477274
NA,NA,flip,1734071480037
NA,NA,flip,1734071480664
NA,NA,flip,1734071480988
NA,NA,flip,1734071481479
NA,NA,flip,1734071481779
NA,NA,flip,1734071482223
NA,NA,flip,1734071482563
NA,NA,flip,1734071482983
NA,NA,flip,1734071483347
805,222,down,1734071489545
805.7291281149713,218.75,tail_end,1734071489617
805.7291281149713,218.75,tail_end,1734071489632
805.7291281149713,218.75,tail_end,1734071489648
805.7291281149713,218.75,tail_end,1734071489665
805.7291281149713,218.75,tail_end,1734071489682
805.7291281149713,218.75,tail_end,1734071489702
805.7291281149713,218.75,tail_end,1734071489748
805.7291281149713,218.75,tail_end,1734071489774
805.7291281149713,218.75,tail_end,1734071489837
805.7291281149713,218.75,tail_end,1734071489860
805.7291281149713,218.75,tail_end,1734071489875
805.7291281149713,218.75,tail_end,1734071489915
820,214,up,1734071490005
611,447,down,1734071491091
612.2696249144003,444.87551486705786,leg_end_2,1734071491146
613.1447564190286,442.47111081903813,leg_end_2,1734071491183
614.663983417956,438.2970689444593,leg_end_2,1734071491200
616.2979634274162,433.80774576462716,leg_end_2,1734071491217
620.5305331426376,422.1788560457886,leg_end_2,1734071491233
624.649483293789,410.8621335136412,leg_end_2,1734071491250
629.2042308821217,398.34806736338163,leg_end_2,1734071491266
632.8858712718842,388.2328435259572,leg_end_2,1734071491283
636.2453844294072,379.0026569853021,leg_end_2,1734071491300
637.9680469868911,374.26968050727527,leg_end_2,1734071491317
639.04918936759,371.2992662290896,leg_end_2,1734071491333
640.0109065014822,368.6569701198181,leg_end_2,1734071491350
643.1335619413906,360.0775448099326,leg_end_2,1734071491367
650.4954112094723,339.8510301804496,leg_end_2,1734071491383
653.8843453419157,330.540010175542,leg_end_2,1734071491400
653.8843453419157,330.540010175542,leg_end_2,1734071491417
653.8843453419157,330.540010175542,leg_end_2,1734071491433
653.8843453419157,330.540010175542,leg_end_2,1734071491450
653.8843453419157,330.540010175542,leg_end_2,1734071491466
653.8843453419157,330.540010175542,leg_end_2,1734071491483
653.8843453419157,330.540010175542,leg_end_2,1734071491500
653.8843453419157,330.540010175542,leg_end_2,1734071491517
653.8843453419157,330.540010175542,leg_end_2,1734071491533
653.8843453419157,330.540010175542,leg_end_2,1734071491550
653.4441656165351,331.7493940315273,leg_end_2,1734071491741
652.2426897725869,335.0504217827948,leg_end_2,1734071491750
648.7993245168909,344.51099006975426,leg_end_2,1734071491767
647.1559136235586,349.02622439007064,leg_end_2,1734071491784
643.9891523790948,357.7268294020389,leg_end_2,1734071491800
635.5559333024202,380.8969083885163,leg_end_2,1734071491818
628.4561103484432,400.4035116366938,leg_end_2,1734071491834
622.7574008078024,416.0605874196351,leg_end_2,1734071491850
616.8702410716202,432.235425859518,leg_end_2,1734071491867
612.1878940964499,445.1000684438501,leg_end_2,1734071491884
609.4217267095788,452.7000508777101,leg_end_2,1734071491901
609.4217267095788,452.7000508777101,leg_end_2,1734071491917
609.4217267095788,452.7000508777101,leg_end_2,1734071491934
609.4217267095788,452.7000508777101,leg_end_2,1734071491950
609.4217267095788,452.7000508777101,leg_end_2,1734071491967
609.4217267095788,452.7000508777101,leg_end_2,1734071491984
609.4217267095788,452.7000508777101,leg_end_2,1734071492001
609.4217267095788,452.7000508777101,leg_end_2,1734071492017
609.4217267095788,452.7000508777101,leg_end_2,1734071492034
609.4217267095788,452.7000508777101,leg_end_2,1734071492051
609.4217267095788,452.7000508777101,leg_end_2,1734071492067
609.4217267095788,452.7000508777101,leg_end_2,1734071492084
609.4217267095788,452.7000508777101,leg_end_2,1734071492101
609.4217267095788,452.7000508777101,leg_end_2,1734071492117
609.4217267095788,452.7000508777101,leg_end_2,1734071492134
609.4217267095788,452.7000508777101,leg_end_2,1734071492150
609.4217267095788,452.7000508777101,leg_end_2,1734071492167
609.4217267095788,452.7000508777101,leg_end_2,1734071492184
609.4217267095788,452.7000508777101,leg_end_2,1734071492201
609.4217267095788,452.7000508777101,leg_end_2,1734071492230
609.4217267095788,452.7000508777101,leg_end_2,1734071492246
609.4217267095788,452.7000508777101,leg_end_2,1734071492301
609.4217267095788,452.7000508777101,leg_end_2,1734071492795
609.9447355302203,451.2630959528219,leg_end_2,1734071492856
540,556,up,1734071492871
587,452,down,1734071507365
589.2955694875093,449.175851143361,leg_end_1,1734071507394
589.1795449736869,448.85707641153095,leg_end_1,1734071507410
588.8582782042525,447.97440321688885,leg_end_1,1734071507417
588.4202977275949,446.7710617471098,leg_end_1,1734071507433
587.4572901783503,444.12522025079613,leg_end_1,1734071507449
586.2599840656428,440.83564874195736,leg_end_1,1734071507466
584.8576463544475,436.98275754599865,leg_end_1,1734071507483
583.7764961061946,434.0123216518858,leg_end_1,1734071507500
582.257288897947,429.83833415175286,leg_end_1,1734071507516
581.1761391534058,426.8678996415766,leg_end_1,1734071507533
579.9789490673248,423.5786469132745,leg_end_1,1734071507549
578.3452815633065,419.0901823350872,leg_end_1,1734071507566
577.2641326933206,416.1197502277321,leg_end_1,1734071507583
573.6998074384538,406.3268470743938,leg_end_1,1734071507599
572.0666212158363,401.839704805988,leg_end_1,1734071507616
570.664369182443,397.9870490078556,leg_end_1,1734071507633
568.5021028878318,392.04627118856354,leg_end_1,1734071507649
567.7424542511978,389.959153712692,leg_end_1,1734071507666
566.2234132040528,385.7856227364363,leg_end_1,1734071507683
564.5910664042652,381.3007867633011,leg_end_1,1734071507700
563.1888941852553,377.44835025338455,leg_end_1,1734071507717
561.3480332192579,372.3906263169512,leg_end_1,1734071507734
559.3056706919022,366.77928139070127,leg_end_1,1734071507750
556.8112066347177,359.92579771994576,leg_end_1,1734071507766
556.0516228354459,357.83885838326273,leg_end_1,1734071507783
555.090506639818,355.1982133383032,leg_end_1,1734071507799
554.2181125622006,352.8013303091836,leg_end_1,1734071507816
553.8970808220558,351.9193028522075,leg_end_1,1734071507833
552.2677050938515,347.44262983115857,leg_end_1,1734071507850
551.3960597873108,345.0478040336646,leg_end_1,1734071507867
550.9589974224197,343.8469850552324,leg_end_1,1734071507884
549.4405255726567,339.6750179359314,leg_end_1,1734071507900
549.0036460342999,338.47470126927425,leg_end_1,1734071507916
548.2441692837746,336.3880560466052,leg_end_1,1734071507933
547.04956735273,333.1059142158233,leg_end_1,1734071507950
546.7287569064245,332.2244947586736,leg_end_1,1734071507967
546.4079628651203,331.343120373895,leg_end_1,1734071507983
546.1156546580843,330.540010175542,leg_end_1,1734071508000
546.1156546580843,330.540010175542,leg_end_1,1734071508017
546.1156546580843,330.540010175542,leg_end_1,1734071508033
546.1156546580843,330.540010175542,leg_end_1,1734071508050
546.1156546580843,330.540010175542,leg_end_1,1734071508074
546.1156546580843,330.540010175542,leg_end_1,1734071508089
546.1156546580843,330.540010175542,leg_end_1,1734071508100
546.1156546580843,330.540010175542,leg_end_1,1734071508117
546.1156546580843,330.540010175542,leg_end_1,1734071508133
546.1156546580843,330.540010175542,leg_end_1,1734071508150
546.1156546580843,330.540010175542,leg_end_1,1734071508167
546.1156546580843,330.540010175542,leg_end_1,1734071508217
546.1156546580843,330.540010175542,leg_end_1,1734071508234
546.1156546580843,330.540010175542,leg_end_1,1734071508272
522,316,up,1734071508272
254,298,down,1734071509312
254.40375364810603,299.5023183648645,head_end,1734071509373
255.90104349317681,298.637857669758,head_end,1734071509384
258.5829453958876,297.08946088428775,head_end,1734071509401
262.4487665561619,294.8575279967644,head_end,1734071509418
270.17994948774833,290.39392745005875,head_end,1734071509435
277.77131056956966,286.01105308595356,head_end,1734071509452
289.80238560512885,279.0649086755329,head_end,1734071509468
299.4656741564831,273.48580642915147,head_end,1734071509485
308.38061167588376,268.3387648525168,head_end,1734071509501
316.41222532515815,263.7017105500812,head_end,1734071509518
321.88946037879094,260.5394274174514,head_end,1734071509535
325.0051942545824,258.74055762553996,head_end,1734071509551
326.9381069909947,257.6245899368523,head_end,1734071509568
331.2350171339807,255.14376770911568,head_end,1734071509585
336.71101202324945,251.98220058571536,head_end,1734071509602
342.94148921742436,248.38503290047865,head_end,1734071509618
347.5527805677575,245.72270259805202,head_end,1734071509635
357.21330292692744,240.14519741347289,head_end,1734071509651
366.1250462620344,235,head_end,1734071509668
366.1250462620344,235,head_end,1734071509685
366.1250462620344,235,head_end,1734071509702
366.1250462620344,235,head_end,1734071509722
366.1250462620344,235,head_end,1734071509737
366.1250462620344,235,head_end,1734071509753
366.1250462620344,235,head_end,1734071509770
366.1250462620344,235,head_end,1734071509785
366.1250462620344,235,head_end,1734071509801
366.1250462620344,235,head_end,1734071509871
366.1250462620344,235,head_end,1734071509885
366.1250462620344,235,head_end,1734071509912
390,227,up,1734071509919
394,220,down,1734071510388
395.76817850916734,219.61447038250583,head_neck,1734071510514
397.2654558537235,220.47892386043688,head_neck,1734071510522
398.4481006329321,221.1617241420687,head_neck,1734071510536
405.2992536614564,225.1172391873465,head_neck,1734071510552
421.0607812006353,234.21716135493114,head_neck,1734071510569
430.2843838448695,239.5424108244779,head_neck,1734071510586
436.08280953210107,242.89013345587708,head_neck,1734071510602
438.01575283148964,244.00611879010734,head_neck,1734071510619
441.1315631164834,245.8050326968923,head_neck,1734071510636
443.064502604546,246.9210158306525,head_neck,1734071510653
445.42828439370425,248.28574588292855,head_neck,1734071510669
448.2162863994089,249.89539959142337,head_neck,1734071510686
449.7118894246821,250.75888640066566,head_neck,1734071510703
453.2553959167841,252.80473082775592,head_neck,1734071510720
456.7986517566855,254.8504305407307,head_neck,1734071510736
460.3416331720917,256.89597181464933,head_neck,1734071510752
463.8843128427289,258.9413388761443,head_neck,1734071510769
467.00004129213335,260.74020553512975,head_neck,1734071510786
470.1157554818463,262.5390639612785,head_neck,1734071510803
471.29797949942053,263.2216213160674,head_neck,1734071510820
474.41367161189055,265.0204669959139,head_neck,1734071510836
476.7762453686191,266.38449959034153,head_neck,1734071510853
480.6417754672029,268.61626443331943,head_neck,1734071510869
483.75740680585767,270.41507502538747,head_neck,1734071510886
486.1193207621447,271.7787266838525,head_neck,1734071510903
487.3012801647351,272.4611312631093,head_neck,1734071510920
488.4832128037107,273.14352039038585,head_neck,1734071510936
490.0865624624257,274.0692147474501,head_neck,1734071510953
491.68944286461357,274.994638179132,head_neck,1734071510970
494.3687459024825,276.5415345092862,head_neck,1734071510986
497.9055924512873,278.58353381632105,head_neck,1734071511003
499.08720616839446,279.265738813971,head_neck,1734071511020
500.26877228969647,279.9479163321701,head_neck,1734071511036
501.45028746475236,280.6300644365402,head_neck,1734071511053
502.63174797661,281.3121809810981,head_neck,1734071511070
503.8131496863461,281.99426357623537,head_neck,1734071511092
505.30052051726676,282.8529975258522,head_neck,1734071511103
506.1275551065926,283.33048616862857,head_neck,1734071511124
506.85417437700573,283.75,head_neck,1734071511140
506.85417437700573,283.75,head_neck,1734071511155
506.85417437700573,283.75,head_neck,1734071511170
506.85417437700573,283.75,head_neck,1734071511187
506.85417437700573,283.75,head_neck,1734071511203
506.85417437700573,283.75,head_neck,1734071511253
506.85417437700573,283.75,head_neck,1734071511320
506.85417437700573,283.75,head_neck,1734071511337
506.85417437700573,283.75,head_neck,1734071511353
506.85417437700573,283.75,head_neck,1734071511370
506.85417437700573,283.75,head_neck,1734071511387
506.85417437700573,283.75,head_neck,1734071511437
506.85417437700573,283.75,head_neck,1734071511529
506.85417437700573,283.75,head_neck,1734071511536
506.85417437700573,283.75,head_neck,1734071511551
519,300,up,1734071511552
807,213,down,1734071512527
804.9797978560748,219.18262602668585,tail_end,1734071512613
803.4825058058213,220.04708799495518,tail_end,1734071512621
798.4334947331179,222.96213589692195,tail_end,1734071512638
793.8191861249145,225.62620821399213,tail_end,1734071512655
788.4580441421422,228.72146498090956,tail_end,1734071512671
775.6776047126558,236.10025512588516,tail_end,1734071512688
759.3492103767458,245.5274579911572,tail_end,1734071512704
741.9591807481337,255.56759627845193,tail_end,1734071512721
721.1656165363853,267.57276617351664,tail_end,1734071512738
704.5232286456576,277.18125330218646,tail_end,1734071512755
693.1458256229943,283.75,tail_end,1734071512771
693.1458256229943,283.75,tail_end,1734071512788
693.1458256229943,283.75,tail_end,1734071512805
693.1458256229943,283.75,tail_end,1734071512821
693.1458256229943,283.75,tail_end,1734071512838
693.1458256229943,283.75,tail_end,1734071512855
693.1458256229943,283.75,tail_end,1734071512871
693.1458256229943,283.75,tail_end,1734071512888
693.1458256229943,283.75,tail_end,1734071512905
693.1458256229943,283.75,tail_end,1734071512922
693.1458256229943,283.75,tail_end,1734071512938
693.1458256229943,283.75,tail_end,1734071512955
693.1458256229943,283.75,tail_end,1734071512972
693.1458256229943,283.75,tail_end,1734071512988
693.1458256229943,283.75,tail_end,1734071513005
693.1458256229943,283.75,tail_end,1734071513022
693.1458256229943,283.75,tail_end,1734071513038
693.1458256229943,283.75,tail_end,1734071513056
693.1458256229943,283.75,tail_end,1734071513064
497,349,up,1734071513064