f1_length,f2_length,f3_length,f4_length,timestamp
0.5,0.5,0.5,0.50657280428649,1769670136794
0.5,0.5,0.5,0.51314541041894,1769670136802
0.5,0.5,0.5,0.53300995550154,1769670136817
0.5,0.5,0.5,0.62610275041334,1769670136834
0.5,0.5,0.5,0.68555435496446,1769670136850
0.5,0.5,0.5,0.78531667806414,1769670136867
0.5,0.5,0.5,0.91179970805261,1769670136884
0.5,0.5,0.5,1,1769670136900
0.5,0.5,0.5,1,1769670136917
0.5,0.5,0.5,1,1769670136934
0.5,0.5,0.5,1,1769670136950
0.5,0.5,0.5,1,1769670136967
0.5,0.5,0.5,1,1769670136984
0.5,0.5,0.5,1,1769670137000
0.5,0.5,0.5,1,1769670137017
0.5,0.5,0.5,1,1769670137034
0.5,0.5,0.5,1,1769670137050
0.5,0.5,0.5,1,1769670137067
0.5,0.5,0.5,1,1769670137084
0.5,0.5,0.5,1,1769670137100
0.5,0.5,0.5,1,1769670137117
0.5,0.5,0.5,1,1769670137134
0.5,0.5,0.5,1,1769670137150
0.5,0.5,0.5,1,1769670137167
0.5,0.5,0.5,1,1769670137184
0.5,0.5,0.5,1,1769670137200
0.5,0.5,0.5,1,1769670137217
0.5,0.5,0.5,1,1769670137835
0.5,0.5,0.5,0.97387644700578,1769670137850
0.5,0.5,0.5,0.95425123834272,1769670137867
0.5,0.5,0.5,0.94772068456256,1769670137884
0.5,0.5,0.5,0.9282317450862,1769670137900
0.5,0.5,0.5,0.90211200211515,1769670137917
0.5,0.5,0.5,0.87599375802298,1769670137934
0.5,0.5,0.5,0.862899188001,1769670137950
0.5,0.5,0.5,0.85636991893874,1769670137967
0.5,0.5,0.5,0.84327534891677,1769670137990
0.5,0.5,0.5,0.82365201930598,1769670138000
0.5,0.5,0.5,0.77784031343433,1769670138017
0.5,0.5,0.5,0.7058408040031,1769670138034
0.5,0.5,0.5,0.6469371040026,1769670138050
0.5,0.5,0.5,0.53565792393704,1769670138067
0.5,0.5,0.5,0.37852308367336,1769670138084
0.5,0.5,0.5,0.04466825443123,1769670138100
0.5,0.5,0.5,0,1769670138117
0.5,0.5,0.5,0,1769670138134
0.5,0.5,0.5,0,1769670138150
0.5,0.5,0.5,0,1769670138167
0.5,0.5,0.5,0,1769670138184
0.5,0.5,0.5,0,1769670138201
0.5,0.5,0.5,0,1769670138217
0.5,0.5,0.5,0,1769670138234
0.5,0.5,0.5,0,1769670138250
0.5,0.5,0.5,0,1769670138267
0.5,0.5,0.5,0,1769670138284
0.5,0.5,0.5,0,1769670138301
0.5,0.5,0.5,0,1769670138317
0.5,0.5,0.5,0,1769670138334
0.5,0.5,0.5,0,1769670138350
0.5,0.5,0.5,0,1769670138367
0.5,0.5,0.5,0,1769670138384
0.5,0.5,0.5,0,1769670138400
0.5,0.5,0.5,0,1769670138417
0.5,0.5,0.5,0,1769670138434
0.5,0.5,0.5,0,1769670138820
0.5,0.5,0.5,0.00661034092335,1769670138868
0.5,0.5,0.5,0.01321947908527,1769670138884
0.5,0.5,0.5,0.01982745971397,1769670138900
0.5,0.5,0.5,0.02643432552639,1769670139026
0.5,0.5,0.5,0.03975875917291,1769670139042
0.5,0.5,0.5,0.05989148279461,1769670139050
0.5,0.5,0.5,0.0938840030605,1769670139067
0.5,0.5,0.5,0.13481881738754,1769670139084
0.5,0.5,0.5,0.20429324303089,1769670139100
0.5,0.5,0.5,0.31004236703002,1769670139117
0.5,0.5,0.5,0.41891311482417,1769670139134
0.5,0.5,0.5,0.54626493652015,1769670139150
0.5,0.5,0.5,0.66626258490768,1769670139167
0.5,0.5,0.5,0.77912812964241,1769670139184
0.5,0.5,0.5,0.90492939342734,1769670139200
0.5,0.5,0.5,1,1769670139217
0.5,0.5,0.5,1,1769670139234
0.5,0.5,0.5,1,1769670139250
0.5,0.5,0.5,1,1769670139267
0.5,0.5,0.5,1,1769670139284
0.5,0.5,0.5,1,1769670139300
0.5,0.5,0.5,1,1769670139317
0.5,0.5,0.5,1,1769670139333
0.5,0.5,0.5,1,1769670139350
0.5,0.5,0.5,1,1769670139367
0.5,0.5,0.5,1,1769670139384
0.5,0.5,0.5,1,1769670139400
0.5,0.5,0.5,1,1769670139417
0.5,0.5,0.5,1,1769670139434
0.5,0.5,0.5,1,1769670139451
0.5,0.5,0.5,1,1769670139467
0.5,0.5,0.5,1,1769670139484
0.5,0.5,0.5,1,1769670139500
0.5,0.5,0.5,1,1769670139517
0.5,0.5,0.5,1,1769670139534
0.5,0.5,0.5,1,1769670139550
0.5,0.5,0.5,1,1769670139600
0.5,0.5,0.5,1,1769670139617
0.5,0.5,0.5,0.99346886931929,1769670139748
0.5,0.5,0.5,0.98037429929731,1769670139784
0.5,0.5,0.5,0.96074900704943,1769670139800
0.5,0.5,0.5,0.915072539581,1769670139817
0.5,0.5,0.5,0.85630913612961,1769670139834
0.5,0.5,0.5,0.79114130138845,1769670139850
0.5,0.5,0.5,0.77151884592684,1769670139867
0.5,0.5,0.5,0.75842427590487,1769670139883
0.5,0.5,0.5,0.74532970588289,1769670139900
0.5,0.5,0.5,0.73231559117466,1769670139917
0.5,0.5,0.5,0.72578854337693,1769670139938
0.5,0.5,0.5,0.706167307555,1769670139950
0.5,0.5,0.5,0.69964077203393,1769670139967
0.5,0.5,0.5,0.68654620201195,1769670139984
0.5,0.5,0.5,0.67353678448978,1769670140000
0.5,0.5,0.5,0.65391663997266,1769670140017
0.5,0.5,0.5,0.63429693566867,1769670140033
0.5,0.5,0.5,0.60158343643344,1769670140050
0.5,0.5,0.5,0.56887076847811,1769670140067
0.5,0.5,0.5,0.52968640586984,1769670140084
0.5,0.5,0.5,0.51006996429387,1769670140100
0.5,0.5,0.5,0.50354829078858,1769670140168
0.5,0.5,0.5,0.49702681843684,1769670140310
0.5,0.5,0.5,0.49050555041701,1769670140404
0.5,0.5,0.5,0.47089034695647,1769670140417
0.5,0.5,0.5,0.43818170341634,1769670140433
0.5,0.5,0.5,0.39238024327905,1769670140451
0.5,0.5,0.5,0.33348682176034,1769670140467
0.5,0.5,0.5,0.27459651417044,1769670140484
0.5,0.5,0.5,0.13074102240768,1769670140500
0.5,0.5,0.5,0.05239593074555,1769670140517
0.5,0.5,0.5,0.02644516596189,1769670140533
0.5,0.5,0.5,0.00051293124025,1769670140550
0.5,0.5,0.5,0,1769670140567
0.5,0.5,0.5,0,1769670140583
0.5,0.5,0.5,0,1769670140600
0.5,0.5,0.5,0,1769670140617
0.5,0.5,0.5,0,1769670140634
0.5,0.5,0.5,0,1769670140650
0.5,0.5,0.5,0,1769670140667
0.5,0.5,0.5,0,1769670140683
0.5,0.5,0.5,0,1769670140700
0.5,0.5,0.5,0,1769670140717
0.5,0.5,0.5,0,1769670140734
0.5,0.5,0.5,0,1769670140750
0.5,0.5,0.5,0,1769670140767
0.5,0.5,0.5,0,1769670140783
0.5,0.5,0.5,0,1769670140800
0.5,0.5,0.5,0,1769670140817
0.5,0.5,0.5,0,1769670140833
0.5,0.5,0.5,0,1769670140850
0.5,0.5,0.5,0,1769670140867
0.5,0.5,0.5,0,1769670140884
0.5,0.5,0.5,0.00661034092335,1769670141458
0.5,0.5,0.5,0.01994767335598,1769670141474
0.5,0.5,0.5,0.02655451926657,1769670141490
0.5,0.5,0.5,0.03964908928854,1769670141500
0.5,0.5,0.5,0.07243833928714,1769670141517
0.5,0.5,0.5,0.09253339697049,1769670141533
0.5,0.5,0.5,0.11891215053571,1769670141550
0.5,0.5,0.5,0.16513028755422,1769670141567
0.5,0.5,0.5,0.19148281287132,1769670141583
0.5,0.5,0.5,0.2440096093855,1769670141600
0.5,0.5,0.5,0.27678116569472,1769670141617
0.5,0.5,0.5,0.34908403278112,1769670141633
0.5,0.5,0.5,0.41501527966752,1769670141650
0.5,0.5,0.5,0.53326222756782,1769670141667
0.5,0.5,0.5,0.64511386603539,1769670141683
0.5,0.5,0.5,0.74994957175445,1769670141700
0.5,0.5,0.5,0.92755947600086,1769670141717
0.5,0.5,0.5,1,1769670141733
0.5,0.5,0.5,1,1769670141750
0.5,0.5,0.5,1,1769670141767
0.5,0.5,0.5,1,1769670141783
0.5,0.5,0.5,1,1769670141800
0.5,0.5,0.5,1,1769670141817
0.5,0.5,0.5,1,1769670141833
0.5,0.5,0.5,1,1769670141902
0.5,0.5,0.5,1,1769670142472
0.5,0.5,0.5,0.98697036654559,1769670142488
0.5,0.5,0.5,0.97387579652362,1769670142500
0.5,0.5,0.5,0.90867908991225,1769670142517
0.5,0.5,0.5,0.83711684834751,1769670142533
0.5,0.5,0.5,0.81100263095863,1769670142550
0.5,0.5,0.5,0.73275693525439,1769670142567
0.5,0.5,0.5,0.69355671744496,1769670142583
0.5,0.5,0.5,0.64153027880448,1769670142600
0.5,0.5,0.5,0.5570176036708,1769670142617
0.5,0.5,0.5,0.48523315986076,1769670142633
0.5,0.5,0.5,0.45274217096682,1769670142650
0.5,0.5,0.5,0.40694012990588,1769670142667
0.5,0.5,0.5,0.38087104105631,1769670142683
0.5,0.5,0.5,0.37435404333018,1769670142700
0.5,0.5,0.5,0.36783732710785,1769670142717
0.5,0.5,0.5,0.38105191792305,1769670143068
0.5,0.5,0.5,0.38762893252385,1769670143083
0.5,0.5,0.5,0.40084028786603,1769670143100
0.5,0.5,0.5,0.40741650827184,1769670143358
0.5,0.5,0.5,0.41399247405578,1769670143367
0.5,0.5,0.5,0.42056818966944,1769670143383
0.5,0.5,0.5,0.42714365944854,1769670143400
0.5,0.5,0.5,0.44681298861977,1769670143417
0.5,0.5,0.5,0.46648164213769,1769670143433
0.5,0.5,0.5,0.47957621215966,1769670143450
0.5,0.5,0.5,0.48614965245749,1769670143534
0.5,0.5,0.5,0.47962873253654,1769670144175
0.5,0.5,0.5,0.4602299970893,1769670144183
0.5,0.5,0.5,0.40889202915185,1769670144200
0.5,0.5,0.5,0.33148624694783,1769670144217
0.5,0.5,0.5,0.22810570731676,1769670144233
0.5,0.5,0.5,0.07181819079849,1769670144250
0.5,0.5,0.5,0,1769670144267
0.5,0.5,0.5,0,1769670144284
0.5,0.5,0.5,0,1769670144300
0.5,0.5,0.5,0,1769670144317
0.5,0.5,0.5,0,1769670144333
0.5,0.5,0.5,0,1769670144350
0.5,0.5,0.5,0,1769670144367
0.5,0.5,0.5,0,1769670144383
0.5,0.5,0.5,0,1769670144400
0.5,0.5,0.5,0,1769670144417
0.5,0.5,0.5,0,1769670144433
0.5,0.5,0.5,0,1769670147572
0.5,0.5,0.5,0.00661034092335,1769670147636
0.5,0.5,0.5,0.02631179705984,1769670147660
0.5,0.5,0.5,0.03291760801774,1769670147676
0.5,0.5,0.5,0.05261500160556,1769670147690
0.5,0.5,0.5,0.05921689099581,1769670147700
0.5,0.5,0.5,0.06581787724044,1769670147716
0.5,0.5,0.5,0.07912036271394,1769670147733
0.5,0.5,0.5,0.1055049118302,1769670147750
0.5,0.5,0.5,0.13865021729189,1769670147766
0.5,0.5,0.5,0.17944090717721,1769670147783
0.5,0.5,0.5,0.21315871580468,1769670147800
0.5,0.5,0.5,0.24622807651469,1769670147816
0.5,0.5,0.5,0.27255873334066,1769670147834
0.5,0.5,0.5,0.31921139520514,1769670147850
0.5,0.5,0.5,0.44105844003729,1769670147867
0.5,0.5,0.5,0.53430288394889,1769670147883
0.5,0.5,0.5,0.62051927597878,1769670147900
0.5,0.5,0.5,0.67366409102249,1769670147916
0.5,0.5,0.5,0.69332682315709,1769670147933
0.5,0.5,0.5,0.71298916296448,1769670147950
0.5,0.5,0.5,0.7392582375139,1769670147966
0.5,0.5,0.5,0.76552540116833,1769670147983
0.5,0.5,0.5,0.8380030832669,1769670148000
0.5,0.5,0.5,0.87728679333282,1769670148016
0.5,0.5,0.5,0.91017835425825,1769670148033
0.5,0.5,0.5,0.92327292428023,1769670148050
0.5,0.5,0.5,0.9561589527312,1769670148066
0.5,0.5,0.5,0.97581717991106,1769670148083
0.5,0.5,0.5,1,1769670148100
0.5,0.5,0.5,1,1769670148116
0.5,0.5,0.5,1,1769670148133
0.5,0.5,0.5,1,1769670148150
0.5,0.5,0.5,1,1769670148166
0.5,0.5,0.5,1,1769670148183
0.5,0.5,0.5,1,1769670148200
0.5,0.5,0.5,1,1769670148216
0.5,0.5,0.5,1,1769670148233
0.5,0.5,0.5,1,1769670148250
0.5,0.5,0.5,1,1769670148266
0.5,0.5,0.5,1,1769670148283
0.5,0.5,0.5,1,1769670148300
0.5,0.5,0.5,1,1769670148316
0.5,0.5,0.5,1,1769670148333
0.5,0.5,0.5,1,1769670148350
0.5,0.5,0.5,1,1769670148366
0.5,0.5,0.5,1,1769670148383
0.5,0.5,0.5,1,1769670148400
0.5,0.5,0.5,1,1769670148416
0.5,0.5,0.5,1,1769670148433
0.5,0.5,0.5,1,1769670148450
0.5,0.5,0.5,1,1769670148467
0.5,0.5,0.5,1,1769670148483
0.5,0.5,0.5,1,1769670148500
0.5,0.5,0.5,1,1769670149282
0.5,0.5,0.5,0.99346886931929,1769670161186
0.5,0.5,0.5,0.98693781855098,1769670161202
0.5,0.5,0.5,0.96731244272142,1769670161216
0.5,0.5,0.5,0.95421787269944,1769670161232
0.5,0.5,0.5,0.93459292213021,1769670161249
0.5,0.5,0.5,0.90187384932303,1769670161266
0.5,0.5,0.5,0.85606087487606,1769670161282
0.5,0.5,0.5,0.82987173483211,1769670161299
0.5,0.5,0.5,0.79715426942803,1769670161316
0.5,0.5,0.5,0.72531636440547,1769670161332
0.5,0.5,0.5,0.69912722436152,1769670161349
0.5,0.5,0.5,0.67302328027103,1769670161366
0.5,0.5,0.5,0.65992871024905,1769670161382
0.5,0.5,0.5,0.64683414022708,1769670161432
0.5,0.5,0.5,0.62721459924919,1769670161449
0.5,0.5,0.5,0.61412002922722,1769670161466
0.5,0.5,0.5,0.58802394560529,1769670161482
0.5,0.5,0.5,0.56840585992067,1769670161499
0.5,0.5,0.5,0.54878830285845,1769670161518
0.5,0.5,0.5,0.54226549683188,1769670161533
0.5,0.5,0.5,0.50955450077587,1769670161549
0.5,0.5,0.5,0.46375039601332,1769670161566
0.5,0.5,0.5,0.41137211592543,1769670161583
0.5,0.5,0.5,0.36557178873189,1769670161599
0.5,0.5,0.5,0.32628807866597,1769670161616
0.5,0.5,0.5,0.30009893862202,1769670161633
0.5,0.5,0.5,0.28049200244777,1769670161649
0.5,0.5,0.5,0.26088621846128,1769670161666
0.5,0.5,0.5,0.25437540412735,1769670161682
0.5,0.5,0.5,0.24786499835255,1769670162129
0.5,0.5,0.5,0.25444874948937,1769670162382
0.5,0.5,0.5,0.26103209669319,1769670162400
0.5,0.5,0.5,0.26761504883835,1769670162416
0.5,0.5,0.5,0.28070961886032,1769670162454
0.5,0.5,0.5,0.2938041888823,1769670162540
0.5,0.5,0.5,0.30689875890427,1769670162620
0.5,0.5,0.5,0.31999332892624,1769670162644
0.5,0.5,0.5,0.33321653471835,1769670162682
0.5,0.5,0.5,0.3397956620324,1769670163071
0.5,0.5,0.5,0.34637448113385,1769670163094
0.5,0.5,0.5,0.35946905115582,1769670163102
0.5,0.5,0.5,0.36604698321194,1769670163149
0.5,0.5,0.5,0.37262462970696,1769670163182
0.5,0.5,0.5,0.38571919972893,1769670164007
0.5,0.5,0.5,0.39229602310764,1769670164022
0.5,0.5,0.5,0.39887258116674,1769670164066
0.5,0.50657280428649,0.5,0.39887258116674,1769670165550
0.5,0.51976787695855,0.5,0.39887258116674,1769670165582
0.5,0.54605451509178,0.5,0.39887258116674,1769670165599
0.5,0.60500292246203,0.5,0.39887258116674,1769670165616
0.5,0.63776141921907,0.5,0.39887258116674,1769670165632
0.5,0.6705191957154,0.5,0.39887258116674,1769670165649
0.5,0.69018199199784,0.5,0.39887258116674,1769670165666
0.5,0.70327656201981,0.5,0.39887258116674,1769670165682
0.5,0.72293870886732,0.5,0.39887258116674,1769670165699
0.5,0.76222241893323,0.5,0.39887258116674,1769670165716
0.5,0.82776910973542,0.5,0.39887258116674,1769670165732
0.5,0.8736178633002,0.5,0.39887258116674,1769670165749
0.5,0.93256036000555,0.5,0.39887258116674,1769670165766
0.5,0.99809760395885,0.5,0.39887258116674,1769670165782
0.5,1,0.5,0.39887258116674,1769670165799
0.5,1,0.5,0.39887258116674,1769670165815
0.5,1,0.5,0.39887258116674,1769670165832
0.5,1,0.5,0.39887258116674,1769670165849
0.5,1,0.5,0.39887258116674,1769670165865
0.5,1,0.5,0.39887258116674,1769670165882
0.5,1,0.5,0.39887258116674,1769670165899
0.5,1,0.5,0.39887258116674,1769670165915
0.5,1,0.5,0.39887258116674,1769670165966
0.5,1,0.5,0.39887258116674,1769670165982
0.5,1,0.5,0.39887258116674,1769670165999
0.5,1,0.5,0.39887258116674,1769670166016
0.5,1,0.5,0.39887258116674,1769670166032
0.5,0.99346886931929,0.5,0.39887258116674,1769670166420
0.5,0.98693781855098,0.5,0.39887258116674,1769670166432
0.5,0.97390883395373,0.5,0.39887258116674,1769670166449
0.5,0.95441678473538,0.5,0.39887258116674,1769670166465
0.5,0.90231607047519,0.5,0.39887258116674,1769670166482
0.5,0.82404499202334,0.5,0.39887258116674,1769670166499
0.5,0.797931640372,0.5,0.39887258116674,1769670166515
0.5,0.70758830042888,0.5,0.39887258116674,1769670166532
0.5,0.57692589839179,0.5,0.39887258116674,1769670166549
0.5,0.42602309730114,0.5,0.39887258116674,1769670166566
0.5,0.28442043330862,0.5,0.39887258116674,1769670166582
0.5,0.15965648817934,0.5,0.39887258116674,1769670166599
0.5,0.06277006821031,0.5,0.39887258116674,1769670166615
0.5,0,0.5,0.39887258116674,1769670166632
0.5,0,0.5,0.39887258116674,1769670166649
0.5,0,0.5,0.39887258116674,1769670166666
0.5,0,0.5,0.39887258116674,1769670166682
0.5,0,0.5,0.39887258116674,1769670166699
0.5,0,0.5,0.39887258116674,1769670166715
0.5,0,0.5,0.39887258116674,1769670166732
0.5,0,0.5,0.39887258116674,1769670166749
0.5,0,0.5,0.39887258116674,1769670166766
0.5,0,0.5,0.39887258116674,1769670166782
0.5,0,0.5,0.39887258116674,1769670166799
0.5,0,0.5,0.39887258116674,1769670166815
0.5,0,0.5,0.39887258116674,1769670166832
0.5,0,0.5,0.39887258116674,1769670166849
0.5,0,0.5,0.39887258116674,1769670166865
0.5,0,0.5,0.39887258116674,1769670166882
0.5,0,0.5,0.39887258116674,1769670166899
0.5,0,0.5,0.39887258116674,1769670166928
0.5,0,0.5,0.39887258116674,1769670170372
0.5,0,0.5,0.39887258116674,1769670171055
0.5,0.01334196141265,0.5,0.39887258116674,1769670171099
0.5,0.04044970238051,0.5,0.39887258116674,1769670171115
0.5,0.07450210591773,0.5,0.39887258116674,1769670171132
0.5,0.18215315021074,0.5,0.39887258116674,1769670171149
0.5,0.31853141441603,0.5,0.39887258116674,1769670171165
0.5,0.43790907161954,0.5,0.39887258116674,1769670171182
0.5,0.5489070669014,0.5,0.39887258116674,1769670171199
0.5,0.67944021031342,0.5,0.39887258116674,1769670171215
0.5,0.85840639851423,0.5,0.39887258116674,1769670171232
0.5,1,0.5,0.39887258116674,1769670171249
0.5,1,0.5,0.39887258116674,1769670171265
0.5,1,0.5,0.39887258116674,1769670171282
0.5,1,0.5,0.39887258116674,1769670171299
0.5,0.99346886931929,0.5,0.39887258116674,1769670188527
0.5,0.96727972927534,0.5,0.39887258116674,1769670188535
0.5,0.94109058923139,0.5,0.39887258116674,1769670188548
0.5,0.86259485940028,0.5,0.39887258116674,1769670188565
0.5,0.8167825003977,0.5,0.39887258116674,1769670188581
0.5,0.7254444573478,0.5,0.39887258116674,1769670188598
0.5,0.55675750951834,0.5,0.39887258116674,1769670188614
0.5,0.28780860122213,0.5,0.39887258116674,1769670188631
0.5,0.10625613785036,0.5,0.39887258116674,1769670188648
0.5,0,0.5,0.39887258116674,1769670188664
0.5,0,0.5,0.39887258116674,1769670188681
0.5,0,0.5,0.39887258116674,1769670188698
0.5,0,0.5,0.39887258116674,1769670188714
0.5,0,0.5,0.39887258116674,1769670188731
0.5,0.00661034092335,0.5,0.39887258116674,1769670188821
0.5,0.03373492838911,0.5,0.39887258116674,1769670188831
0.5,0.09311307943035,0.5,0.39887258116674,1769670188848
0.5,0.18027669135806,0.5,0.39887258116674,1769670188865
0.5,0.25525387881449,0.5,0.39887258116674,1769670188881
0.5,0.37746056861162,0.5,0.39887258116674,1769670188898
0.5,0.51338236764978,0.5,0.39887258116674,1769670188914
0.5,0.60127610683066,0.5,0.39887258116674,1769670188931
0.5,0.60784616510632,0.5,0.39887258116674,1769670188948
0.5,0.61441606551148,0.5,0.39887258116674,1769670188964
0.5,0.62751063553345,0.5,0.39887258116674,1769670188981
0.5,0.60789155266697,0.5,0.39887258116674,1769670189391
0.5,0.58827295457272,0.5,0.39887258116674,1769670189398
0.5,0.55556064236117,0.5,0.39887258116674,1769670189469
0.5,0.51637783596217,0.5,0.39887258116674,1769670189481
0.5,0.41842520459701,0.5,0.39887258116674,1769670189498
0.5,0.41190668063442,0.5,0.39887258116674,1769670189514
0.5,0.42500125065639,0.5,0.39887258116674,1769670189953
0.5,0.43157655708974,0.5,0.39887258116674,1769670189964
0.5,0.44467112711171,0.5,0.39887258116674,1769670190025
0.5,0.4512457310312,0.5,0.39887258116674,1769670190033
0.5,0.47091423684488,0.5,0.39887258116674,1769670190049
0.5,0.49058210645149,0.5,0.39887258116674,1769670190064
0.5,0.49715520013133,0.5,0.39887258116674,1769670190086
0.5,0.48406063010936,0.5,0.39887258116674,1769670190459
0.5,0.47096606008739,0.5,0.39887258116674,1769670190498
0.5,0.46444564195568,0.5,0.39887258116674,1769670190514
0.5,0.45792544522223,0.5,0.39887258116674,1769670190587
0.5,0.45140547355847,0.5,0.39887258116674,1769670190598
0.5,0.4383109035365,0.5,0.39887258116674,1769670190648
0.5,0.4383109035365,0.50657280428649,0.39887258116674,1769670195267
0.5,0.4383109035365,0.51314541041894,0.39887258116674,1769670195281
0.5,0.4383109035365,0.52633971470115,0.39887258116674,1769670195297
0.5,0.4383109035365,0.53291174302925,0.39887258116674,1769670195314
0.5,0.4383109035365,0.57876623745569,0.39887258116674,1769670195331
0.5,0.4383109035365,0.61152534709642,0.39887258116674,1769670195347
0.5,0.4383109035365,0.69009276722825,0.39887258116674,1769670195364
0.5,0.4383109035365,0.74255073718201,0.39887258116674,1769670195381
0.5,0.4383109035365,0.78183444724793,0.39887258116674,1769670195397
0.5,0.4383109035365,0.84737991153301,0.39887258116674,1769670195414
0.5,0.4383109035365,0.88013399971403,0.39887258116674,1769670195431
0.5,0.4383109035365,0.92611816699755,0.39887258116674,1769670195447
0.5,0.4383109035365,0.93921273701952,0.39887258116674,1769670195464
0.5,0.4383109035365,0.94577677868867,0.39887258116674,1769670195521
0.5,0.4383109035365,0.95887134871064,0.39887258116674,1769670195544
0.5,0.4383109035365,0.96543513674521,0.39887258116674,1769670195599
0.5,0.4383109035365,1,0.39887258116674,1769670195614
0.5,0.4383109035365,1,0.39887258116674,1769670195631
0.5,0.4383109035365,1,0.39887258116674,1769670195647
0.5,0.4383109035365,1,0.39887258116674,1769670195664
0.5,0.4383109035365,1,0.39887258116674,1769670195681
0.5,0.4383109035365,1,0.39887258116674,1769670195697
0.5,0.4383109035365,1,0.39887258116674,1769670195714
0.5,0.4383109035365,1,0.39887258116674,1769670195731
0.5,0.4383109035365,1,0.39887258116674,1769670195747
0.5,0.4383109035365,1,0.39887258116674,1769670195764
0.5,0.4383109035365,1,0.39887258116674,1769670195781
0.5,0.4383109035365,1,0.39887258116674,1769670195797
0.5,0.4383109035365,1,0.39887258116674,1769670195814
0.5,0.4383109035365,0.98690542997803,0.39887258116674,1769670196019
0.5,0.4383109035365,0.97381085995605,0.39887258116674,1769670196031
0.5,0.4383109035365,0.93459476899886,0.39887258116674,1769670196047
0.5,0.4383109035365,0.88878131206731,0.39887258116674,1769670196064
0.5,0.4383109035365,0.8364763230207,0.39887258116674,1769670196081
0.5,0.4383109035365,0.73988593558945,0.39887258116674,1769670196097
0.5,0.4383109035365,0.62427565502905,0.39887258116674,1769670196114
0.5,0.4383109035365,0.61118108500707,0.39887258116674,1769670196131
0.5,0.4383109035365,0.6046566507002,0.39887258116674,1769670196337
0.5,0.4383109035365,0.58503813452696,0.39887258116674,1769670196347
0.5,0.4383109035365,0.50738900398003,0.39887258116674,1769670196364
0.5,0.4383109035365,0.33604572862226,0.39887258116674,1769670196381
0.5,0.4383109035365,0.17168709951208,0.39887258116674,1769670196397
0.5,0.4383109035365,0.15876678074778,0.39887258116674,1769670196414
0.5,0.4383109035365,0.15226363613725,0.39887258116674,1769670196431
0.5,0.4383109035365,0.16535820615922,0.39887258116674,1769670196462
0.5,0.4383109035365,0.21835844393788,0.39887258116674,1769670196470
0.5,0.4383109035365,0.31739168653513,0.39887258116674,1769670196481
0.5,0.4383109035365,0.66085652140987,0.39887258116674,1769670196497
0.5,0.4383109035365,1,0.39887258116674,1769670196514
0.5,0.4383109035365,1,0.39887258116674,1769670196531
0.5,0.4383109035365,1,0.39887258116674,1769670196547
0.5,0.4383109035365,1,0.39887258116674,1769670196564
0.5,0.4383109035365,1,0.39887258116674,1769670196581
0.5,0.4383109035365,1,0.39887258116674,1769670197129
0.5,0.4383109035365,0.99346886931929,0.39887258116674,1769670197145
0.5,0.4383109035365,0.98043955868266,0.39887258116674,1769670206819
0.5,0.4383109035365,0.98050481482653,0.39887258116674,1769670206835
0.5,0.4383109035365,0.97397392504686,0.39887258116674,1769670206851
0.5,0.4383109035365,0.96094559737345,0.39887258116674,1769670206897
0.5,0.4383109035365,0.94132055758111,0.39887258116674,1769670206913
0.5,0.4383109035365,0.89564653298006,0.39887258116674,1769670206930
0.5,0.4383109035365,0.83673928609317,0.39887258116674,1769670206947
0.5,0.4383109035365,0.80402170620736,0.39887258116674,1769670206963
0.5,0.4383109035365,0.72545428607552,0.39887258116674,1769670206980
0.5,0.4383109035365,0.60769426694892,0.39887258116674,1769670206997
0.5,0.4383109035365,0.52922624728075,0.39887258116674,1769670207013
0.5,0.4383109035365,0.48363140574828,0.39887258116674,1769670207030
0.5,0.4383109035365,0.43782820492161,0.39887258116674,1769670207047
0.5,0.4383109035365,0.42473363489964,0.39887258116674,1769670207064
0.5,0.4383109035365,0.41821486951934,0.39887258116674,1769670207097
0.5,0.4383109035365,0.42479042678784,0.39887258116674,1769670207279
0.5,0.4383109035365,0.43788499680981,0.39887258116674,1769670207311
0.5,0.4383109035365,0.44445983908276,0.39887258116674,1769670207347
0.5,0.4383109035365,0.45755440910474,0.39887258116674,1769670207367
0.5,0.4383109035365,0.46412857167762,0.39887258116674,1769670207381
0.5,0.4383109035365,0.47070251448736,0.39887258116674,1769670207493
0.5,0.4383109035365,0.49689165453131,0.39887258116674,1769670207501
0.5,0.4383109035365,0.51655872898856,0.39887258116674,1769670207547
0.5,0.4383109035365,0.53622523305049,0.39887258116674,1769670207841
0.5,0.4383109035365,0.54279698219583,0.39887258116674,1769670207857
0.5,0.4383109035365,0.5558915522178,0.39887258116674,1769670207913
0.5,0.4383109035365,0.61483972260574,0.39887258116674,1769670207931
0.5,0.4383109035365,0.62793429262772,0.39887258116674,1769670207947
0.5,0.4383109035365,0.62140945735158,0.39887258116674,1769670208119
0.5,0.4383109035365,0.61488477655555,0.39887258116674,1769670208130
0.5,0.4383109035365,0.6083602523766,0.39887258116674,1769670208147
0.5,0.4383109035365,0.59526568235463,0.39887258116674,1769670208163
0.5,0.4383109035365,0.58217111233266,0.39887258116674,1769670208180
0.5,0.4383109035365,0.57564740730258,0.39887258116674,1769670208197
0.5,0.4383109035365,0.55602965239664,0.39887258116674,1769670208213
0.5,0.4383109035365,0.54950664558525,0.39887258116674,1769670208230
0.5,0.4383109035365,0.54298381949254,0.39887258116674,1769670208313
0.5,0.4383109035365,0.53646117682395,0.39887258116674,1769670211635
0.5,0.4383109035365,0.52993872034603,0.39887258116674,1769670211647
0.5,0.4383109035365,0.49075905115696,0.39887258116674,1769670211663
0.5,0.4383109035365,0.43186149704556,0.39887258116674,1769670211680
0.5,0.4383109035365,0.35329407691372,0.39887258116674,1769670211696
0.5,0.4383109035365,0.27486763620139,0.39887258116674,1769670211713
0.5,0.4383109035365,0.14410154165276,0.39887258116674,1769670211730
0.5,0.4383109035365,0.00717553715258,0.39887258116674,1769670211746
0.5,0.4383109035365,0,0.39887258116674,1769670211763
0.5,0.4383109035365,0,0.39887258116674,1769670211780
0.5,0.4383109035365,0,0.39887258116674,1769670211796
0.5,0.4383109035365,0,0.39887258116674,1769670211813
0.5,0.4383109035365,0,0.39887258116674,1769670211830
0.5,0.4383109035365,0,0.39887258116674,1769670211846
0.5,0.4383109035365,0,0.39887258116674,1769670211863
0.5,0.4383109035365,0,0.39887258116674,1769670211880
0.5,0.4383109035365,0,0.39887258116674,1769670211896
0.5,0.4383109035365,0,0.39887258116674,1769670211913
0.5,0.4383109035365,0,0.39887258116674,1769670211930
0.5,0.4383109035365,0,0.39887258116674,1769670211946
0.5,0.4383109035365,0,0.39887258116674,1769670211963
0.5,0.4383109035365,0.00661034092335,0.39887258116674,1769670213077
0.5,0.4383109035365,0.01321947908527,0.39887258116674,1769670222313
0.5,0.4383109035365,0.01982745971397,0.39887258116674,1769670222329
0.5,0.4383109035365,0.03292202973594,0.39887258116674,1769670222346
0.5,0.4383109035365,0.05932957017023,0.39887258116674,1769670222363
0.5,0.4383109035365,0.09211637659609,0.39887258116674,1769670222379
0.5,0.4383109035365,0.111806384218,0.39887258116674,1769670222396
0.5,0.4383109035365,0.13149435211036,0.39887258116674,1769670222413
0.5,0.4383109035365,0.15785806589513,0.39887258116674,1769670222429
0.5,0.4383109035365,0.16444841073673,0.39887258116674,1769670222446
0.5,0.4383109035365,0.18413168756155,0.39887258116674,1769670222463
0.5,0.4383109035365,0.1907198735854,0.39887258116674,1769670222479
0.5,0.4383109035365,0.19730755180187,0.39887258116674,1769670222496
0.5,0.4383109035365,0.21040212182384,0.39887258116674,1769670222513
0.5,0.4383109035365,0.23008202018314,0.39887258116674,1769670222529
0.5,0.4383109035365,0.28904202440829,0.39887258116674,1769670222546
0.5,0.4383109035365,0.34825066730962,0.39887258116674,1769670222563
0.5,0.4383109035365,0.44002352481647,0.39887258116674,1769670222579
0.5,0.4383109035365,0.47278653875071,0.39887258116674,1769670222596
0.5,0.4383109035365,0.52526467798902,0.39887258116674,1769670222613
0.5,0.4383109035365,0.58421360292106,0.39887258116674,1769670222629
0.5,0.4383109035365,0.63006684598842,0.39887258116674,1769670222646
0.5,0.4383109035365,0.63663622830586,0.39887258116674,1769670223142
0.5,0.4383109035365,0.62354165828388,0.39887258116674,1769670223179
0.5,0.4383109035365,0.61701692677316,0.39887258116674,1769670223196
0.5,0.4383109035365,0.60392235675118,0.39887258116674,1769670223213
0.5,0.4383109035365,0.59082778672921,0.39887258116674,1769670226761
0.5,0.4383109035365,0.57773321670724,0.39887258116674,1769670226769
0.5,0.4383109035365,0.57120962736598,0.39887258116674,1769670226779
0.5,0.4383109035365,0.56468621015998,0.39887258116674,1769670226801
0.5,0.4383109035365,0.5581629676038,0.39887258116674,1769670226812
0.5,0.4383109035365,0.54516599429237,0.39887258116674,1769670226829
0.5,0.4383109035365,0.5320714242704,0.39887258116674,1769670226849
0.5,0.4383109035365,0.51897685424843,0.39887258116674,1769670226865
0.5,0.4383109035365,0.51245491103162,0.39887258116674,1769670226879
0.5,0.4383109035365,0.49936034100965,0.39887258116674,1769670226896
0.5,0.4383109035365,0.48626577098768,0.39887258116674,1769670226912
0.5196669825573,0.4383109035365,0.48626577098768,0.39887258116674,1769670231102
0.53276155257928,0.4383109035365,0.48626577098768,0.39887258116674,1769670231112
0.56552182325011,0.4383109035365,0.48626577098768,0.39887258116674,1769670231129
0.61155699237012,0.4383109035365,0.48626577098768,0.39887258116674,1769670231145
0.65758267618408,0.4383109035365,0.48626577098768,0.39887258116674,1769670231162
0.72338010644155,0.4383109035365,0.48626577098768,0.39887258116674,1769670231179
0.77575838652944,0.4383109035365,0.48626577098768,0.39887258116674,1769670231196
0.79541923035719,0.4383109035365,0.48626577098768,0.39887258116674,1769670231212
0.87512230406582,0.4383109035365,0.48626577098768,0.39887258116674,1769670231229
0.91468082935425,0.4383109035365,0.48626577098768,0.39887258116674,1769670231245
0.9278433804861,0.4383109035365,0.48626577098768,0.39887258116674,1769670231262
0.93440757243235,0.4383109035365,0.48626577098768,0.39887258116674,1769670231356
0.96716047861632,0.4383109035365,0.48626577098768,0.39887258116674,1769670231363
0.99341423982235,0.4383109035365,0.48626577098768,0.39887258116674,1769670231379
1,0.4383109035365,0.48626577098768,0.39887258116674,1769670231396
1,0.4383109035365,0.48626577098768,0.39887258116674,1769670231412
1,0.4383109035365,0.48626577098768,0.39887258116674,1769670231429
1,0.4383109035365,0.48626577098768,0.39887258116674,1769670231446
1,0.4383109035365,0.48626577098768,0.39887258116674,1769670231462
1,0.4383109035365,0.48626577098768,0.39887258116674,1769670231479
1,0.4383109035365,0.48626577098768,0.39887258116674,1769670231495
1,0.4383109035365,0.48626577098768,0.39887258116674,1769670231512
1,0.4383109035365,0.48626577098768,0.39887258116674,1769670231529
1,0.4383109035365,0.48626577098768,0.39887258116674,1769670231546
1,0.4383109035365,0.48626577098768,0.39887258116674,1769670231562
1,0.4383109035365,0.48626577098768,0.39887258116674,1769670231579
1,0.4383109035365,0.48626577098768,0.39887258116674,1769670231596
1,0.4383109035365,0.48626577098768,0.39887258116674,1769670231612
1,0.4383109035365,0.48626577098768,0.39887258116674,1769670231629
1,0.4383109035365,0.48626577098768,0.39887258116674,1769670231645
1,0.4383109035365,0.48626577098768,0.39887258116674,1769670231662
1,0.4383109035365,0.48626577098768,0.39887258116674,1769670231679
1,0.4383109035365,0.48626577098768,0.39887258116674,1769670231695
0.99346886931929,0.4383109035365,0.48626577098768,0.39887258116674,1769670247016
0.98693781855098,0.4383109035365,0.48626577098768,0.39887258116674,1769670247028
0.97390883395373,0.4383109035365,0.48626577098768,0.39887258116674,1769670247045
0.95441678473538,0.4383109035365,0.48626577098768,0.39887258116674,1769670247061
0.9218340547553,0.4383109035365,0.48626577098768,0.39887258116674,1769670247078
0.86952705178593,0.4383109035365,0.48626577098768,0.39887258116674,1769670247095
0.8368089438525,0.4383109035365,0.48626577098768,0.39887258116674,1769670247111
0.81061980380856,0.4383109035365,0.48626577098768,0.39887258116674,1769670247128
0.77141370145808,0.4383109035365,0.48626577098768,0.39887258116674,1769670247145
0.71267256958452,0.4383109035365,0.48626577098768,0.39887258116674,1769670247161
0.6733888595186,0.4383109035365,0.48626577098768,0.39887258116674,1769670247178
0.60800709019921,0.4383109035365,0.48626577098768,0.39887258116674,1769670247195
0.57529425429018,0.4383109035365,0.48626577098768,0.39887258116674,1769670247211
0.4968301140795,0.4383109035365,0.48626577098768,0.39887258116674,1769670247228
0.40516812392569,0.4383109035365,0.48626577098768,0.39887258116674,1769670247245
0.31363866294549,0.4383109035365,0.48626577098768,0.39887258116674,1769670247261
0.22886718078225,0.4383109035365,0.48626577098768,0.39887258116674,1769670247278
0.2026780407383,0.4383109035365,0.48626577098768,0.39887258116674,1769670247295
0.20926482874109,0.4383109035365,0.48626577098768,0.39887258116674,1769670247578
0.22235939876307,0.4383109035365,0.48626577098768,0.39887258116674,1769670247596
0.22894480404881,0.4383109035365,0.48626577098768,0.39887258116674,1769670247628
0.24862349024846,0.4383109035365,0.48626577098768,0.39887258116674,1769670247645
0.2683009717491,0.4383109035365,0.48626577098768,0.39887258116674,1769670247662
0.30771843517352,0.4383109035365,0.48626577098768,0.39887258116674,1769670247678
0.34048666987544,0.4383109035365,0.48626577098768,0.39887258116674,1769670247695
0.36667580991939,0.4383109035365,0.48626577098768,0.39887258116674,1769670247711
0.37977037994136,0.4383109035365,0.48626577098768,0.39887258116674,1769670247728
0.38634744748174,0.4383109035365,0.48626577098768,0.39887258116674,1769670247745
0.39292424530835,0.4383109035365,0.48626577098768,0.39887258116674,1769670247775
0.39950077827312,0.4383109035365,0.48626577098768,0.39887258116674,1769670247791
0.40607705109805,0.4383109035365,0.48626577098768,0.39887258116674,1769670247807
0.41928554381559,0.4383109035365,0.48626577098768,0.39887258116674,1769670247845
0.43238011383757,0.4383109035365,0.48626577098768,0.39887258116674,1769670248022
0.43895515253909,0.4383109035365,0.48626577098768,0.39887258116674,1769670248037
0.45862407195279,0.4383109035365,0.48626577098768,0.39887258116674,1769670248078
0.46519819852217,0.4383109035365,0.48626577098768,0.39887258116674,1769670248095
0.47829276854414,0.4383109035365,0.48626577098768,0.39887258116674,1769670248111
0.49138733856612,0.4383109035365,0.48626577098768,0.39887258116674,1769670248128
0.50448190858809,0.4383109035365,0.48626577098768,0.39887258116674,1769670248145
0.51105457742137,0.4383109035365,0.48626577098768,0.39887258116674,1769670248161
0.52424912486121,0.4383109035365,0.48626577098768,0.39887258116674,1769670250999
0.53082121304912,0.4383109035365,0.48626577098768,0.39887258116674,1769670251015
0.55048731934222,0.4383109035365,0.48626577098768,0.39887258116674,1769670251031
0.5635818893642,0.4383109035365,0.48626577098768,0.39887258116674,1769670251044
0.58977102940814,0.4383109035365,0.48626577098768,0.39887258116674,1769670251061
0.62252987788273,0.4383109035365,0.48626577098768,0.39887258116674,1769670251078
0.6356244479047,0.4383109035365,0.48626577098768,0.39887258116674,1769670251094
0.65528798333759,0.4383109035365,0.48626577098768,0.39887258116674,1769670251111
0.71423400886795,0.4383109035365,0.48626577098768,0.39887258116674,1769670251128
0.77970685897781,0.4383109035365,0.48626577098768,0.39887258116674,1769670251144
0.85827427910965,0.4383109035365,0.48626577098768,0.39887258116674,1769670251161
0.91721698355678,0.4383109035365,0.48626577098768,0.39887258116674,1769670251178
1,0.4383109035365,0.48626577098768,0.39887258116674,1769670251195
1,0.4383109035365,0.48626577098768,0.39887258116674,1769670251211
1,0.4383109035365,0.48626577098768,0.39887258116674,1769670251228
1,0.4383109035365,0.48626577098768,0.39887258116674,1769670251245
1,0.4383109035365,0.48626577098768,0.39887258116674,1769670251261
1,0.4383109035365,0.48626577098768,0.39887258116674,1769670251278
1,0.4383109035365,0.48626577098768,0.39887258116674,1769670251295
1,0.4383109035365,0.48626577098768,0.39887258116674,1769670251311
1,0.4383109035365,0.48626577098768,0.39887258116674,1769670251328
1,0.4383109035365,0.48626577098768,0.39887258116674,1769670251344
1,0.4383109035365,0.48626577098768,0.39887258116674,1769670251361
1,0.4383109035365,0.48626577098768,0.39887258116674,1769670251378
1,0.4383109035365,0.48626577098768,0.40544887864043,1769670252481
1,0.4383109035365,0.48626577098768,0.4185434486624,1769670252494
1,0.4383109035365,0.48626577098768,0.43821308408018,1769670252511
1,0.4383109035365,0.48626577098768,0.51025862697434,1769670252528
1,0.4383109035365,0.48626577098768,0.64129229712704,1769670252544
1,0.4383109035365,0.48626577098768,0.85109498962703,1769670252561
1,0.4383109035365,0.48626577098768,1,1769670252578
1,0.4383109035365,0.48626577098768,1,1769670252594
1,0.4383109035365,0.48626577098768,1,1769670252611
1,0.4383109035365,0.48626577098768,1,1769670252628
1,0.4383109035365,0.48626577098768,1,1769670252644
1,0.4383109035365,0.48626577098768,1,1769670252661
1,0.4383109035365,0.48626577098768,1,1769670252678
1,0.4383109035365,0.48626577098768,1,1769670252694
1,0.4383109035365,0.48626577098768,1,1769670252711
1,0.4383109035365,0.48626577098768,1,1769670252728
1,0.4383109035365,0.48626577098768,1,1769670252745
1,0.4383109035365,0.48626577098768,1,1769670252761
1,0.4383109035365,0.48626577098768,1,1769670252778
1,0.4383109035365,0.48626577098768,1,1769670252794
1,0.4383109035365,0.48626577098768,1,1769670252878
1,0.4383109035365,0.48626577098768,0.99346886931929,1769670254215
1,0.4383109035365,0.48626577098768,0.98037429929731,1769670254240
1,0.4383109035365,0.48626577098768,0.97384341115464,1769670254248
1,0.4383109035365,0.48626577098768,0.94772119731839,1769670254261
1,0.4383109035365,0.48626577098768,0.89534291723049,1769670254278
1,0.4383109035365,0.48626577098768,0.77756896471108,1769670254295
1,0.4383109035365,0.48626577098768,0.59433740744675,1769670254311
1,0.4383109035365,0.48626577098768,0.39163770225168,1769670254328
1,0.4383109035365,0.48626577098768,0.14943255612157,1769670254344
1,0.4383109035365,0.48626577098768,0,1769670254361
1,0.4383109035365,0.48626577098768,0,1769670254378
1,0.4383109035365,0.48626577098768,0,1769670254394
1,0.4383109035365,0.48626577098768,0,1769670254411
1,0.4383109035365,0.48626577098768,0,1769670254428
1,0.4383109035365,0.48626577098768,0,1769670254444
1,0.4383109035365,0.48626577098768,0,1769670254461
1,0.4383109035365,0.48626577098768,0,1769670254478
1,0.4383109035365,0.48626577098768,0,1769670254494
1,0.4383109035365,0.48626577098768,0.00661034092335,1769670256250
1,0.4383109035365,0.48626577098768,0.01321947908527,1769670256261
1,0.4383109035365,0.48626577098768,0.03291985970527,1769670256277
1,0.4383109035365,0.48626577098768,0.0724149230322,1769670256294
1,0.4383109035365,0.48626577098768,0.13138661168232,1769670256311
1,0.4383109035365,0.48626577098768,0.19035310644158,1769670256328
1,0.4383109035365,0.48626577098768,0.3278785079035,1769670256344
1,0.4383109035365,0.48626577098768,0.52439701841041,1769670256361
1,0.4383109035365,0.48626577098768,0.92379845369788,1769670256378
1,0.4383109035365,0.48626577098768,1,1769670256394
1,0.4383109035365,0.48626577098768,1,1769670256411
1,0.4383109035365,0.48626577098768,1,1769670256427
1,0.4383109035365,0.48626577098768,1,1769670256444
1,0.4383109035365,0.48626577098768,1,1769670256461
1,0.4383109035365,0.48626577098768,1,1769670256477
1,0.4383109035365,0.48626577098768,1,1769670256494
1,0.4383109035365,0.48626577098768,0.98037446031792,1769670256576
1,0.4383109035365,0.48626577098768,0.95425190701032,1769670256584
1,0.44488573072781,0.48626577098768,0.95425190701032,1769670257812
1,0.45808863707808,0.48626577098768,0.95425190701032,1769670257828
1,0.49105908735405,0.48626577098768,0.95425190701032,1769670257844
1,0.51072633608096,0.48626577098768,0.95425190701032,1769670257861
1,0.56967563710374,0.48626577098768,0.95425190701032,1769670257877
1,0.62214365028779,0.48626577098768,0.95425190701032,1769670257894
1,0.66799605060851,0.48626577098768,0.95425190701032,1769670257911
1,0.77947325589514,0.48626577098768,0.95425190701032,1769670257927
1,0.93687810788297,0.48626577098768,0.95425190701032,1769670257944
1,1,0.48626577098768,0.95425190701032,1769670257961
1,1,0.48626577098768,0.95425190701032,1769670257978
1,1,0.48626577098768,0.95425190701032,1769670257994
1,1,0.48626577098768,0.95425190701032,1769670258011
1,1,0.48626577098768,0.95425190701032,1769670258027
1,1,0.48626577098768,0.95425190701032,1769670258044
1,1,0.48626577098768,0.95425190701032,1769670258061
1,1,0.48626577098768,0.95425190701032,1769670258077
1,1,0.48626577098768,0.95425190701032,1769670258094
1,1,0.48626577098768,0.95425190701032,1769670258111
1,1,0.48626577098768,0.95425190701032,1769670258127
1,1,0.48626577098768,0.95425190701032,1769670258144
1,1,0.48626577098768,0.95425190701032,1769670258168
1,0.98037446031792,0.48626577098768,0.95425190701032,1769670258230
1,0.95418532027397,0.48626577098768,0.95425190701032,1769670258244
1,0.88871247016411,0.48626577098768,0.95425190701032,1769670258254
1,0.88871247016411,0.49283899950486,0.95425190701032,1769670259648
1,0.88871247016411,0.51250619479547,0.95425190701032,1769670259661
1,0.88871247016411,0.58510993380196,0.95425190701032,1769670259678
1,0.88871247016411,0.67127061043391,0.95425190701032,1769670259694
1,0.88871247016411,0.80410224201169,0.95425190701032,1769670259711
1,0.88871247016411,0.94362779936983,0.95425190701032,1769670259728
1,0.88871247016411,1,0.95425190701032,1769670259744
1,0.88871247016411,1,0.95425190701032,1769670259761
1,0.88871247016411,1,0.95425190701032,1769670259778
1,0.88871247016411,1,0.95425190701032,1769670259794
1,0.88871247016411,1,0.95425190701032,1769670259814
1,0.88871247016411,0.99346886931929,0.95425190701032,1769670259926
1,0.88871247016411,0.98043955868266,0.95425190701032,1769670259941
1,0.88871247016411,0.96741090173721,0.95425190701032,1769670259949
1,0.88871247016411,0.94778577708497,0.95425190701032,1769670259961
1,0.88871247016411,0.89603530055872,0.95425190701032,1769670259977
1,0.88871247016411,0.85703971616606,0.95425190701032,1769670259994
1,0.88871247016411,0.77349467046493,0.95425190701032,1769670260011
1,0.88871247016411,0.59035395476616,0.95425190701032,1769670260028
1,0.88871247016411,0.10747694774846,0.95425190701032,1769670260044
1,0.88871247016411,0,0.95425190701032,1769670260061
1,0.88871247016411,0,0.95425190701032,1769670260077
1,0.88871247016411,0,0.95425190701032,1769670260094
1,0.88871247016411,0,0.95425190701032,1769670260111
1,0.88871247016411,0,0.95425190701032,1769670260127
1,0.88871247016411,0,0.95425190701032,1769670260144
1,0.88871247016411,0,0.95425190701032,1769670260161
1,0.88871247016411,0,0.95425190701032,1769670260177
1,0.88871247016411,0,0.95425190701032,1769670260194
1,0.88871247016411,0,0.95425190701032,1769670260211
1,0.88871247016411,0,0.95425190701032,1769670260234
1,0.88871247016411,0.01334196141265,0.95425190701032,1769670260306
1,0.88871247016411,0.03351003472898,0.95425190701032,1769670260314
1,0.88871247016411,0.06057074570691,0.95425190701032,1769670260327
1,0.88871247016411,0.1510692837767,0.95425190701032,1769670260344
1,0.88871247016411,0.31471931086502,0.95425190701032,1769670260361
1,0.88871247016411,0.53229241109493,0.95425190701032,1769670260377
1,0.88871247016411,1,0.95425190701032,1769670260394
1,0.88871247016411,1,0.95425190701032,1769670260411
1,0.88871247016411,1,0.95425190701032,1769670260427
1,0.88871247016411,1,0.95425190701032,1769670260444
1,0.88871247016411,1,0.95425190701032,1769670260461
1,0.88871247016411,1,0.95425190701032,1769670260477
1,0.88871247016411,1,0.95425190701032,1769670260494
1,0.88871247016411,1,0.95425190701032,1769670260511
1,0.88871247016411,0.99346886931929,0.95425190701032,1769670260614
1,0.88871247016411,0.97397457869745,0.95425190701032,1769670260627
1,0.88871247016411,0.92186953958585,0.95425190701032,1769670260644
1,0.88871247016411,0.85704506744954,0.95425190701032,1769670260661
1,0.88871247016411,0.6589512206741,0.95425190701032,1769670260677
1,0.88871247016411,0.12829441699138,0.95425190701032,1769670260694
1,0.88871247016411,0,0.95425190701032,1769670260711
1,0.88871247016411,0.00585749273303,0.95425190701032,1769670260727
1,0.88871247016411,0,0.95425190701032,1769670260744
1,0.88871247016411,0,0.95425190701032,1769670260761
1,0.88871247016411,0,0.95425190701032,1769670260777
1,0.88871247016411,0,0.95425190701032,1769670260794
1,0.88871247016411,0,0.95425190701032,1769670260811
1,0.88871247016411,0,0.95425190701032,1769670260836
1,0.88871247016411,0,0.95425190701032,1769670260877
1,0.88871247016411,0.05260049064698,0.95425190701032,1769670260927
1,0.88871247016411,0.14587535977957,0.95425190701032,1769670260944
1,0.88871247016411,0.31821354477359,0.95425190701032,1769670260961
1,0.88871247016411,0.57308419208161,0.95425190701032,1769670260977
1,0.88871247016411,1,0.95425190701032,1769670260994
1,0.88871247016411,1,0.95425190701032,1769670261011
1,0.88871247016411,1,0.95425190701032,1769670261027
1,0.88871247016411,1,0.95425190701032,1769670261044
1,0.88871247016411,1,0.95425190701032,1769670261061
1,0.88871247016411,1,0.95425190701032,1769670261077
1,0.88871247016411,1,0.95425190701032,1769670261094
1,0.88871247016411,1,0.95425190701032,1769670261111
1,0.88871247016411,1,0.95425190701032,1769670261127
1,0.88871247016411,0.98697036654559,0.95425190701032,1769670261208
1,0.88871247016411,0.95425058786897,0.95425190701032,1769670261215
1,0.88871247016411,0.92153124323592,0.95425190701032,1769670261227
1,0.88871247016411,0.81069587078928,0.95425190701032,1769670261244
1,0.88871247016411,0.60957307044469,0.95425190701032,1769670261261
1,0.88871247016411,0.34084737365907,0.95425190701032,1769670261277
1,0.88871247016411,0.03714538363671,0.95425190701032,1769670261294
1,0.88871247016411,0,0.95425190701032,1769670261311
1,0.88871247016411,0,0.95425190701032,1769670261327
1,0.88871247016411,0.07936030083353,0.95425190701032,1769670261344
1,0.88871247016411,0,0.95425190701032,1769670261361
1,0.88871247016411,0,0.95425190701032,1769670261377
1,0.88871247016411,0,0.95425190701032,1769670261394
1,0.88871247016411,0.01334196141265,0.95425190701032,1769670261502
1,0.88871247016411,0.03351003472898,0.95425190701032,1769670261511
1,0.88871247016411,0.11980877843811,0.95425190701032,1769670261527
1,0.88871247016411,0.22594668422229,0.95425190701032,1769670261544
1,0.88871247016411,0.26537360982689,0.95425190701032,1769670261561
1,0.88871247016411,0.39737604108847,0.95425190701032,1769670261577
1,0.88871247016411,0.60916602145656,0.95425190701032,1769670261594
1,0.88871247016411,0.83441975109661,0.95425190701032,1769670261611
1,0.88871247016411,1,0.95425190701032,1769670261627
1,0.88871247016411,1,0.95425190701032,1769670261644
1,0.88871247016411,1,0.95425190701032,1769670261661
1,0.88871247016411,1,0.95425190701032,1769670261677
1,0.88871247016411,1,0.95425190701032,1769670261694
1,0.88871247016411,1,0.95425190701032,1769670261711
1,0.88871247016411,1,0.95425190701032,1769670261727
1,0.88871247016411,0.98697036654559,0.95425190701032,1769670261866
1,0.88871247016411,0.96747681311665,0.95425190701032,1769670261877
1,0.88871247016411,0.90262841591519,0.95425190701032,1769670261894
1,0.88871247016411,0.72133863780384,0.95425190701032,1769670261911
1,0.88871247016411,0.41329072884932,0.95425190701032,1769670261927
1,0.88871247016411,0,0.95425190701032,1769670261944
1,0.88871247016411,0.08839293569785,0.95425190701032,1769670261960
1,0.88871247016411,0.3972777203509,0.95425190701032,1769670261977
1,0.88871247016411,0.09794571882902,0.95425190701032,1769670261994
1,0.88871247016411,0.14432697955045,0.95425190701032,1769670262011
1,0.88871247016411,0.00082356449098,0.95425190701032,1769670262027
1,0.88871247016411,0.0074337530211,0.95425190701032,1769670262888
1,0.88871247016411,0.02077052094887,0.95425190701032,1769670262896
1,0.88871247016411,0.04092814972447,0.95425190701032,1769670262911
1,0.88871247016411,0.17269405032699,0.95425190701032,1769670262927
1,0.88871247016411,0.76058301354351,0.95425190701032,1769670262944
1,0.88871247016411,1,0.95425190701032,1769670262961
1,0.88871247016411,1,0.95425190701032,1769670262977
1,0.88871247016411,1,0.95425190701032,1769670262994
1,0.88871247016411,1,0.95425190701032,1769670263011
1,0.88871247016411,1,0.95425190701032,1769670263027
1,0.88871247016411,1,0.95425190701032,1769670263044
1,0.88871247016411,1,0.95425190701032,1769670263061
1,0.88871247016411,1,0.95425190701032,1769670263077
1,0.88871247016411,1,0.95425190701032,1769670263094
1,0.88871247016411,1,0.95425190701032,1769670263111
1,0.88871247016411,1,0.95425190701032,1769670263127
1,0.88871247016411,1,0.95425190701032,1769670263144
1,0.88871247016411,1,0.95425190701032,1769670263160
1,0.88871247016411,1,0.95425190701032,1769670263177
1,0.88871247016411,1,0.95425190701032,1769670263418
1,0.88871247016411,1,0.95425190701032,1769670263427
1,0.88871247016411,1,0.95425190701032,1769670263444
1,0.88871247016411,1,0.95425190701032,1769670263460
1,0.88871247016411,1,0.95425190701032,1769670263477
1,0.88871247016411,1,0.95425190701032,1769670263494
1,0.88871247016411,1,0.95425190701032,1769670263510
1,0.88871247016411,1,0.95425190701032,1769670263527
1,0.88871247016411,1,0.95425190701032,1769670263544
1,0.88871247016411,1,0.95425190701032,1769670263575
1,0.88871247016411,1,0.95425190701032,1769670263584
1,0.88871247016411,1,0.95425190701032,1769670263594
1,0.88871247016411,1,0.95425190701032,1769670263610
1,0.88871247016411,1,0.95425190701032,1769670263720
1,0.88871247016411,0.98076596796943,0.95425190701032,1769670263728
1,0.88871247016411,0.91262241098166,0.95425190701032,1769670263744
1,0.88871247016411,0.77081278147891,0.95425190701032,1769670263761
1,0.88871247016411,0.58264147886821,0.95425190701032,1769670263777
1,0.88871247016411,0.39522685568886,0.95425190701032,1769670263795
1,0.88871247016411,0.23754260381535,0.95425190701032,1769670263811
1,0.88871247016411,0.13150340687012,0.95425190701032,1769670263827
1,0.88871247016411,0.05625278807412,0.95425190701032,1769670263844
1,0.88871247016411,0.03381901963349,0.95425190701032,1769670263860
1,0.88871247016411,0.04713899181859,0.95425190701032,1769670264012
1,0.88871247016411,0.05418438383555,0.95425190701032,1769670264027
1,0.88871247016411,0.0812016287159,0.95425190701032,1769670264044
1,0.88871247016411,0.10816820145684,0.95425190701032,1769670264060
1,0.88871247016411,0.13008192978098,0.95425190701032,1769670264077
1,0.88871247016411,0.17546829514543,0.95425190701032,1769670264094
1,0.88871247016411,0.20564887092393,0.95425190701032,1769670264110
1,0.88871247016411,0.23425994767359,0.95425190701032,1769670264127
1,0.88871247016411,0.25103390944647,0.95425190701032,1769670264144
1,0.88871247016411,0.25761746503759,0.95425190701032,1769670264161
1,0.88871247016411,0.26420062100405,0.95425190701032,1769670264177
1,0.88871247016411,0.26434408329718,0.95425190701032,1769670264290
1,0.88871247016411,0.25783305563811,0.95425190701032,1769670264330
1,0.88871247016411,0.278351540167,0.95425190701032,1769670264377
1,0.88871247016411,0.28521076718554,0.95425190701032,1769670264394
1,0.88871247016411,0.30569169543235,0.95425190701032,1769670264410
1,0.88871247016411,0.36710028500471,0.95425190701032,1769670264427
1,0.88871247016411,0.42943351789502,0.95425190701032,1769670264444
1,0.88871247016411,0.44263858158926,0.95425190701032,1769670264460
1,0.88871247016411,0.44921325646545,0.95425190701032,1769670264477
1,0.88871247016411,0.45578770313909,0.95425190701032,1769670264662
1,0.88871247016411,0.46888227316106,0.95425190701032,1769670264740
1,0.88871247016411,0.48197684318303,0.95425190701032,1769670264748
1,0.88871247016411,0.50816598322698,0.95425190701032,1769670264760
1,0.88871247016411,0.55402113298281,0.95425190701032,1769670264777
1,0.88871247016411,0.59330484304873,0.95425190701032,1769670264794
1,0.88871247016411,0.60639941307071,0.95425190701032,1769670264810
1,0.88871247016411,0.63258855311465,0.95425190701032,1769670264827
1,0.88871247016411,0.66534644020515,0.95425190701032,1769670264844
1,0.88871247016411,0.67191504700908,0.95425190701032,1769670265176
1,0.88871247016411,0.68509380314767,0.95425190701032,1769670265184
1,0.88871247016411,0.69166199917011,0.95425190701032,1769670265207
1,0.88871247016411,0.69823006204746,0.95425190701032,1769670265898
1,0.88871247016411,0.67860938775366,0.95425190701032,1769670265960
1,0.88871247016411,0.67208342096484,0.95425190701032,1769670265984
1,0.88871247016411,0.66555759345251,0.95425190701032,1769670265999
1,0.88871247016411,0.65246302343054,0.95425190701032,1769670266010
1,0.88871247016411,0.62627388338659,0.95425190701032,1769670266027
1,0.88871247016411,0.61326988772775,0.95425190701032,1769670266044
1,0.88871247016411,0.59365115469748,0.95425190701032,1769670266060
1,0.88871247016411,0.58712715557641,0.95425190701032,1769670266110
1,0.88871247016411,0.58060332267818,0.95425190701032,1769670266127
1,0.88871247016411,0.5740796583886,0.95425190701032,1769670266522
1,0.88871247016411,0.58717422841057,0.95425190701032,1769670266586
1,0.88871247016411,0.60026879843255,0.95425190701032,1769670266594
1,0.88871247016411,0.60683888110767,0.95425190701032,1769670266610
1,0.88871247016411,0.59383678403758,0.95425190701032,1769670266990
1,0.88871247016411,0.56802818823351,0.95425190701032,1769670266998
1,0.88871247016411,0.56150485588529,0.95425190701032,1769670269128
1,0.88871247016411,0.56160066012547,0.95425190701032,1769670269143
1,0.88871247016411,0.54217916232805,0.95425190701032,1769670269160
1,0.88871247016411,0.52276266359624,0.95425190701032,1769670269177
1,0.88871247016411,0.490676774689,0.95425190701032,1769670269193
1,0.88871247016411,0.46491735911999,0.95425190701032,1769670269210
1,0.88871247016411,0.42048088854747,0.95425190701032,1769670269227
1,0.88871247016411,0.37613176767262,0.95425190701032,1769670269244
1,0.88871247016411,0.33188144902045,0.95425190701032,1769670269260
1,0.88871247016411,0.24857437385905,0.95425190701032,1769670269277
1,0.88871247016411,0.11343833676897,0.95425190701032,1769670269294
1,0.88871247016411,0,0.95425190701032,1769670269310
1,0.88871247016411,0,0.95425190701032,1769670269327
1,0.88871247016411,0,0.95425190701032,1769670269343
1,0.88871247016411,0,0.95425190701032,1769670269360
1,0.88871247016411,0,0.95425190701032,1769670269377
1,0.88871247016411,0,0.95425190701032,1769670269393
1,0.88871247016411,0,0.95425190701032,1769670269422
1,0.88871247016411,0,0.95425190701032,1769670269460
1,0.88871247016411,0,0.95425190701032,1769670269477
1,0.88871247016411,0,0.95425190701032,1769670269494
1,0.88871247016411,0,0.95425190701032,1769670269510
1,0.88871247016411,0,0.95425190701032,1769670269714
1,0.88871247016411,0.00661034092335,0.95425190701032,1769670292899
1,0.88871247016411,0.01970491094532,0.95425190701032,1769670292912
1,0.88871247016411,0.03279948096729,0.95425190701032,1769670292926
1,0.88871247016411,0.05249689155898,0.95425190701032,1769670292942
1,0.88871247016411,0.07219160368034,0.95425190701032,1769670292959
1,0.88871247016411,0.09838074372428,0.95425190701032,1769670292976
1,0.88871247016411,0.12456988376823,0.95425190701032,1769670292992
1,0.88871247016411,0.13116331450561,0.95425190701032,1769670293009
1,0.88871247016411,0.16394284317274,0.95425190701032,1769670293026
1,0.88871247016411,0.19013198321669,0.95425190701032,1769670293042
1,0.88871247016411,0.2229069423618,0.95425190701032,1769670293059
1,0.88871247016411,0.24258601469462,0.95425190701032,1769670293076
1,0.88871247016411,0.28845148160832,0.95425190701032,1769670293092
1,0.88871247016411,0.33431458041144,0.95425190701032,1769670293110
1,0.88871247016411,0.43277569041825,0.95425190701032,1769670293126
1,0.88871247016411,0.62446128729938,0.95425190701032,1769670293142
1,0.88871247016411,0.84968080662235,0.95425190701032,1769670293159
1,0.88871247016411,1,0.95425190701032,1769670293176
1,0.88871247016411,1,0.95425190701032,1769670293192
1,0.88871247016411,1,0.95425190701032,1769670293209
1,0.88871247016411,1,0.95425190701032,1769670293226
1,0.88871247016411,1,0.95425190701032,1769670293242
1,0.88871247016411,1,0.95425190701032,1769670293259
1,0.88871247016411,1,0.95425190701032,1769670293276
1,0.88871247016411,1,0.95425190701032,1769670295179
1,0.88871247016411,1,0.95425190701032,1769670295194
1,0.88871247016411,1,0.95425190701032,1769670295209
1,0.88871247016411,1,0.95425190701032,1769670295225
1,0.88871247016411,1,0.95425190701032,1769670295242
1,0.88871247016411,1,0.95425190701032,1769670295259
1,0.88871247016411,1,0.95425190701032,1769670295276
1,0.88871247016411,1,0.95425190701032,1769670295292
1,0.88871247016411,1,0.95425190701032,1769670295309
1,0.88871247016411,1,0.95425190701032,1769670295326
1,0.88871247016411,1,0.95425190701032,1769670295342
1,0.88871247016411,1,0.95425190701032,1769670295359
1,0.88871247016411,1,0.95425190701032,1769670295376
1,0.88871247016411,1,0.95425190701032,1769670295392
1,0.9083715866407,1,0.95425190701032,1769670297166
1,0.93456072668465,1,0.95425190701032,1769670297190
1,0.94112482951873,1,0.95425190701032,1769670297198
1,0.96091573804325,1,0.95425190701032,1769670297209
1,1,1,0.95425190701032,1769670297225
1,1,1,0.95425190701032,1769670297242
1,1,1,0.95425190701032,1769670297259
1,1,1,0.95425190701032,1769670297275
1,1,1,0.95425190701032,1769670297292
1,1,1,0.95425190701032,1769670297309
1,1,1,0.95425190701032,1769670297325
1,1,1,0.95425190701032,1769670297342
1,1,1,0.95425190701032,1769670297359
1,1,1,0.95425190701032,1769670297376
1,1,1,0.95425190701032,1769670297392
1,1,1,0.95425190701032,1769670297409
1,1,1,0.95425190701032,1769670297425
1,1,0.98690542997803,0.95425190701032,1769670314358
1,1,0.98037446031792,0.95425190701032,1769670314375
1,1,0.96727989029594,0.95425190701032,1769670314392
1,1,0.941090750252,0.95425190701032,1769670314408
1,1,0.88218281850661,0.95425190701032,1769670314424
1,1,0.84289910844069,0.95425190701032,1769670314441
1,1,0.7381425482649,0.95425190701032,1769670314458
1,1,0.60067251121373,0.95425190701032,1769670314474
1,1,0.39115939086216,0.95425190701032,1769670314491
1,1,0.18181272376048,0.95425190701032,1769670314508
1,1,0,0.95425190701032,1769670314525
1,1,0,0.95425190701032,1769670314541
1,1,0,0.95425190701032,1769670314558
1,1,0,0.95425190701032,1769670314575
1,1,0,0.95425190701032,1769670314591
1,1,0,0.95425190701032,1769670314608
1,1,0,0.95425190701032,1769670314625
1,1,0,0.95425190701032,1769670314641
1,1,0,0.95425190701032,1769670314658
1,1,0,0.95425190701032,1769670314675
1,0.99346886931929,0,0.95425190701032,1769670316981
1,0.98037429929731,0,0.95425190701032,1769670316991
1,0.96727972927534,0,0.95425190701032,1769670317008
1,0.90187628948203,0,0.95425190701032,1769670317024
1,0.83002198072688,0,0.95425190701032,1769670317041
1,0.7715814796347,0,0.95425190701032,1769670317058
1,0.63782551351622,0,0.95425190701032,1769670317074
1,0.49309410227208,0,0.95425190701032,1769670317091
1,0.30760354687826,0,0.95425190701032,1769670317108
1,0.00985272708145,0,0.95425190701032,1769670317125
1,0,0,0.95425190701032,1769670317141
1,0,0,0.95425190701032,1769670317158
1,0,0,0.95425190701032,1769670317174
1,0,0,0.95425190701032,1769670317191
1,0,0,0.95425190701032,1769670317208
1,0,0,0.95425190701032,1769670317224
1,0,0,0.95425190701032,1769670317241
1,0,0,0.95425190701032,1769670317258
1,0,0,0.95425190701032,1769670317274
1,0,0,0.95425190701032,1769670317291
1,0,0,0.94772135322143,1769670318827
1,0,0,0.92153221317748,1769670318841
1,0,0,0.87571894572742,1769670318858
1,0,0,0.80371766081494,1769670318874
1,0,0,0.50254255030956,1769670318891
1,0,0,0.29961057901835,1769670318908
1,0,0,0.11704867601822,1769670318924
1,0,0,0,1769670318941
1,0,0,0,1769670318958
1,0,0,0,1769670318974
1,0,0,0,1769670318991
1,0,0,0,1769670319008
1,0,0,0,1769670319024
1,0,0,0,1769670319041
1,0,0,0,1769670319058
1,0,0,0,1769670319074
0.98690542997803,0,0,0,1769670320625
0.98037446031792,0,0,0,1769670320641
0.93456037013875,0,0,0,1769670320658
0.90184129778887,0,0,0,1769670320674
0.82334800060396,0,0,0,1769670320691
0.78406429053805,0,0,0,1769670320708
0.66020534328172,0,0,0,1769670320724
0.4118688463025,0,0,0,1769670320741
0.06180241319369,0,0,0,1769670320757
0,0,0,0,1769670320774
0,0,0,0,1769670320791
0,0,0,0,1769670320807
0,0,0,0,1769670320824
0,0,0,0,1769670320841
0,0,0,0,1769670320858
0,0,0.01309457002197,0,1769670342919
0,0,0.03928371006592,0,1769670342927
0,0,0.05898020242635,0,1769670342940
0,0,0.14413979905454,0,1769670342956
0,0,0.24417053200038,0,1769670342973
0,0,0.57917704799425,0,1769670342990
0,0,1,0,1769670343006
0,0,1,0,1769670343023
0,0,1,0,1769670343040
0,0,1,0,1769670343056
0,0,1,0,1769670343073
0,0,1,0,1769670343090
0,0,1,0,1769670343106
0,0,1,0,1769670343123
0,0,1,0,1769670343140
0,0,1,0,1769670343156
0,0,1,0,1769670343173
0.01334196141265,0,1,0,1769670352104
0.01994992099835,0,1,0,1769670352111
0.03327842035465,0,1,0,1769670352123
0.08586127083944,0,1,0,1769670352139
0.15204117392581,0,1,0,1769670352156
0.27216204560052,0,1,0,1769670352173
0.41037587247854,0,1,0,1769670352189
0.56117910331565,0,1,0,1769670352206
0.70530192158248,0,1,0,1769670352222
0.86308186650412,0,1,0,1769670352239
0.96144013478532,0,1,0,1769670352256
1,0,1,0,1769670352273
1,0,1,0,1769670352289
1,0,1,0,1769670352306
1,0,1,0,1769670352323
1,0,1,0,1769670352339
1,0,1,0,1769670352356
1,0,1,0,1769670352373
1,0,1,0,1769670352389
1,0,1,0,1769670352406
1,0,1,0,1769670352423
1,0.00661034092335,1,0,1769670353901
1,0.02631179705984,1,0,1769670353939
1,0.04646190068466,1,0,1769670353956
1,0.09354997673971,1,0,1769670353972
1,0.17074160900081,1,0,1769670353989
1,0.26470176342531,1,0,1769670354006
1,0.34440863507284,1,0,1769670354023
1,0.43022542531175,1,0,1769670354039
1,0.5104201764113,1,0,1769670354056
1,0.60974374106943,1,0,1769670354072
1,0.69537945897096,1,0,1769670354089
1,0.79452030356223,1,0,1769670354106
1,0.90722439914947,1,0,1769670354122
1,1,1,0,1769670354139
1,1,1,0,1769670354156
1,1,1,0,1769670354173
1,1,1,0,1769670354189
1,1,1,0,1769670354206
1,1,1,0,1769670354222
1,1,1,0,1769670354239
1,1,1,0,1769670354256
1,1,1,0,1769670354272
1,1,1,0,1769670354289
1,1,1,0,1769670354306
1,1,1,0.01334196141265,1769670355833
1,1,1,0.02667475457472,1769670355841
1,1,1,0.03976932459669,1769670355856
1,1,1,0.07926087926901,1769670355872
1,1,1,0.28642554920594,1769670355889
1,1,1,0.4763232872543,1769670355906
1,1,1,0.67308264457658,1769670355922
1,1,1,0.85031212686793,1769670355939
1,1,1,1,1769670355956
1,1,1,1,1769670355972
1,1,1,1,1769670355989
1,1,1,1,1769670356006
1,1,1,1,1769670356022
1,1,1,1,1769670356039
1,1,1,1,1769670356056
1,1,1,1,1769670356072
1,1,1,1,1769670356089
1,1,1,1,1769670356106
1,1,1,1,1769670356122
1,1,1,1,1769670356139
1,1,1,1,1769670356156
1,1,1,1,1769670356172
1,1,1,1,1769670356189
1,1,1,0.99346886931929,1769670359413
1,1,1,0.98043955868266,1769670359429
1,1,1,0.96734498866069,1769670359439
1,1,1,0.95425041863872,1769670359456
1,1,1,0.94122311605282,1769670359472
1,1,1,0.92812854603085,1769670359489
1,1,1,0.89540956451328,1769670359506
1,1,1,0.8823149944913,1769670359522
1,1,1,0.84959668854254,1769670359539
1,1,1,0.79729423957646,1769670359556
1,1,1,0.77767167667667,1769670359572
1,1,1,0.75804946064065,1769670359589
1,1,1,0.75152193279576,1769670359611
1,1,1,0.7449945245485,1769670359623
1,1,1,0.7253729146737,1769670359639
1,1,1,0.68617330157709,1769670359656
1,1,1,0.64036431919861,1769670359672
1,1,1,0.60765067213969,1769670359689
1,1,1,0.59464849417501,1769670359706
1,1,1,0.58812446985048,1769670359722
1,1,1,0.57502989982851,1769670359739
1,1,1,0.56193532980653,1769670359756
1,1,1,0.54231795229155,1769670359772
1,1,1,0.53579532850224,1769670359789
1,1,1,0.49661492513922,1769670359806
1,1,1,0.49009367013357,1769670359822
1,1,1,0.47699910011159,1769670359839
1,1,1,0.47047848032953,1769670359856
1,1,1,0.45738391030756,1769670359872
1,1,1,0.44428934028559,1769670359897
1,1,1,0.43119477026361,1769670359905
1,1,1,0.40500563021967,1769670359922
1,1,1,0.38539359724328,1769670359939
1,1,1,0.35920445719934,1769670359955
1,1,1,0.33959445399087,1769670359972
1,1,1,0.32649988396889,1769670359989
1,1,1,0.31998540684687,1769670360006
1,1,1,0.30037737488528,1769670360022
1,1,1,0.30695813532403,1769670360261
1,1,1,0.31353855521048,1769670360272
1,1,1,0.32663312523245,1769670360289
1,1,1,0.3528222652764,1769670360306
1,1,1,0.37249448739175,1769670360322
1,1,1,0.3986836274357,1769670360339
1,1,1,0.45117119924953,1769670360355
1,1,1,0.47736033929347,1769670360372
1,1,1,0.49702800694874,1769670360389
1,0.98037446031792,1,0.49702800694874,1769670361830
1,0.96734580667138,1,0.49702800694874,1769670361839
1,0.8763218565907,1,0.49702800694874,1769670361856
1,0.72122144502133,1,0.49702800694874,1769670361872
1,0.54035413800135,1,0.49702800694874,1769670361889
1,0.38513111068582,1,0.49702800694874,1769670361905
1,0.26856330448421,1,0.49702800694874,1769670361922
1,0.24237416444026,1,0.49702800694874,1769670361939
1,0.18999588435237,1,0.49702800694874,1769670361955
1,0.18349007256082,1,0.49702800694874,1769670361972
1,0.14438586123161,1,0.49702800694874,1769670361989
1,0.13788406372851,1,0.49702800694874,1769670362005
1,0.11828966995558,1,0.49702800694874,1769670362022
1,0.1117905392478,1,0.49702800694874,1769670362043
1,0.11838527547266,1,0.49702800694874,1769670362153
1,0.12497932891471,1,0.49702800694874,1769670362161
1,0.13825573185005,1,0.49702800694874,1769670362172
1,0.16513332819538,1,0.49702800694874,1769670362189
1,0.2050543831001,1,0.49702800694874,1769670362205
1,0.2580128712728,1,0.49702800694874,1769670362222
1,0.32465943297536,1,0.49702800694874,1769670362239
1,0.37812308376832,1,0.49702800694874,1769670362256
1,0.41752098429669,1,0.49702800694874,1769670362272
1,0.42409656746553,1,0.49702800694874,1769670362289
1,0.44376600436589,1,0.49702800694874,1769670362306
1,0.45034063983799,1,0.49702800694874,1769670362322
1,0.47663563515299,1,0.49702800694874,1769670362339
1,0.49630332535609,1,0.49702800694874,1769670362355
1,0.50939789537806,1,0.49702800694874,1769670362372
1,0.52249246540004,1,0.49702800694874,1769670362549
1,0.52906460411072,1,0.49702800694874,1769670362557
1,0.53563655484949,1,0.49702800694874,1769670362605
1,0.54220832044351,1,0.49702800694874,1769670362622
1,0.55530289046548,1,0.49702800694874,1769670362639
1,0.55530289046548,0.98690542997803,0.49702800694874,1769670365757
1,0.55530289046548,0.98037446031792,0.49702800694874,1769670365772
1,0.55530289046548,0.93456037013875,0.49702800694874,1769670365788
1,0.55530289046548,0.86937269045492,0.49702800694874,1769670365805
1,0.55530289046548,0.80397522597618,0.49702800694874,1769670365822
1,0.55530289046548,0.75167596549132,0.49702800694874,1769670365838
1,0.55530289046548,0.69293838072964,0.49702800694874,1769670365855
1,0.55530289046548,0.60164324770055,0.49702800694874,1769670365872
1,0.55530289046548,0.48421169506595,0.49702800694874,1769670365888
1,0.55530289046548,0.36648308469678,0.49702800694874,1769670365905
1,0.55530289046548,0.33377878915342,0.49702800694874,1769670365922
1,0.55530289046548,0.32068421913145,0.49702800694874,1769670365938
1,0.55530289046548,0.29449507908751,0.49702800694874,1769670365955
1,0.55530289046548,0.28140050906553,0.49702800694874,1769670365972
1,0.55530289046548,0.25521136902159,0.49702800694874,1769670365988
1,0.55530289046548,0.24211679899961,0.49702800694874,1769670366005
1,0.55530289046548,0.24870091027783,0.49702800694874,1769670366210
1,0.55530289046548,0.27503099187726,0.49702800694874,1769670366222
1,0.55530289046548,0.3275390130549,0.49702800694874,1769670366239
1,0.55530289046548,0.4202256474713,0.49702800694874,1769670366255
1,0.55530289046548,0.43989522245141,0.49702800694874,1769670366272
1,0.55530289046548,0.51214354508899,0.49702800694874,1769670366289
1,0.55530289046548,0.53181017494509,0.49702800694874,1769670366305
1,0.55530289046548,0.57766469778666,0.49702800694874,1769670366322
1,0.55530289046548,0.61042383390451,0.49702800694874,1769670366338
1,0.55530289046548,0.62351840392648,0.49702800694874,1769670366355
1,0.55530289046548,0.63008793644087,0.49702800694874,1769670366372
0.99346886931929,0.55530289046548,0.63008793644087,0.49702800694874,1769670370312
0.98693781855098,0.55530289046548,0.63008793644087,0.49702800694874,1769670370327
0.97384324852901,0.55530289046548,0.63008793644087,0.49702800694874,1769670370343
0.95421804029516,0.55530289046548,0.63008793644087,0.49702800694874,1769670370355
0.90840430620705,0.55530289046548,0.63008793644087,0.49702800694874,1769670370372
0.8822151661631,0.55530289046548,0.63008793644087,0.49702800694874,1769670370389
0.82991059082143,0.55530289046548,0.63008793644087,0.49702800694874,1769670370405
0.7121414685731,0.55530289046548,0.63008793644087,0.49702800694874,1769670370422
0.66633191437394,0.55530289046548,0.63008793644087,0.49702800694874,1769670370438
0.64014277433,0.55530289046548,0.63008793644087,0.49702800694874,1769670370455
0.62704820430802,0.55530289046548,0.63008793644087,0.49702800694874,1769670370472
0.61395363428605,0.55530289046548,0.63008793644087,0.49702800694874,1769670370488
0.60085906426408,0.55530289046548,0.63008793644087,0.49702800694874,1769670370506
0.5877644942421,0.55530289046548,0.63008793644087,0.49702800694874,1769670370732
0.56814641539845,0.55530289046548,0.63008793644087,0.49702800694874,1769670370772
0.56162307988599,0.55530289046548,0.63008793644087,0.49702800694874,1769670370793
0.55509992022312,0.55530289046548,0.63008793644087,0.49702800694874,1769670370805
0.52891078017917,0.55530289046548,0.63008793644087,0.49702800694874,1769670370822
0.5092943619959,0.55530289046548,0.63008793644087,0.49702800694874,1769670370838
0.50277271224877,0.55530289046548,0.63008793644087,0.49702800694874,1769670370855
0.49625126402928,0.55530289046548,0.63008793644087,0.49702800694874,1769670370881
0.48973002052469,0.55530289046548,0.63008793644087,0.49702800694874,1769670370889
0.48320898499832,0.55530289046548,0.63008793644087,0.49702800694874,1769670370905
0.47668816079208,0.55530289046548,0.63008793644087,0.49702800694874,1769670370922
0.4635935907701,0.55530289046548,0.63008793644087,0.49702800694874,1769670370938
0.45707342323756,0.55530289046548,0.63008793644087,0.49702800694874,1769670371008
0.46364760203132,0.55530289046548,0.63008793644087,0.49702800694874,1769670371222
0.47022156079715,0.55530289046548,0.63008793644087,0.49702800694874,1769670371245
0.47679530311324,0.55530289046548,0.63008793644087,0.49702800694874,1769670371255
0.48988987313521,0.55530289046548,0.63008793644087,0.49702800694874,1769670371272
0.50298444315718,0.55530289046548,0.63008793644087,0.49702800694874,1769670371288
0.51607901317916,0.55530289046548,0.63008793644087,0.49702800694874,1769670371305
0.5357455308469,0.55530289046548,0.63008793644087,0.49702800694874,1769670371395
0.54231729339428,0.55530289046548,0.63008793644087,0.49702800694874,1769670371405
0.54888887360603,0.55530289046548,0.63008793644087,0.49702800694874,1769670371422
0.55546027418345,0.55530289046548,0.63008793644087,0.49702800694874,1769670371491
0.56203149776818,0.55530289046548,0.63008793644087,0.49702800694874,1769670371505
0.57522043571598,0.55530289046548,0.63008793644087,0.49702800694874,1769670371522
0.5817911423984,0.55530289046548,0.63008793644087,0.49702800694874,1769670371538
0.58836168210919,0.55530289046548,0.63008793644087,0.49702800694874,1769670371555
0.59493205721629,0.55530289046548,0.63008793644087,0.49702800694874,1769670371880
0.60150227003755,0.55530289046548,0.63008793644087,0.49702800694874,1769670372172
0.59497807397806,0.55530289046548,0.63008793644087,0.49702800694874,1769670372353
0.5884540413368,0.55530289046548,0.63008793644087,0.49702800694874,1769670372389
0.5688359443205,0.55530289046548,0.63008793644087,0.49702800694874,1769670372405
0.56231259037009,0.55530289046548,0.63008793644087,0.49702800694874,1769670372422
0.53019690723915,0.55530289046548,0.63008793644087,0.49702800694874,1769670372438
0.52367463224454,0.55530289046548,0.63008793644087,0.49702800694874,1769670372455
0.5171525490488,0.55530289046548,0.63008793644087,0.49702800694874,1769670372471
0.50405797902682,0.55530289046548,0.63008793644087,0.49702800694874,1769670372488
0.49753649084059,0.55530289046548,0.63008793644087,0.49702800694874,1769670372505
0.49101520673515,0.55530289046548,0.63008793644087,0.49702800694874,1769670372522
0.48449412995867,0.55530289046548,0.63008793644087,0.49702800694874,1769670372538
0.47797326383737,0.55530289046548,0.63008793644087,0.49702800694874,1769670373186
0.48454675539647,0.55530289046548,0.63008793644087,0.49702800694874,1769670373448
0.49112003800682,0.55530289046548,0.63008793644087,0.49702800694874,1769670373465
0.49769311498046,0.55530289046548,0.63008793644087,0.49702800694874,1769670373471
0.51736016567783,0.55530289046548,0.63008793644087,0.49702800694874,1769670373488
0.52393245318327,0.55530289046548,0.63008793644087,0.49702800694874,1769670373505
0.53712552152313,0.55530289046548,0.63008793644087,0.49702800694874,1769670373522
0.54369724555558,0.55530289046548,0.63008793644087,0.49702800694874,1769670373970
0.55026878782467,0.55530289046548,0.63008793644087,0.49702800694874,1769670374082
0.55684015101902,0.55530289046548,0.63008793644087,0.49702800694874,1769670374097
0.56341133776798,0.55530289046548,0.63008793644087,0.49702800694874,1769670374105
0.56341133776798,0.55530289046548,0.6169933664189,0.49702800694874,1769670388590
0.56341133776798,0.55530289046548,0.60389879639693,0.49702800694874,1769670388604
0.56341133776798,0.55530289046548,0.57780375669244,0.49702800694874,1769670388621
0.56341133776798,0.55530289046548,0.51233090658258,0.49702800694874,1769670388637
0.56341133776798,0.55530289046548,0.47962084687344,0.49702800694874,1769670388654
0.56341133776798,0.55530289046548,0.42735528075636,0.49702800694874,1769670388671
0.56341133776798,0.55530289046548,0.38155426790315,0.49702800694874,1769670388687
0.56341133776798,0.55530289046548,0.33575530742122,0.49702800694874,1769670388704
0.56341133776798,0.55530289046548,0.28995870081813,0.49702800694874,1769670388721
0.56341133776798,0.55530289046548,0.25725856838594,0.49702800694874,1769670388737
0.56341133776798,0.55530289046548,0.18527976335245,0.49702800694874,1769670388754
0.56341133776798,0.55530289046548,0.09361777319864,0.49702800694874,1769670388771
0.56341133776798,0.55530289046548,0.00221138697338,0.49702800694874,1769670388787
0.56341133776798,0.55530289046548,0,0.49702800694874,1769670388804
0.56341133776798,0.55530289046548,0,0.49702800694874,1769670388821
0.56341133776798,0.55530289046548,0,0.49702800694874,1769670388837
0.56341133776798,0.55530289046548,0,0.49702800694874,1769670388854
0.56341133776798,0.55530289046548,0,0.49702800694874,1769670388871
0.56341133776798,0.55530289046548,0,0.49702800694874,1769670388887
0.56341133776798,0.55530289046548,0,0.49702800694874,1769670388904
0.56341133776798,0.55530289046548,0,0.49702800694874,1769670388921
0.56341133776798,0.55530289046548,0,0.49702800694874,1769670388937
0.56341133776798,0.55530289046548,0,0.49702800694874,1769670388954
0.56341133776798,0.55530289046548,0,0.49702800694874,1769670388971
0.56341133776798,0.55530289046548,0,0.49050673889137,1769670390642
0.56341133776798,0.55530289046548,0,0.4774121688694,1769670390654
0.56341133776798,0.55530289046548,0,0.43812845880348,1769670390671
0.56341133776798,0.55530289046548,0,0.38575017871559,1769670390687
0.56341133776798,0.55530289046548,0,0.25495023219207,1769670390704
0.56341133776798,0.55530289046548,0,0.17655098358467,1769670390721
0.56341133776798,0.55530289046548,0,0.11767294465321,1769670390737
0.56341133776798,0.55530289046548,0,0.04616146103591,1769670390754
0.56341133776798,0.55530289046548,0,0.00090809651541,1769670390771
0.56341133776798,0.55530289046548,0,0,1769670390787
0.56341133776798,0.55530289046548,0,0,1769670390804
0.56341133776798,0.55530289046548,0,0,1769670390821
0.56341133776798,0.55530289046548,0,0,1769670390837
0.56341133776798,0.55530289046548,0,0,1769670390854
0.56341133776798,0.55530289046548,0,0,1769670390870
0.56341133776798,0.55530289046548,0,0,1769670390887
0.56341133776798,0.55530289046548,0,0,1769670390904
0.56341133776798,0.55530289046548,0,0,1769670390921
0.56341133776798,0.55530289046548,0,0,1769670390937
0.56341133776798,0.55530289046548,0,0,1769670390954
0.56341133776798,0.55530289046548,0,0,1769670390971
0.56341133776798,0.55530289046548,0,0,1769670390987
0.56341133776798,0.55530289046548,0,0,1769670391004
0.56341133776798,0.55530289046548,0,0,1769670391020
0.56341133776798,0.55530289046548,0,0,1769670391037
0.56341133776798,0.5553993632698,0,0,1769670392590
0.56341133776798,0.54887637380382,0,0,1769670392676
0.56341133776798,0.54235356531531,0,0,1769670392700
0.56341133776798,0.53583094051554,0,0,1769670392708
0.56341133776798,0.51621431513133,0,0,1769670392721
0.56341133776798,0.5096924549579,0,0,1769670392737
0.56341133776798,0.47040874489198,0,0,1769670392754
0.56341133776798,0.44432985818246,0,0,1769670392771
0.56341133776798,0.40504614811655,0,0,1769670392787
0.56341133776798,0.33957329800668,0,0,1769670392804
0.56341133776798,0.27424157261952,0,0,1769670392820
0.56341133776798,0.20226145706509,0,0,1769670392837
0.56341133776798,0.13678860695522,0,0,1769670392854
0.56341133776798,0.03909764409549,0,0,1769670392870
0.56341133776798,0,0,0,1769670392887
0.56341133776798,0,0,0,1769670392904
0.56341133776798,0,0,0,1769670392921
0.56341133776798,0,0,0,1769670392937
0.56341133776798,0,0,0,1769670392954
0.56341133776798,0,0,0,1769670392970
0.56998235064332,0,0,0,1769670397366
0.56345896610085,0,0,0,1769670397380
0.54384154606888,0,0,0,1769670397388
0.50466015077964,0,0,0,1769670397404
0.44576209687914,0,0,0,1769670397420
0.37377227396301,0,0,0,1769670397437
0.32797369045137,0,0,0,1769670397454
0.21670881360528,0,0,0,1769670397470
0.09236075084208,0,0,0,1769670397487
0,0,0,0,1769670397503
0,0,0,0,1769670397520
0,0,0,0,1769670397537
0,0,0,0,1769670397553
0,0,0,0,1769670397570
0,0,0,0,1769670397587
0,0,0,0,1769670397603
0,0,0,0,1769670397620
0,0,0,0,1769670397872
0.00661034092335,0,0,0,1769670397887
0.01321947908527,0,0,0,1769670399172
0.03291985970527,0,0,0,1769670399220
0.03952463342481,0,0,0,1769670399241
0.04612840651802,0,0,0,1769670399253
0.07252884046941,0,0,0,1769670399270
0.09871798051336,0,0,0,1769670399287
0.12509417603533,0,0,0,1769670399304
0.15128331607928,0,0,0,1769670399320
0.16437788610125,0,0,0,1769670399337
0.20366159616717,0,0,0,1769670399353
0.24294530623309,0,0,0,1769670399370
0.28236827787859,0,0,0,1769670399387
0.34132561306707,0,0,0,1769670399403
0.38060932313298,0,0,0,1769670399420
0.41337445269975,0,0,0,1769670399437
0.4395635927437,0,0,0,1769670399453
0.47884730280962,0,0,0,1769670399470
0.51160909502749,0,0,0,1769670399487
0.57055837286929,0,0,0,1769670399504
0.7080719395997,0,0,0,1769670399520
0.81290329818715,0,0,0,1769670399537
0.8587522732078,0,0,0,1769670399553
0.97007256270082,0,0,0,1769670399570
1,0,0,0,1769670399587
1,0,0,0,1769670399603
1,0,0,0,1769670399620
1,0,0,0,1769670399637
1,0,0,0,1769670399653
1,0,0,0,1769670399670
1,0,0,0,1769670399694
1,0,0,0,1769670399703
1,0,0,0,1769670399720
1,0,0,0,1769670399737
1,0,0,0,1769670399788
1,0,0,0,1769670399860
1,0,0,0,1769670399876
1,0,0.00661034092335,0,1769670400787
1,0,0.03986401243972,0,1769670400804
1,0,0.09883917509524,0,1769670400820
1,0,0.19066480566061,0,1769670400837
1,0,0.26272090079289,0,1769670400853
1,0,0.43974715920398,0,1769670400870
1,0,0.66373158020705,0,1769670400887
1,0,0.8874634331119,0,1769670400903
1,0,1,0,1769670400920
1,0,1,0,1769670400937
1,0,1,0,1769670400953
1,0,1,0,1769670400970
1,0,1,0,1769670400987
1,0.00661034092335,1,0,1769670404278
1,0.01321947908527,1,0,1769670404350
1,0.01982745971397,1,0,1769670404366
1,0.02643432552639,1,0,1769670404374
1,0.0330401169111,1,0,1769670404387
1,0.05318137321422,1,0,1769670404403
1,0.05978318393474,1,0,1769670404420
1,0.07308875661924,1,0,1769670404437
1,0.0863876403626,1,0,1769670404453
1,0.12641787196314,1,0,1769670404470
1,0.17263026595373,1,0,1769670404487
1,0.20572465862598,1,0,1769670404503
1,0.2655456260878,1,0,1769670404520
1,0.38193174269954,1,0,1769670404537
1,0.51063307094803,1,0,1769670404553
1,0.66382486790039,1,0,1769670404570
1,0.84976050083317,1,0,1769670404586
1,1,1,0,1769670404603
1,1,1,0,1769670404620
1,1,1,0,1769670404636
1,1,1,0,1769670404653
1,1,1,0,1769670404670
1,1,1,0,1769670404686
1,1,1,0,1769670404703
1,1,1,0,1769670404720
1,1,1,0,1769670404737
1,1,1,0,1769670404753
1,1,1,0,1769670404770
1,1,1,0.01970257212564,1769670406212
1,1,1,0.03940193479446,1769670406220
1,1,1,0.09359141267358,1769670406236
1,1,1,0.18075311819352,1769670406253
1,1,1,0.33523112515305,1769670406270
1,1,1,0.59578028441306,1769670406287
1,1,1,0.92994945762164,1769670406303
1,1,1,1,1769670406320
1,1,1,1,1769670406336
1,1,1,1,1769670406353
1,1,1,1,1769670406370