iTrial,neck_length,head_length,leg_length,tail_length,neck_angle,head_angle,leg_angle,tail_angle,timestamp
1,0.83333333333333,0.16666666666667,0.33333333333333,0.83333333333333,0.5,0.5,0.5,0.5,1727185512006
1,0.83333333333333,0.16666666666667,0.33333333333333,0.83333333333333,0.5,0.5,0.5,0.5,1727185512077
1,0.83333333333333,0.16666666666667,0.33333333333333,0.83333333333333,0.5,0.5,0.5,0.5,1727185512085
1,0.83333333333333,0.16666666666667,0.33333333333333,0.83333333333333,0.5,0.5,0.5,0.5,1727185512102
1,0.83333333333333,0.16666666666667,0.33333333333333,0.83333333333333,0.5,0.5,0.5,0.5,1727185512118
1,0.83333333333333,0.16666666666667,0.33333333333333,0.83333333333333,0.5,0.5,0.5,0.5,1727185512135
1,0.83333333333333,0.16666666666667,0.33333333333333,0.83333333333333,0.5,0.5,0.5,0.5,1727185512152
1,0.83333333333333,0.16666666666667,0.33333333333333,0.83333333333333,0.5,0.5,0.5,0.5,1727185512169
1,0.83333333333333,0.16666666666667,0.33333333333333,0.83333333333333,0.5,0.5,0.5,0.5,1727185512185
1,0.83333333333333,0.16666666666667,0.33333333333333,0.83333333333333,0.5,0.5,0.5,0.5,1727185512203
1,0.83333333333333,0.16666666666667,0.33333333333333,0.83333333333333,0.5,0.5,0.5,0.5,1727185512218
1,0.83333333333333,0.16666666666667,0.33333333333333,0.83333333333333,0.5,0.5,0.5,0.5,1727185512235
1,0.83333333333333,0.16666666666667,0.33333333333333,0.83333333333333,0.5,0.5,0.5,0.5,1727185512252
1,0.83333333333333,0.16666666666667,0.33333333333333,0.83333333333333,0.5,0.5,0.5,0.5,1727185512269
1,0.83333333333333,0.16666666666667,0.33333333333333,0.83333333333333,0.5,0.5,0.5,0.5,1727185512285
1,0.83333333333333,0.16666666666667,0.33333333333333,0.83333333333333,0.5,0.5,0.5,0.5,1727185512302
1,0.83333333333333,0.16666666666667,0.33333333333333,0.83333333333333,0.5,0.5,0.5,0.5,1727185512319
1,0.83333333333333,0.16666666666667,0.33333333333333,0.83333333333333,0.5,0.5,0.5,0.5,1727185512335
1,0.83333333333333,0.16666666666667,0.33333333333333,0.83333333333333,0.5,0.5,0.5,0.5,1727185512338
1,0.83333333333333,0.16666666666667,0.33333333333333,0.83333333333333,0.5,0.5,0.5,0.5,1727185512338
1,0.83333333333333,0.16666666666667,0.33333333333333,0.83333333333333,0.5,0.5,0.5,0.5,1727185513299
1,0.83333333333333,0.17056583499882,0.33333333333333,0.83333333333333,0.5,0.49999772891523,0.5,0.5,1727185513345
1,0.83333333333333,0.1744634131112,0.33333333333333,0.83333333333333,0.5,0.49999090412633,0.5,0.5,1727185513366
1,0.83333333333333,0.17836483734032,0.33333333333333,0.83333333333333,0.5,0.49999905430322,0.5,0.5,1727185513382
1,0.83333333333333,0.18225575370072,0.33333333333333,0.83333333333333,0.5,0.50000083741676,0.5,0.5,1727185513391
1,0.83333333333333,0.18615717796704,0.33333333333333,0.83333333333333,0.5,0.50000875313016,0.5,0.5,1727185513403
1,0.83333333333333,0.19005475604407,0.33333333333333,0.83333333333333,0.5,0.50000207250488,0.5,0.5,1727185513420
1,0.83333333333333,0.19794345265766,0.33333333333333,0.83333333333333,0.5,0.50000648053403,0.5,0.5,1727185513436
1,0.83333333333333,0.21642575161101,0.33333333333333,0.83333333333333,0.5,0.49999986928486,0.5,0.5,1727185513453
1,0.83333333333333,0.23746893762584,0.33333333333333,0.83333333333333,0.5,0.50000323155728,0.5,0.5,1727185513470
1,0.83333333333333,0.35877131409486,0.33333333333333,0.83333333333333,0.5,0.49999346894746,0.5,0.5,1727185513486
1,0.83333333333333,0.51714618292414,0.33333333333333,0.83333333333333,0.5,0.50000182186016,0.5,0.5,1727185513503
1,0.83333333333333,0.72422707726025,0.33333333333333,0.83333333333333,0.5,0.4999991872147,0.5,0.5,1727185513520
1,0.83333333333333,0.99999623657781,0.33333333333333,0.83333333333333,0.5,0.49999939804288,0.5,0.5,1727185513537
1,0.83333333333333,0.99999623657781,0.33333333333333,0.83333333333333,0.5,0.49999939804288,0.5,0.5,1727185513553
1,0.83333333333333,0.99999623657781,0.33333333333333,0.83333333333333,0.5,0.49999939804288,0.5,0.5,1727185513570
1,0.83333333333333,0.99999623657781,0.33333333333333,0.83333333333333,0.5,0.49999939804288,0.5,0.5,1727185513587
1,0.83333333333333,0.99999623657781,0.33333333333333,0.83333333333333,0.5,0.49999939804288,0.5,0.5,1727185513604
1,0.83333333333333,0.99999623657781,0.33333333333333,0.83333333333333,0.5,0.49999939804288,0.5,0.5,1727185513621
1,0.83333333333333,0.99999623657781,0.33333333333333,0.83333333333333,0.5,0.49999939804288,0.5,0.5,1727185513636
1,0.83333333333333,0.99999623657781,0.33333333333333,0.83333333333333,0.5,0.49999939804288,0.5,0.5,1727185513700
2,0.66666666666667,0.66666666666667,0.16666666666667,0.83333333333333,0.5,0.5,0.5,0.5,1727185518399
2,0.66666666666667,0.67053560873947,0.16666666666667,0.83333333333333,0.5,0.50000478000471,0.5,0.5,1727185518421
2,0.66666666666667,0.67440550931297,0.16666666666667,0.83333333333333,0.5,0.49999977270176,0.5,0.5,1727185518428
2,0.66666666666667,0.69543818743819,0.16666666666667,0.83333333333333,0.5,0.4999986645939,0.5,0.5,1727185518442
2,0.66666666666667,0.73753122119675,0.16666666666667,0.83333333333333,0.5,0.49999831615967,0.5,0.5,1727185518458
2,0.66666666666667,0.78625160073183,0.16666666666667,0.83333333333333,0.5,0.49999983044872,0.5,0.5,1727185518475
2,0.66666666666667,0.99999802625138,0.16666666666667,0.83333333333333,0.5,0.50000313241777,0.5,0.5,1727185518491
2,0.66666666666667,0.99999802625138,0.16666666666667,0.83333333333333,0.5,0.50000313241777,0.5,0.5,1727185518508
2,0.66666666666667,0.99999802625138,0.16666666666667,0.83333333333333,0.5,0.50000313241777,0.5,0.5,1727185518525
2,0.66666666666667,0.99999802625138,0.16666666666667,0.83333333333333,0.5,0.50000313241777,0.5,0.5,1727185518542
2,0.66666666666667,0.99999802625138,0.16666666666667,0.83333333333333,0.5,0.50000313241777,0.5,0.5,1727185518558
2,0.66666666666667,0.99999802625138,0.16666666666667,0.83333333333333,0.5,0.50000313241777,0.5,0.5,1727185518575
2,0.66666666666667,0.99999802625138,0.16666666666667,0.83333333333333,0.5,0.50000313241777,0.5,0.5,1727185518592
2,0.66666666666667,0.99999802625138,0.16666666666667,0.83333333333333,0.5,0.50000313241777,0.5,0.5,1727185518608
2,0.66666666666667,0.99999802625138,0.16666666666667,0.83333333333333,0.5,0.50000313241777,0.5,0.5,1727185518625
2,0.66666666666667,0.99999802625138,0.16666666666667,0.83333333333333,0.5,0.50000313241777,0.5,0.5,1727185518642
2,0.66666666666667,0.99999802625138,0.16666666666667,0.83333333333333,0.5,0.50000313241777,0.5,0.5,1727185518659
2,0.66666666666667,0.99999802625138,0.16666666666667,0.83333333333333,0.5,0.50000313241777,0.5,0.5,1727185518675
2,0.66666666666667,0.99999802625138,0.16666666666667,0.83333333333333,0.5,0.50000313241777,0.5,0.5,1727185518704
2,0.66666666666667,0.99999802625138,0.16666666666667,0.83333333333333,0.5,0.50000313241777,0.5,0.5,1727185519509
2,0.66666666666667,0.99999802625138,0.16666666666667,0.83333333333333,0.5,0.50000313241777,0.5,0.5,1727185520545
2,0.66666666666667,0.99999802625138,0.15944632473651,0.83333333333333,0.5,0.50000313241777,0.50000213014656,0.5,1727185520591
2,0.66666666666667,0.99999802625138,0.15222634506298,0.83333333333333,0.5,0.50000313241777,0.50000142199392,0.5,1727185520599
2,0.66666666666667,0.99999802625138,0.13780347345488,0.83333333333333,0.5,0.50000313241777,0.49999024166243,0.5,1727185520610
2,0.66666666666667,0.99999802625138,0.11349108223436,0.83333333333333,0.5,0.50000313241777,0.49998990815727,0.5,1727185520627
2,0.66666666666667,0.99999802625138,0.06760878814619,0.83333333333333,0.5,0.50000313241777,0.49998613947842,0.5,1727185520644
2,0.66666666666667,0.99999802625138,0.03888199470356,0.83333333333333,0.5,0.50000313241777,0.50002435145297,0.5,1727185520661
2,0.66666666666667,0.99999802625138,0.02179944246278,0.83333333333333,0.5,0.50000313241777,0.49999510813858,0.5,1727185520677
2,0.66666666666667,0.99999802625138,0.01198287129519,0.83333333333333,0.5,0.50000313241777,0.50002652556879,0.5,1727185520694
2,0.66666666666667,0.99999802625138,8.3502819e-07,0.83333333333333,0.5,0.50000313241777,0.49998072544152,0.5,1727185520711
2,0.66666666666667,0.99999802625138,8.3502819e-07,0.83333333333333,0.5,0.50000313241777,0.49998072544152,0.5,1727185520727
2,0.66666666666667,0.99999802625138,8.3502819e-07,0.83333333333333,0.5,0.50000313241777,0.49998072544152,0.5,1727185520744
2,0.66666666666667,0.99999802625138,8.3502819e-07,0.83333333333333,0.5,0.50000313241777,0.49998072544152,0.5,1727185520760
2,0.66666666666667,0.99999802625138,8.3502819e-07,0.83333333333333,0.5,0.50000313241777,0.49998072544152,0.5,1727185520796
2,0.66666666666667,0.99999802625138,8.3502819e-07,0.83333333333333,0.5,0.50000313241777,0.49998072544152,0.5,1727185521297
2,0.66666666666667,0.99999802625138,8.3502819e-07,0.83333333333333,0.5,0.50000313241777,0.49998072544152,0.5,1727185521368
2,0.66666666666667,0.99999802625138,8.3502819e-07,0.83333333333333,0.5,0.50000313241777,0.49998072544152,0.5,1727185521378
2,0.66666666666667,0.99999802625138,8.3502819e-07,0.83333333333333,0.5,0.50000313241777,0.49998072544152,0.5,1727185521395
2,0.66666666666667,0.99999802625138,8.3502819e-07,0.83333333333333,0.5,0.50000313241777,0.49998072544152,0.5,1727185521411
2,0.66666666666667,0.99999802625138,8.3502819e-07,0.83333333333333,0.5,0.50000313241777,0.49998072544152,0.5,1727185521428
2,0.66666666666667,0.99999802625138,8.3502819e-07,0.83333333333333,0.5,0.50000313241777,0.49998072544152,0.5,1727185521445
2,0.66666666666667,0.99999802625138,8.3502819e-07,0.83333333333333,0.5,0.50000313241777,0.49998072544152,0.5,1727185521462
2,0.66666666666667,0.99999802625138,8.3502819e-07,0.83333333333333,0.5,0.50000313241777,0.49998072544152,0.5,1727185521478
2,0.66666666666667,0.99999802625138,8.3502819e-07,0.83333333333333,0.5,0.50000313241777,0.49998072544152,0.5,1727185521495
2,0.66666666666667,0.99999802625138,8.3502819e-07,0.83333333333333,0.5,0.50000313241777,0.49998072544152,0.5,1727185521574
2,0.66666666666667,0.99999802625138,8.3502819e-07,0.83333333333333,0.5,0.50000313241777,0.49998072544152,0.5,1727185521588
3,0.16666666666667,0.5,0.0,0.16666666666667,0.5,0.5,0.5,0.5,1727185526603
3,0.16666666666667,0.50666838812206,0.0,0.16666666666667,0.5,0.49999874570187,0.5,0.5,1727185526713
3,0.16666666666667,0.5200366052961,0.0,0.16666666666667,0.5,0.49999949318809,0.5,0.5,1727185526720
3,0.16666666666667,0.5333943145873,0.0,0.16666666666667,0.5,0.49999678307522,0.5,0.5,1727185526733
3,0.16666666666667,0.59541038665925,0.0,0.16666666666667,0.5,0.49999657073684,0.5,0.5,1727185526750
3,0.16666666666667,0.66030793742777,0.0,0.16666666666667,0.5,0.50000295744789,0.5,0.5,1727185526766
3,0.16666666666667,0.77003776694977,0.0,0.16666666666667,0.5,0.49999898953084,0.5,0.5,1727185526783
3,0.16666666666667,0.96496028607289,0.0,0.16666666666667,0.5,0.49999940476601,0.5,0.5,1727185526800
3,0.16666666666667,1.00000236467313,0.0,0.16666666666667,0.5,0.50000121889018,0.5,0.5,1727185526817
3,0.16666666666667,1.00000236467313,0.0,0.16666666666667,0.5,0.50000121889018,0.5,0.5,1727185526833
3,0.16666666666667,1.00000236467313,0.0,0.16666666666667,0.5,0.50000121889018,0.5,0.5,1727185526850
3,0.16666666666667,1.00000236467313,0.0,0.16666666666667,0.5,0.50000121889018,0.5,0.5,1727185526867
3,0.16666666666667,1.00000236467313,0.0,0.16666666666667,0.5,0.50000121889018,0.5,0.5,1727185526883
3,0.16666666666667,1.00000236467313,0.0,0.16666666666667,0.5,0.50000121889018,0.5,0.5,1727185526900
3,0.16666666666667,1.00000236467313,0.0,0.16666666666667,0.5,0.50000121889018,0.5,0.5,1727185526917
3,0.16666666666667,1.00000236467313,0.0,0.16666666666667,0.5,0.50000121889018,0.5,0.5,1727185526934
3,0.16666666666667,1.00000236467313,0.0,0.16666666666667,0.5,0.50000121889018,0.5,0.5,1727185526951
3,0.16666666666667,1.00000236467313,0.0,0.16666666666667,0.5,0.50000121889018,0.5,0.5,1727185526967
3,0.16666666666667,1.00000236467313,0.0,0.16666666666667,0.5,0.50000121889018,0.5,0.5,1727185526983
3,0.16666666666667,1.00000236467313,0.0,0.16666666666667,0.5,0.50000121889018,0.5,0.5,1727185527005
3,0.16666666666667,1.00000236467313,0.0,0.16666666666667,0.5,0.50000121889018,0.5,0.5,1727185527005
4,0.83333333333333,0.66666666666667,0.0,0.5,0.5,0.5,0.5,0.5,1727185531087
4,0.83333333333333,0.67445241293349,0.0,0.5,0.5,0.50000238394231,0.5,0.5,1727185531164
4,0.83333333333333,0.6954850910557,0.0,0.5,0.5,0.50000121780138,0.5,0.5,1727185531171
4,0.83333333333333,0.72704935479792,0.0,0.5,0.5,0.49999530003441,0.5,0.5,1727185531188
4,0.83333333333333,0.76914623469889,0.0,0.5,0.5,0.50000134336751,0.5,0.5,1727185531204
4,0.83333333333333,0.84287605683,0.0,0.5,0.5,0.49999784994907,0.5,0.5,1727185531221
4,0.83333333333333,0.95485668963886,0.0,0.5,0.5,0.49999987215773,0.5,0.5,1727185531238
4,0.83333333333333,0.99999623657781,0.0,0.5,0.5,0.49999939804288,0.5,0.5,1727185531254
4,0.83333333333333,0.99999623657781,0.0,0.5,0.5,0.49999939804288,0.5,0.5,1727185531271
4,0.83333333333333,0.99999623657781,0.0,0.5,0.5,0.49999939804288,0.5,0.5,1727185531288
4,0.83333333333333,0.99999623657781,0.0,0.5,0.5,0.49999939804288,0.5,0.5,1727185531305
4,0.83333333333333,0.99999623657781,0.0,0.5,0.5,0.49999939804288,0.5,0.5,1727185531321
4,0.83333333333333,0.99999623657781,0.0,0.5,0.5,0.49999939804288,0.5,0.5,1727185531338
4,0.83333333333333,0.99999623657781,0.0,0.5,0.5,0.49999939804288,0.5,0.5,1727185531355
4,0.83333333333333,0.99999623657781,0.0,0.5,0.5,0.49999939804288,0.5,0.5,1727185531371
4,0.83333333333333,0.99999623657781,0.0,0.5,0.5,0.49999939804288,0.5,0.5,1727185531377
4,0.83333333333333,0.99999623657781,0.0,0.5,0.5,0.49999939804288,0.5,0.5,1727185531377
5,0.16666666666667,0.5,0.16666666666667,0.33333333333333,0.5,0.5,0.5,0.5,1727185535849
5,0.17718558284351,0.5,0.16666666666667,0.33333333333333,0.50000124860918,0.5,0.5,0.5,1727185535894
5,0.21450895781835,0.5,0.16666666666667,0.33333333333333,0.50000150204267,0.5,0.5,0.5,1727185535909
5,0.31697795058512,0.5,0.16666666666667,0.33333333333333,0.49999351914173,0.5,0.5,0.5,1727185535926
5,0.5051662600354,0.5,0.16666666666667,0.33333333333333,0.49999783113658,0.5,0.5,0.5,1727185535942
5,0.75152457233664,0.5,0.16666666666667,0.33333333333333,0.50000082320946,0.5,0.5,0.5,1727185535959
5,0.99999914653225,0.5,0.16666666666667,0.33333333333333,0.49999962356656,0.5,0.5,0.5,1727185535976
5,0.99999914653225,0.5,0.16666666666667,0.33333333333333,0.49999962356656,0.5,0.5,0.5,1727185535992
5,0.99999914653225,0.5,0.16666666666667,0.33333333333333,0.49999962356656,0.5,0.5,0.5,1727185536009
5,0.99999914653225,0.5,0.16666666666667,0.33333333333333,0.49999962356656,0.5,0.5,0.5,1727185536026
5,0.99999914653225,0.5,0.16666666666667,0.33333333333333,0.49999962356656,0.5,0.5,0.5,1727185536043
5,0.99999914653225,0.5,0.16666666666667,0.33333333333333,0.49999962356656,0.5,0.5,0.5,1727185536059
5,0.99999914653225,0.5,0.16666666666667,0.33333333333333,0.49999962356656,0.5,0.5,0.5,1727185536076
5,0.99999914653225,0.5,0.16666666666667,0.33333333333333,0.49999962356656,0.5,0.5,0.5,1727185536093
5,0.99999914653225,0.5,0.16666666666667,0.33333333333333,0.49999962356656,0.5,0.5,0.5,1727185536109
5,0.99999914653225,0.5,0.16666666666667,0.33333333333333,0.49999962356656,0.5,0.5,0.5,1727185536126
5,0.99999914653225,0.5,0.16666666666667,0.33333333333333,0.49999962356656,0.5,0.5,0.5,1727185536143
5,0.99999914653225,0.5,0.16666666666667,0.33333333333333,0.49999962356656,0.5,0.5,0.5,1727185536159
5,0.99999914653225,0.5,0.16666666666667,0.33333333333333,0.49999962356656,0.5,0.5,0.5,1727185536176
5,0.99999914653225,0.5,0.16666666666667,0.33333333333333,0.49999962356656,0.5,0.5,0.5,1727185536179
5,0.99999914653225,0.5,0.16666666666667,0.33333333333333,0.49999962356656,0.5,0.5,0.5,1727185536179
5,0.99999914653225,0.5,0.16666666666667,0.33333333333333,0.49999962356656,0.5,0.5,0.5,1727185538327
5,0.99999914653225,0.4894957307109,0.16666666666667,0.33333333333333,0.49999962356656,0.4999974479804,0.5,0.5,1727185538349
5,0.99999914653225,0.47232629143745,0.16666666666667,0.33333333333333,0.49999962356656,0.4999975464643,0.5,0.5,1727185538362
5,0.99999914653225,0.41814356095628,0.16666666666667,0.33333333333333,0.49999962356656,0.49999579214262,0.5,0.5,1727185538378
5,0.99999914653225,0.301972435906,0.16666666666667,0.33333333333333,0.49999962356656,0.49999679860318,0.5,0.5,1727185538395
5,0.99999914653225,0.16077751424952,0.16666666666667,0.33333333333333,0.49999962356656,0.49998888228656,0.5,0.5,1727185538411
5,0.99999914653225,1.16165411e-06,0.16666666666667,0.33333333333333,0.49999962356656,0.49999743819999,0.5,0.5,1727185538429
5,0.99999914653225,1.16165411e-06,0.16666666666667,0.33333333333333,0.49999962356656,0.49999743819999,0.5,0.5,1727185538445
5,0.99999914653225,1.16165411e-06,0.16666666666667,0.33333333333333,0.49999962356656,0.49999743819999,0.5,0.5,1727185538462
5,0.99999914653225,1.16165411e-06,0.16666666666667,0.33333333333333,0.49999962356656,0.49999743819999,0.5,0.5,1727185538478
5,0.99999914653225,1.16165411e-06,0.16666666666667,0.33333333333333,0.49999962356656,0.49999743819999,0.5,0.5,1727185538495
5,0.99999914653225,1.16165411e-06,0.16666666666667,0.33333333333333,0.49999962356656,0.49999743819999,0.5,0.5,1727185538512
5,0.99999914653225,1.16165411e-06,0.16666666666667,0.33333333333333,0.49999962356656,0.49999743819999,0.5,0.5,1727185538529
5,0.99999914653225,1.16165411e-06,0.16666666666667,0.33333333333333,0.49999962356656,0.49999743819999,0.5,0.5,1727185538545
5,0.99999914653225,1.16165411e-06,0.16666666666667,0.33333333333333,0.49999962356656,0.49999743819999,0.5,0.5,1727185538562
5,0.99999914653225,1.16165411e-06,0.16666666666667,0.33333333333333,0.49999962356656,0.49999743819999,0.5,0.5,1727185538578
5,0.99999914653225,1.16165411e-06,0.16666666666667,0.33333333333333,0.49999962356656,0.49999743819999,0.5,0.5,1727185538595
5,0.99999914653225,1.16165411e-06,0.16666666666667,0.33333333333333,0.49999962356656,0.49999743819999,0.5,0.5,1727185538612
5,0.99999914653225,1.16165411e-06,0.16666666666667,0.33333333333333,0.49999962356656,0.49999743819999,0.5,0.5,1727185538627
5,0.99999914653225,1.16165411e-06,0.16666666666667,0.33333333333333,0.49999962356656,0.49999743819999,0.5,0.5,1727185538627
6,0.66666666666667,1.0,0.0,0.0,0.5,0.5,0.5,0.5,1727185546522
6,0.66666666666667,0.99238122801219,0.0,0.0,0.5,0.49999695174439,0.5,0.5,1727185546545
6,0.66666666666667,0.985723389141,0.0,0.0,0.5,0.50000214869659,0.5,0.5,1727185546553
6,0.66666666666667,0.95526491906463,0.0,0.0,0.5,0.50000079941241,0.5,0.5,1727185546570
6,0.66666666666667,0.88386124044528,0.0,0.0,0.5,0.50000263844898,0.5,0.5,1727185546586
6,0.66666666666667,0.76761759075522,0.0,0.0,0.5,0.50000158312889,0.5,0.5,1727185546603
6,0.66666666666667,0.63029641581165,0.0,0.0,0.5,0.50000063887898,0.5,0.5,1727185546620
6,0.66666666666667,0.44813526981713,0.0,0.0,0.5,0.49999442090847,0.5,0.5,1727185546637
6,0.66666666666667,0.25283398843402,0.0,0.0,0.5,0.50000209311341,0.5,0.5,1727185546654
6,0.66666666666667,0.04487050552726,0.0,0.0,0.5,0.49999282237411,0.5,0.5,1727185546670
6,0.66666666666667,4.138295e-08,0.0,0.0,0.5,0.50001121808439,0.5,0.5,1727185546687
6,0.66666666666667,4.138295e-08,0.0,0.0,0.5,0.50001121808439,0.5,0.5,1727185546703
6,0.66666666666667,4.138295e-08,0.0,0.0,0.5,0.50001121808439,0.5,0.5,1727185546720
6,0.66666666666667,4.138295e-08,0.0,0.0,0.5,0.50001121808439,0.5,0.5,1727185546736
6,0.66666666666667,4.138295e-08,0.0,0.0,0.5,0.50001121808439,0.5,0.5,1727185546753
6,0.66666666666667,4.138295e-08,0.0,0.0,0.5,0.50001121808439,0.5,0.5,1727185546770
6,0.66666666666667,4.138295e-08,0.0,0.0,0.5,0.50001121808439,0.5,0.5,1727185546787
6,0.66666666666667,4.138295e-08,0.0,0.0,0.5,0.50001121808439,0.5,0.5,1727185546803
6,0.66666666666667,4.138295e-08,0.0,0.0,0.5,0.50001121808439,0.5,0.5,1727185546820
6,0.66666666666667,4.138295e-08,0.0,0.0,0.5,0.50001121808439,0.5,0.5,1727185546868
6,0.66666666666667,4.138295e-08,0.0,0.0,0.5,0.50001121808439,0.5,0.5,1727185547759
6,0.66284459055683,4.138295e-08,0.0,0.0,0.49999905582305,0.50001121808439,0.5,0.5,1727185547762
6,0.65902619884001,4.138295e-08,0.0,0.0,0.49999722803303,0.50001121808439,0.5,0.5,1727185547771
6,0.63134900531605,4.138295e-08,0.0,0.0,0.49999697180552,0.50001121808439,0.5,0.5,1727185547788
6,0.61417956604335,4.138295e-08,0.0,0.0,0.49999677862036,0.50001121808439,0.5,0.5,1727185547804
6,0.59318122715957,4.138295e-08,0.0,0.0,0.4999977845479,0.50001121808439,0.5,0.5,1727185547821
6,0.56936727248465,4.138295e-08,0.0,0.0,0.49999868232557,0.50001121808439,0.5,0.5,1727185547838
6,0.55885951823335,4.138295e-08,0.0,0.0,0.4999986229863,0.50001121808439,0.5,0.5,1727185547854
6,0.52069174007826,4.138295e-08,0.0,0.0,0.49999959394652,0.50001121808439,0.5,0.5,1727185547871
6,0.47970834613166,4.138295e-08,0.0,0.0,0.50000049399461,0.50001121808439,0.5,0.5,1727185547888
6,0.40719502770325,4.138295e-08,0.0,0.0,0.49999582867457,0.50001121808439,0.5,0.5,1727185547904
6,0.37285614915836,4.138295e-08,0.0,0.0,0.49999522958414,0.50001121808439,0.5,0.5,1727185547921
6,0.29757487764434,4.138295e-08,0.0,0.0,0.50000568557871,0.50001121808439,0.5,0.5,1727185547938
6,0.11152666142773,4.138295e-08,0.0,0.0,0.50000546636786,0.50001121808439,0.5,0.5,1727185547955
6,1.16165411e-06,4.138295e-08,0.0,0.0,0.50000256180001,0.50001121808439,0.5,0.5,1727185547971
6,1.16165411e-06,4.138295e-08,0.0,0.0,0.50000256180001,0.50001121808439,0.5,0.5,1727185547988
6,1.16165411e-06,4.138295e-08,0.0,0.0,0.50000256180001,0.50001121808439,0.5,0.5,1727185548005
6,1.16165411e-06,4.138295e-08,0.0,0.0,0.50000256180001,0.50001121808439,0.5,0.5,1727185548021
6,1.16165411e-06,4.138295e-08,0.0,0.0,0.50000256180001,0.50001121808439,0.5,0.5,1727185548038
6,1.16165411e-06,4.138295e-08,0.0,0.0,0.50000256180001,0.50001121808439,0.5,0.5,1727185548055
6,1.16165411e-06,4.138295e-08,0.0,0.0,0.50000256180001,0.50001121808439,0.5,0.5,1727185548071
6,1.16165411e-06,4.138295e-08,0.0,0.0,0.50000256180001,0.50001121808439,0.5,0.5,1727185548088
6,1.16165411e-06,4.138295e-08,0.0,0.0,0.50000256180001,0.50001121808439,0.5,0.5,1727185548104
6,1.16165411e-06,4.138295e-08,0.0,0.0,0.50000256180001,0.50001121808439,0.5,0.5,1727185548121
6,1.16165411e-06,4.138295e-08,0.0,0.0,0.50000256180001,0.50001121808439,0.5,0.5,1727185548137
6,1.16165411e-06,4.138295e-08,0.0,0.0,0.50000256180001,0.50001121808439,0.5,0.5,1727185548137
7,0.83333333333333,0.16666666666667,0.0,0.66666666666667,0.5,0.5,0.5,0.5,1727185550831
7,0.84668018888206,0.16666666666667,0.0,0.66666666666667,0.50000164180211,0.5,0.5,0.5,1727185550870
7,0.85335238179032,0.16666666666667,0.0,0.66666666666667,0.499999268279,0.5,0.5,0.5,1727185550877
7,0.86386013604165,0.16666666666667,0.0,0.66666666666667,0.49999930584214,0.5,0.5,0.5,1727185550891
7,0.92874333277275,0.16666666666667,0.0,0.66666666666667,0.50000227840132,0.5,0.5,0.5,1727185550907
7,0.99999914653225,0.16666666666667,0.0,0.66666666666667,0.49999962356656,0.5,0.5,0.5,1727185550925
7,0.99999914653225,0.16666666666667,0.0,0.66666666666667,0.49999962356656,0.5,0.5,0.5,1727185550941
7,0.99999914653225,0.16666666666667,0.0,0.66666666666667,0.49999962356656,0.5,0.5,0.5,1727185550958
7,0.99999914653225,0.16666666666667,0.0,0.66666666666667,0.49999962356656,0.5,0.5,0.5,1727185550974
7,0.99999914653225,0.16666666666667,0.0,0.66666666666667,0.49999962356656,0.5,0.5,0.5,1727185550991
7,0.99999914653225,0.16666666666667,0.0,0.66666666666667,0.49999962356656,0.5,0.5,0.5,1727185551008
7,0.99999914653225,0.16666666666667,0.0,0.66666666666667,0.49999962356656,0.5,0.5,0.5,1727185551025
7,0.99999914653225,0.16666666666667,0.0,0.66666666666667,0.49999962356656,0.5,0.5,0.5,1727185551041
7,0.99999914653225,0.16666666666667,0.0,0.66666666666667,0.49999962356656,0.5,0.5,0.5,1727185551057
7,0.99999914653225,0.16666666666667,0.0,0.66666666666667,0.49999962356656,0.5,0.5,0.5,1727185551074
7,0.99999914653225,0.16666666666667,0.0,0.66666666666667,0.49999962356656,0.5,0.5,0.5,1727185551091
7,0.99999914653225,0.16666666666667,0.0,0.66666666666667,0.49999962356656,0.5,0.5,0.5,1727185551112
7,0.99999914653225,0.16666666666667,0.0,0.66666666666667,0.49999962356656,0.5,0.5,0.5,1727185551954
7,0.99999914653225,0.15341647530112,0.0,0.66666666666667,0.49999962356656,0.49999850941564,0.5,0.5,1727185551969
7,0.99999914653225,0.133606962626,0.0,0.66666666666667,0.49999962356656,0.49998999318139,0.5,0.5,1727185551976
7,0.99999914653225,0.12036277897129,0.0,0.66666666666667,0.49999962356656,0.49998670249588,0.5,0.5,1727185551992
7,0.99999914653225,0.04784946050692,0.0,0.66666666666667,0.49999962356656,0.4999938792763,0.5,0.5,1727185552009
7,0.99999914653225,0.02688930702213,0.0,0.66666666666667,0.49999962356656,0.50000597480336,0.5,0.5,1727185552025
7,0.99999914653225,0.0202552995282,0.0,0.66666666666667,0.49999962356656,0.50001272765961,0.5,0.5,1727185552042
7,0.99999914653225,0.01290092234607,0.0,0.66666666666667,0.49999962356656,0.50001419733126,0.5,0.5,1727185552059
7,0.99999914653225,0.00626973042817,0.0,0.66666666666667,0.49999962356656,0.49998237621023,0.5,0.5,1727185552075
7,0.99999914653225,1.16165411e-06,0.0,0.66666666666667,0.49999962356656,0.49999743819999,0.5,0.5,1727185552092
7,0.99999914653225,1.16165411e-06,0.0,0.66666666666667,0.49999962356656,0.49999743819999,0.5,0.5,1727185552109
7,0.99999914653225,1.16165411e-06,0.0,0.66666666666667,0.49999962356656,0.49999743819999,0.5,0.5,1727185552125
7,0.99999914653225,1.16165411e-06,0.0,0.66666666666667,0.49999962356656,0.49999743819999,0.5,0.5,1727185552142
7,0.99999914653225,1.16165411e-06,0.0,0.66666666666667,0.49999962356656,0.49999743819999,0.5,0.5,1727185552151
7,0.99999914653225,1.16165411e-06,0.0,0.66666666666667,0.49999962356656,0.49999743819999,0.5,0.5,1727185552151
8,0.16666666666667,0.0,0.16666666666667,0.66666666666667,0.5,0.5,0.5,0.5,1727185556643
8,0.16666666666667,0.0,0.19645644393531,0.66666666666667,0.5,0.5,0.49998678422877,0.5,1727185556663
8,0.16666666666667,0.0,0.229125109293,0.66666666666667,0.5,0.5,0.50000512336152,0.5,1727185556680
8,0.16666666666667,0.0,0.26331716080213,0.66666666666667,0.5,0.5,0.50001294900588,0.5,1727185556697
8,0.16666666666667,0.0,0.29307312485052,0.66666666666667,0.5,0.5,0.50001304792048,0.5,1727185556713
8,0.16666666666667,0.0,0.32281463207734,0.66666666666667,0.5,0.5,0.49999559301211,0.5,1727185556730
8,0.16666666666667,0.0,0.36691066000357,0.66666666666667,0.5,0.5,0.5000117438654,0.5,1727185556746
8,0.16666666666667,0.0,0.41819775396387,0.66666666666667,0.5,0.5,0.49999583305348,0.5,1727185556763
8,0.16666666666667,0.0,0.57395176156412,0.66666666666667,0.5,0.5,0.50000100462146,0.5,1727185556780
8,0.16666666666667,0.0,0.75498424189124,0.66666666666667,0.5,0.5,0.50000359478365,0.5,1727185556797
8,0.16666666666667,0.0,0.92329730903323,0.66666666666667,0.5,0.5,0.49999827834055,0.5,1727185556813
8,0.16666666666667,0.0,0.9999989132303,0.66666666666667,0.5,0.5,0.50000281375752,0.5,1727185556830
8,0.16666666666667,0.0,0.9999989132303,0.66666666666667,0.5,0.5,0.50000281375752,0.5,1727185556847
8,0.16666666666667,0.0,0.9999989132303,0.66666666666667,0.5,0.5,0.50000281375752,0.5,1727185556863
8,0.16666666666667,0.0,0.9999989132303,0.66666666666667,0.5,0.5,0.50000281375752,0.5,1727185556880
8,0.16666666666667,0.0,0.9999989132303,0.66666666666667,0.5,0.5,0.50000281375752,0.5,1727185556897
8,0.16666666666667,0.0,0.9999989132303,0.66666666666667,0.5,0.5,0.50000281375752,0.5,1727185556914
8,0.16666666666667,0.0,0.9999989132303,0.66666666666667,0.5,0.5,0.50000281375752,0.5,1727185556930
8,0.16666666666667,0.0,0.9999989132303,0.66666666666667,0.5,0.5,0.50000281375752,0.5,1727185556947
8,0.16666666666667,0.0,0.9999989132303,0.66666666666667,0.5,0.5,0.50000281375752,0.5,1727185556964
8,0.16666666666667,0.0,0.9999989132303,0.66666666666667,0.5,0.5,0.50000281375752,0.5,1727185556974
8,0.16666666666667,0.0,0.9999989132303,0.66666666666667,0.5,0.5,0.50000281375752,0.5,1727185556974
8,0.16666666666667,0.0,0.9999989132303,0.66666666666667,0.5,0.5,0.50000281375752,0.5,1727185557877
8,0.16666666666667,0.03822366681803,0.9999989132303,0.66666666666667,0.5,0.49999396688407,0.50000281375752,0.5,1727185557898
8,0.16666666666667,0.08044458025176,0.9999989132303,0.66666666666667,0.5,0.50001118162754,0.50000281375752,0.5,1727185557915
8,0.16666666666667,0.12149665266239,0.9999989132303,0.66666666666667,0.5,0.50000116237996,0.50000281375752,0.5,1727185557932
8,0.16666666666667,0.22171484213202,0.9999989132303,0.66666666666667,0.5,0.49999763718208,0.50000281375752,0.5,1727185557948
8,0.16666666666667,0.49870050514509,0.9999989132303,0.66666666666667,0.5,0.49999773986561,0.50000281375752,0.5,1727185557964
8,0.16666666666667,0.80601009684023,0.9999989132303,0.66666666666667,0.5,0.49999740594341,0.50000281375752,0.5,1727185557981
8,0.16666666666667,1.00000236467313,0.9999989132303,0.66666666666667,0.5,0.50000121889018,0.50000281375752,0.5,1727185557998
8,0.16666666666667,1.00000236467313,0.9999989132303,0.66666666666667,0.5,0.50000121889018,0.50000281375752,0.5,1727185558015
8,0.16666666666667,1.00000236467313,0.9999989132303,0.66666666666667,0.5,0.50000121889018,0.50000281375752,0.5,1727185558031
8,0.16666666666667,1.00000236467313,0.9999989132303,0.66666666666667,0.5,0.50000121889018,0.50000281375752,0.5,1727185558048
8,0.16666666666667,1.00000236467313,0.9999989132303,0.66666666666667,0.5,0.50000121889018,0.50000281375752,0.5,1727185558065
8,0.16666666666667,1.00000236467313,0.9999989132303,0.66666666666667,0.5,0.50000121889018,0.50000281375752,0.5,1727185558147
9,0.33333333333333,0.33333333333333,0.83333333333333,0.0,0.5,0.5,0.5,0.5,1727185561245
9,0.34000567267356,0.33333333333333,0.83333333333333,0.0,0.500005300803,0.5,0.5,0.5,1727185561259
9,0.33246524522369,0.33333333333333,0.83333333333333,0.0,0.50000350860919,0.5,0.5,0.5,1727185561275
9,0.31147741422642,0.33333333333333,0.83333333333333,0.0,0.50000048227207,0.5,0.5,0.5,1727185561285
9,0.27331629782949,0.33333333333333,0.83333333333333,0.0,0.50000906614192,0.5,0.5,0.5,1727185561301
9,0.22098459258208,0.33333333333333,0.83333333333333,0.0,0.49999997330762,0.5,0.5,0.5,1727185561318
9,0.19718114580085,0.33333333333333,0.83333333333333,0.0,0.49999572235038,0.5,0.5,0.5,1727185561334
9,0.12466398121059,0.33333333333333,0.83333333333333,0.0,0.50000359457204,0.5,0.5,0.5,1727185561351
9,0.1008671961713,0.33333333333333,0.83333333333333,0.0,0.50000889011719,0.5,0.5,0.5,1727185561368
9,0.0665388254975,0.33333333333333,0.83333333333333,0.0,0.50000063392254,0.5,0.5,0.5,1727185561385
9,0.00452275342655,0.33333333333333,0.83333333333333,0.0,0.49999929926493,0.5,0.5,0.5,1727185561402
9,1.16165411e-06,0.33333333333333,0.83333333333333,0.0,0.50000256180001,0.5,0.5,0.5,1727185561418
9,1.16165411e-06,0.33333333333333,0.83333333333333,0.0,0.50000256180001,0.5,0.5,0.5,1727185561435
9,1.16165411e-06,0.33333333333333,0.83333333333333,0.0,0.50000256180001,0.5,0.5,0.5,1727185561451
9,1.16165411e-06,0.33333333333333,0.83333333333333,0.0,0.50000256180001,0.5,0.5,0.5,1727185561468
9,1.16165411e-06,0.33333333333333,0.83333333333333,0.0,0.50000256180001,0.5,0.5,0.5,1727185561484
9,1.16165411e-06,0.33333333333333,0.83333333333333,0.0,0.50000256180001,0.5,0.5,0.5,1727185561501
9,1.16165411e-06,0.33333333333333,0.83333333333333,0.0,0.50000256180001,0.5,0.5,0.5,1727185561518
9,1.16165411e-06,0.33333333333333,0.83333333333333,0.0,0.50000256180001,0.5,0.5,0.5,1727185561535
9,1.16165411e-06,0.33333333333333,0.83333333333333,0.0,0.50000256180001,0.5,0.5,0.5,1727185561551
9,1.16165411e-06,0.33333333333333,0.83333333333333,0.0,0.50000256180001,0.5,0.5,0.5,1727185561552
9,1.16165411e-06,0.33333333333333,0.83333333333333,0.0,0.50000256180001,0.5,0.5,0.5,1727185562425
9,1.16165411e-06,0.32668230262917,0.83333333333333,0.0,0.50000256180001,0.49999485696375,0.5,0.5,1727185562456
9,1.16165411e-06,0.31618505625722,0.83333333333333,0.0,0.50000256180001,0.49999957069553,0.5,0.5,1727185562469
9,1.16165411e-06,0.27521217020154,0.83333333333333,0.0,0.50000256180001,0.50000337425738,0.5,0.5,1727185562486
9,1.16165411e-06,0.20655158272895,0.83333333333333,0.0,0.50000256180001,0.5000027333003,0.5,0.5,1727185562503
9,1.16165411e-06,0.14074095029404,0.83333333333333,0.0,0.50000256180001,0.49999648841156,0.5,0.5,1727185562519
9,1.16165411e-06,0.0265343761333,0.83333333333333,0.0,0.50000256180001,0.50000814512646,0.5,0.5,1727185562536
9,1.16165411e-06,1.16165411e-06,0.83333333333333,0.0,0.50000256180001,0.49999743819999,0.5,0.5,1727185562553
9,1.16165411e-06,1.16165411e-06,0.83333333333333,0.0,0.50000256180001,0.49999743819999,0.5,0.5,1727185562569
9,1.16165411e-06,1.16165411e-06,0.83333333333333,0.0,0.50000256180001,0.49999743819999,0.5,0.5,1727185562585
9,1.16165411e-06,1.16165411e-06,0.83333333333333,0.0,0.50000256180001,0.49999743819999,0.5,0.5,1727185562603
9,1.16165411e-06,1.16165411e-06,0.83333333333333,0.0,0.50000256180001,0.49999743819999,0.5,0.5,1727185562619
9,1.16165411e-06,1.16165411e-06,0.83333333333333,0.0,0.50000256180001,0.49999743819999,0.5,0.5,1727185562637
9,1.16165411e-06,1.16165411e-06,0.83333333333333,0.0,0.50000256180001,0.49999743819999,0.5,0.5,1727185562653
9,1.16165411e-06,1.16165411e-06,0.83333333333333,0.0,0.50000256180001,0.49999743819999,0.5,0.5,1727185562669
9,1.16165411e-06,1.16165411e-06,0.83333333333333,0.0,0.50000256180001,0.49999743819999,0.5,0.5,1727185562685
9,1.16165411e-06,1.16165411e-06,0.83333333333333,0.0,0.50000256180001,0.49999743819999,0.5,0.5,1727185562685
10,0.66666666666667,0.83333333333333,1.0,0.33333333333333,0.5,0.5,0.5,0.5,1727185565775
10,0.66666666666667,0.87434575423046,1.0,0.33333333333333,0.5,0.49999893863274,0.5,0.5,1727185565822
10,0.66666666666667,0.90487674894773,1.0,0.33333333333333,0.5,0.50000253129381,0.5,0.5,1727185565839
10,0.66666666666667,0.96306392140772,1.0,0.33333333333333,0.5,0.50000124770107,0.5,0.5,1727185565856
10,0.66666666666667,0.99999802625138,1.0,0.33333333333333,0.5,0.50000313241777,0.5,0.5,1727185565872
10,0.66666666666667,0.99999802625138,1.0,0.33333333333333,0.5,0.50000313241777,0.5,0.5,1727185565889
10,0.66666666666667,0.99999802625138,1.0,0.33333333333333,0.5,0.50000313241777,0.5,0.5,1727185565906
10,0.66666666666667,0.99999802625138,1.0,0.33333333333333,0.5,0.50000313241777,0.5,0.5,1727185565922
10,0.66666666666667,0.99999802625138,1.0,0.33333333333333,0.5,0.50000313241777,0.5,0.5,1727185565939
10,0.66666666666667,0.99999802625138,1.0,0.33333333333333,0.5,0.50000313241777,0.5,0.5,1727185565956
10,0.66666666666667,0.99999802625138,1.0,0.33333333333333,0.5,0.50000313241777,0.5,0.5,1727185565972
10,0.66666666666667,0.99999802625138,1.0,0.33333333333333,0.5,0.50000313241777,0.5,0.5,1727185565989
10,0.66666666666667,0.99999802625138,1.0,0.33333333333333,0.5,0.50000313241777,0.5,0.5,1727185566006
10,0.66666666666667,0.99999802625138,1.0,0.33333333333333,0.5,0.50000313241777,0.5,0.5,1727185566034
10,0.66666666666667,0.99999802625138,1.0,0.33333333333333,0.5,0.50000313241777,0.5,0.5,1727185566853
10,0.66666666666667,0.99999802625138,0.9999989132303,0.33333333333333,0.5,0.50000313241777,0.50000281375752,0.5,1727185566884
10,0.66666666666667,0.99999802625138,0.9999989132303,0.33333333333333,0.5,0.50000313241777,0.50000281375752,0.5,1727185566899
10,0.66666666666667,0.99999802625138,0.9999989132303,0.33333333333333,0.5,0.50000313241777,0.50000281375752,0.5,1727185566906
10,0.66666666666667,0.99999802625138,0.9999989132303,0.33333333333333,0.5,0.50000313241777,0.50000281375752,0.5,1727185566923
10,0.66666666666667,0.99999802625138,0.9999989132303,0.33333333333333,0.5,0.50000313241777,0.50000281375752,0.5,1727185566940
10,0.66666666666667,0.99999802625138,0.9999989132303,0.33333333333333,0.5,0.50000313241777,0.50000281375752,0.5,1727185566957
10,0.66666666666667,0.99999802625138,0.9999989132303,0.33333333333333,0.5,0.50000313241777,0.50000281375752,0.5,1727185566973
10,0.66666666666667,0.99999802625138,0.9999989132303,0.33333333333333,0.5,0.50000313241777,0.50000281375752,0.5,1727185566990
10,0.66666666666667,0.99999802625138,0.9999989132303,0.33333333333333,0.5,0.50000313241777,0.50000281375752,0.5,1727185567007
10,0.66666666666667,0.99999802625138,0.9999989132303,0.33333333333333,0.5,0.50000313241777,0.50000281375752,0.5,1727185567024
10,0.66666666666667,0.99999802625138,0.9999989132303,0.33333333333333,0.5,0.50000313241777,0.50000281375752,0.5,1727185567041
10,0.66666666666667,0.99999802625138,0.9999989132303,0.33333333333333,0.5,0.50000313241777,0.50000281375752,0.5,1727185567057
10,0.66666666666667,0.99999802625138,0.9999989132303,0.33333333333333,0.5,0.50000313241777,0.50000281375752,0.5,1727185567073
10,0.66666666666667,0.99999802625138,0.9999989132303,0.33333333333333,0.5,0.50000313241777,0.50000281375752,0.5,1727185567090
10,0.66666666666667,0.99999802625138,0.9999989132303,0.33333333333333,0.5,0.50000313241777,0.50000281375752,0.5,1727185567126
10,0.66666666666667,0.99999802625138,0.9999989132303,0.33333333333333,0.5,0.50000313241777,0.50000281375752,0.5,1727185568134
10,0.66666666666667,0.99999802625138,0.9999989132303,0.33333333333333,0.5,0.50000313241777,0.50000281375752,0.5,1727185568149
10,0.66666666666667,0.99999802625138,0.9999989132303,0.33333333333333,0.5,0.50000313241777,0.50000281375752,0.5,1727185568165
10,0.66666666666667,0.99999802625138,0.9999989132303,0.33333333333333,0.5,0.50000313241777,0.50000281375752,0.5,1727185568181
10,0.66666666666667,0.99999802625138,0.9999989132303,0.33333333333333,0.5,0.50000313241777,0.50000281375752,0.5,1727185568191
10,0.66666666666667,0.99999802625138,0.9999989132303,0.33333333333333,0.5,0.50000313241777,0.50000281375752,0.5,1727185568208
10,0.66666666666667,0.99999802625138,0.9999989132303,0.33333333333333,0.5,0.50000313241777,0.50000281375752,0.5,1727185568225
10,0.66666666666667,0.99999802625138,0.9999989132303,0.33333333333333,0.5,0.50000313241777,0.50000281375752,0.5,1727185568241
10,0.66666666666667,0.99999802625138,0.9999989132303,0.33333333333333,0.5,0.50000313241777,0.50000281375752,0.5,1727185568258
10,0.66666666666667,0.99999802625138,0.9999989132303,0.33333333333333,0.5,0.50000313241777,0.50000281375752,0.5,1727185568275
10,0.66666666666667,0.99999802625138,0.9999989132303,0.33333333333333,0.5,0.50000313241777,0.50000281375752,0.5,1727185568292
10,0.66666666666667,0.99999802625138,0.9999989132303,0.33333333333333,0.5,0.50000313241777,0.50000281375752,0.5,1727185568309
10,0.66666666666667,0.99999802625138,0.9999989132303,0.33333333333333,0.5,0.50000313241777,0.50000281375752,0.5,1727185568325
10,0.66666666666667,0.99999802625138,0.9999989132303,0.33333333333333,0.5,0.50000313241777,0.50000281375752,0.5,1727185568341
10,0.66666666666667,0.99999802625138,0.9999989132303,0.33333333333333,0.5,0.50000313241777,0.50000281375752,0.5,1727185568354
10,0.66666666666667,0.99999802625138,0.9999989132303,0.33333333333333,0.5,0.50000313241777,0.50000281375752,0.5,1727185568354
11,1.0,0.16666666666667,1.0,0.66666666666667,0.5,0.5,0.5,0.5,1727185572255
11,1.0,0.17056789148509,1.0,0.66666666666667,0.5,0.50000175568904,0.5,0.5,1727185572276
11,1.0,0.17724674612795,1.0,0.66666666666667,0.5,0.49999923570631,0.5,0.5,1727185572284
11,1.0,0.18392560077369,1.0,0.66666666666667,0.5,0.49999679329724,0.5,0.5,1727185572295
11,1.0,0.22877223357213,1.0,0.66666666666667,0.5,0.4999965421339,0.5,0.5,1727185572312
11,1.0,0.27652417642126,1.0,0.66666666666667,0.5,0.49999884870451,0.5,0.5,1727185572329
11,1.0,0.32137080921936,1.0,0.66666666666667,0.5,0.49999847691771,0.5,0.5,1727185572346
11,1.0,0.51521802777547,1.0,0.66666666666667,0.5,0.49999809564119,0.5,0.5,1727185572362
11,1.0,0.657584606019,1.0,0.66666666666667,0.5,0.50000000568931,0.5,0.5,1727185572379
11,1.0,0.82504365938572,1.0,0.66666666666667,0.5,0.50000127926772,0.5,0.5,1727185572395
11,1.0,0.9999982930647,1.0,0.66666666666667,0.5,0.5000007528674,0.5,0.5,1727185572412
11,1.0,0.9999982930647,1.0,0.66666666666667,0.5,0.5000007528674,0.5,0.5,1727185572429
11,1.0,0.9999982930647,1.0,0.66666666666667,0.5,0.5000007528674,0.5,0.5,1727185572445
11,1.0,0.9999982930647,1.0,0.66666666666667,0.5,0.5000007528674,0.5,0.5,1727185572462
11,1.0,0.9999982930647,1.0,0.66666666666667,0.5,0.5000007528674,0.5,0.5,1727185572479
11,1.0,0.9999982930647,1.0,0.66666666666667,0.5,0.5000007528674,0.5,0.5,1727185572496
11,1.0,0.9999982930647,1.0,0.66666666666667,0.5,0.5000007528674,0.5,0.5,1727185572513
11,1.0,0.9999982930647,1.0,0.66666666666667,0.5,0.5000007528674,0.5,0.5,1727185572529
11,1.0,0.9999982930647,1.0,0.66666666666667,0.5,0.5000007528674,0.5,0.5,1727185572546
11,1.0,0.9999982930647,1.0,0.66666666666667,0.5,0.5000007528674,0.5,0.5,1727185572563
11,1.0,0.9999982930647,1.0,0.66666666666667,0.5,0.5000007528674,0.5,0.5,1727185572579
11,1.0,0.9999982930647,1.0,0.66666666666667,0.5,0.5000007528674,0.5,0.5,1727185572596
11,1.0,0.9999982930647,1.0,0.66666666666667,0.5,0.5000007528674,0.5,0.5,1727185572612
11,1.0,0.9999982930647,1.0,0.66666666666667,0.5,0.5000007528674,0.5,0.5,1727185572629
11,1.0,0.9999982930647,1.0,0.66666666666667,0.5,0.5000007528674,0.5,0.5,1727185572640
11,1.0,0.9999982930647,1.0,0.66666666666667,0.5,0.5000007528674,0.5,0.5,1727185572640
12,0.33333333333333,0.83333333333333,0.66666666666667,0.16666666666667,0.5,0.5,0.5,0.5,1727185577655
12,0.34000567267356,0.83333333333333,0.66666666666667,0.16666666666667,0.500005300803,0.5,0.5,0.5,1727185577677
12,0.36010143777793,0.83333333333333,0.66666666666667,0.16666666666667,0.49999434797451,0.5,0.5,0.5,1727185577685
12,0.43549238874665,0.83333333333333,0.66666666666667,0.16666666666667,0.50000006519051,0.5,0.5,0.5,1727185577701
12,0.52062972332591,0.83333333333333,0.66666666666667,0.16666666666667,0.49999925173182,0.5,0.5,0.5,1727185577717
12,0.68096529689547,0.83333333333333,0.66666666666667,0.16666666666667,0.49999767031079,0.5,0.5,0.5,1727185577734
12,0.98204732083197,0.83333333333333,0.66666666666667,0.16666666666667,0.50000052221444,0.5,0.5,0.5,1727185577751
12,0.99999914653225,0.83333333333333,0.66666666666667,0.16666666666667,0.49999962356656,0.5,0.5,0.5,1727185577768
12,0.99999914653225,0.83333333333333,0.66666666666667,0.16666666666667,0.49999962356656,0.5,0.5,0.5,1727185577785
12,0.99999914653225,0.83333333333333,0.66666666666667,0.16666666666667,0.49999962356656,0.5,0.5,0.5,1727185577801
12,0.99999914653225,0.83333333333333,0.66666666666667,0.16666666666667,0.49999962356656,0.5,0.5,0.5,1727185577818
12,0.99999914653225,0.83333333333333,0.66666666666667,0.16666666666667,0.49999962356656,0.5,0.5,0.5,1727185577834
12,0.99999914653225,0.83333333333333,0.66666666666667,0.16666666666667,0.49999962356656,0.5,0.5,0.5,1727185577851
12,0.99999914653225,0.83333333333333,0.66666666666667,0.16666666666667,0.49999962356656,0.5,0.5,0.5,1727185577868
12,0.99999914653225,0.83333333333333,0.66666666666667,0.16666666666667,0.49999962356656,0.5,0.5,0.5,1727185577884
12,0.99999914653225,0.83333333333333,0.66666666666667,0.16666666666667,0.49999962356656,0.5,0.5,0.5,1727185577901
12,0.99999914653225,0.83333333333333,0.66666666666667,0.16666666666667,0.49999962356656,0.5,0.5,0.5,1727185577918
12,0.99999914653225,0.83333333333333,0.66666666666667,0.16666666666667,0.49999962356656,0.5,0.5,0.5,1727185577923
12,0.99999914653225,0.83333333333333,0.66666666666667,0.16666666666667,0.49999962356656,0.5,0.5,0.5,1727185577923
12,0.99999914653225,0.83333333333333,0.66666666666667,0.16666666666667,0.49999962356656,0.5,0.5,0.5,1727185578843
12,0.99999914653225,0.82283189496401,0.66666666666667,0.16666666666667,0.49999962356656,0.49999942148517,0.5,0.5,1727185578865
12,0.99999914653225,0.79134297145618,0.66666666666667,0.16666666666667,0.49999962356656,0.49999761226971,0.5,0.5,1727185578873
12,0.99999914653225,0.7675223550457,0.66666666666667,0.16666666666667,0.49999962356656,0.50000039113824,0.5,0.5,1727185578886
12,0.99999914653225,0.66184181463193,0.66666666666667,0.16666666666667,0.49999962356656,0.5000026236306,0.5,0.5,1727185578902
12,0.99999914653225,0.50880526323609,0.66666666666667,0.16666666666667,0.49999962356656,0.49999617586893,0.5,0.5,1727185578919
12,0.99999914653225,0.31523378919674,0.66666666666667,0.16666666666667,0.49999962356656,0.49999705432858,0.5,0.5,1727185578936
12,0.99999914653225,0.0244629613623,0.66666666666667,0.16666666666667,0.49999962356656,0.49999714174319,0.5,0.5,1727185578954
12,0.99999914653225,1.16165411e-06,0.66666666666667,0.16666666666667,0.49999962356656,0.49999743819999,0.5,0.5,1727185578969
12,0.99999914653225,1.16165411e-06,0.66666666666667,0.16666666666667,0.49999962356656,0.49999743819999,0.5,0.5,1727185578986
12,0.99999914653225,1.16165411e-06,0.66666666666667,0.16666666666667,0.49999962356656,0.49999743819999,0.5,0.5,1727185579002
12,0.99999914653225,1.16165411e-06,0.66666666666667,0.16666666666667,0.49999962356656,0.49999743819999,0.5,0.5,1727185579019
12,0.99999914653225,1.16165411e-06,0.66666666666667,0.16666666666667,0.49999962356656,0.49999743819999,0.5,0.5,1727185579036
12,0.99999914653225,1.16165411e-06,0.66666666666667,0.16666666666667,0.49999962356656,0.49999743819999,0.5,0.5,1727185579052
12,0.99999914653225,1.16165411e-06,0.66666666666667,0.16666666666667,0.49999962356656,0.49999743819999,0.5,0.5,1727185579069
12,0.99999914653225,1.16165411e-06,0.66666666666667,0.16666666666667,0.49999962356656,0.49999743819999,0.5,0.5,1727185579086
12,0.99999914653225,1.16165411e-06,0.66666666666667,0.16666666666667,0.49999962356656,0.49999743819999,0.5,0.5,1727185579103
12,0.99999914653225,1.16165411e-06,0.66666666666667,0.16666666666667,0.49999962356656,0.49999743819999,0.5,0.5,1727185579119
12,0.99999914653225,1.16165411e-06,0.66666666666667,0.16666666666667,0.49999962356656,0.49999743819999,0.5,0.5,1727185579119
13,0.5,0.16666666666667,1.0,0.16666666666667,0.5,0.5,0.5,0.5,1727185581932
13,0.49618509323946,0.16666666666667,1.0,0.16666666666667,0.50000035306944,0.5,0.5,0.5,1727185581979
13,0.49236670152063,0.16666666666667,1.0,0.16666666666667,0.49999812161749,0.5,0.5,0.5,1727185581989
13,0.48186560900549,0.16666666666667,1.0,0.16666666666667,0.50000306641874,0.5,0.5,0.5,1727185582005
13,0.4713617009173,0.16666666666667,1.0,0.16666666666667,0.49999424500612,0.5,0.5,0.5,1727185582022
13,0.4503700237571,0.16666666666667,1.0,0.16666666666667,0.50000062423723,0.5,0.5,0.5,1727185582039
13,0.42561530990812,0.16666666666667,1.0,0.16666666666667,0.49999993903591,0.5,0.5,0.5,1727185582056
13,0.39415406390656,0.16666666666667,1.0,0.16666666666667,0.50000018637367,0.5,0.5,0.5,1727185582072
13,0.38750288677847,0.16666666666667,1.0,0.16666666666667,0.49999584404949,0.5,0.5,0.5,1727185582089
13,0.38084786348525,0.16666666666667,1.0,0.16666666666667,0.5000014941368,0.5,0.5,0.5,1727185582105
13,0.38084786348525,0.16666666666667,1.0,0.16666666666667,0.5000014941368,0.5,0.5,0.5,1727185582120
13,0.38084786348525,0.16666666666667,1.0,0.16666666666667,0.5000014941368,0.5,0.5,0.5,1727185582423
13,0.37035061712364,0.16666666666667,1.0,0.16666666666667,0.49999713023708,0.5,0.5,0.5,1727185582478
13,0.35318117785091,0.16666666666667,1.0,0.16666666666667,0.49999685796983,0.5,0.5,0.5,1727185582489
13,0.32171993184895,0.16666666666667,1.0,0.16666666666667,0.49999696709571,0.5,0.5,0.5,1727185582506
13,0.28075370752105,0.16666666666667,1.0,0.16666666666667,0.49999985599296,0.5,0.5,0.5,1727185582522
13,0.23318781493022,0.16666666666667,1.0,0.16666666666667,0.50000365075431,0.5,0.5,0.5,1727185582539
13,0.18834118213175,0.16666666666667,1.0,0.16666666666667,0.5000034218554,0.5,0.5,0.5,1727185582556
13,0.16066398860682,0.16666666666667,1.0,0.16666666666667,0.50000328939129,0.5,0.5,0.5,1727185582572
13,0.11971493392459,0.16666666666667,1.0,0.16666666666667,0.50001079885946,0.5,0.5,0.5,1727185582589
13,0.08155766364168,0.16666666666667,1.0,0.16666666666667,0.50000634787713,0.5,0.5,0.5,1727185582606
13,0.03296516376636,0.16666666666667,1.0,0.16666666666667,0.49999207583881,0.5,0.5,0.5,1727185582623
13,1.16165411e-06,0.16666666666667,1.0,0.16666666666667,0.50000256180001,0.5,0.5,0.5,1727185582639
13,1.16165411e-06,0.16666666666667,1.0,0.16666666666667,0.50000256180001,0.5,0.5,0.5,1727185582656
13,1.16165411e-06,0.16666666666667,1.0,0.16666666666667,0.50000256180001,0.5,0.5,0.5,1727185582672
13,1.16165411e-06,0.16666666666667,1.0,0.16666666666667,0.50000256180001,0.5,0.5,0.5,1727185582689
13,1.16165411e-06,0.16666666666667,1.0,0.16666666666667,0.50000256180001,0.5,0.5,0.5,1727185582706
13,1.16165411e-06,0.16666666666667,1.0,0.16666666666667,0.50000256180001,0.5,0.5,0.5,1727185582730
13,1.16165411e-06,0.16666666666667,1.0,0.16666666666667,0.50000256180001,0.5,0.5,0.5,1727185583484
13,1.16165411e-06,0.16287660649321,1.0,0.16666666666667,0.50000256180001,0.50000042274561,0.5,0.5,1727185583515
13,1.16165411e-06,0.14570716722009,1.0,0.16666666666667,0.50000256180001,0.50000073159158,0.5,0.5,1727185583531
13,1.16165411e-06,0.12853772794702,1.0,0.16666666666667,0.50000256180001,0.50000106845438,0.5,0.5,1727185583540
13,1.16165411e-06,0.08512132661216,1.0,0.16666666666667,0.50000256180001,0.50000287954763,0.5,0.5,1727185583557
13,1.16165411e-06,1.16165411e-06,1.0,0.16666666666667,0.50000256180001,0.49999743819999,0.5,0.5,1727185583574
13,1.16165411e-06,1.16165411e-06,1.0,0.16666666666667,0.50000256180001,0.49999743819999,0.5,0.5,1727185583590
13,1.16165411e-06,1.16165411e-06,1.0,0.16666666666667,0.50000256180001,0.49999743819999,0.5,0.5,1727185583607
13,1.16165411e-06,1.16165411e-06,1.0,0.16666666666667,0.50000256180001,0.49999743819999,0.5,0.5,1727185583624
13,1.16165411e-06,1.16165411e-06,1.0,0.16666666666667,0.50000256180001,0.49999743819999,0.5,0.5,1727185583640
13,1.16165411e-06,1.16165411e-06,1.0,0.16666666666667,0.50000256180001,0.49999743819999,0.5,0.5,1727185583657
13,1.16165411e-06,1.16165411e-06,1.0,0.16666666666667,0.50000256180001,0.49999743819999,0.5,0.5,1727185583674
13,1.16165411e-06,1.16165411e-06,1.0,0.16666666666667,0.50000256180001,0.49999743819999,0.5,0.5,1727185583690
13,1.16165411e-06,1.16165411e-06,1.0,0.16666666666667,0.50000256180001,0.49999743819999,0.5,0.5,1727185583707
13,1.16165411e-06,1.16165411e-06,1.0,0.16666666666667,0.50000256180001,0.49999743819999,0.5,0.5,1727185583724
13,1.16165411e-06,1.16165411e-06,1.0,0.16666666666667,0.50000256180001,0.49999743819999,0.5,0.5,1727185583745
13,1.16165411e-06,1.16165411e-06,1.0,0.16666666666667,0.50000256180001,0.49999743819999,0.5,0.5,1727185583750
14,0.0,0.5,0.16666666666667,0.5,0.5,0.5,0.5,0.5,1727185587793
14,0.0,0.51441382511288,0.16666666666667,0.5,0.5,0.50000112478223,0.5,0.5,1727185587798
14,0.0,0.52108217187401,0.16666666666667,0.5,0.5,0.49999624707933,0.5,0.5,1727185587811
14,0.0,0.54604395175088,0.16666666666667,0.5,0.5,0.50000152514106,0.5,0.5,1727185587828
14,0.0,0.58038283029689,0.16666666666667,0.5,0.5,0.50000118520128,0.5,0.5,1727185587845
14,0.0,0.63574387908476,0.16666666666667,0.5,0.5,0.49999662786631,0.5,0.5,1727185587861
14,0.0,0.7426104301059,0.16666666666667,0.5,0.5,0.50000275190188,0.5,0.5,1727185587878
14,0.0,0.9801736258707,0.16666666666667,0.5,0.5,0.49999803024147,0.5,0.5,1727185587895
14,0.0,1.00000030818537,0.16666666666667,0.5,0.5,0.49999986407084,0.5,0.5,1727185587911
14,0.0,1.00000030818537,0.16666666666667,0.5,0.5,0.49999986407084,0.5,0.5,1727185587928
14,0.0,1.00000030818537,0.16666666666667,0.5,0.5,0.49999986407084,0.5,0.5,1727185587944
14,0.0,1.00000030818537,0.16666666666667,0.5,0.5,0.49999986407084,0.5,0.5,1727185587962
14,0.0,1.00000030818537,0.16666666666667,0.5,0.5,0.49999986407084,0.5,0.5,1727185587978
14,0.0,1.00000030818537,0.16666666666667,0.5,0.5,0.49999986407084,0.5,0.5,1727185587995
14,0.0,1.00000030818537,0.16666666666667,0.5,0.5,0.49999986407084,0.5,0.5,1727185588011
14,0.0,1.00000030818537,0.16666666666667,0.5,0.5,0.49999986407084,0.5,0.5,1727185588028
14,0.0,1.00000030818537,0.16666666666667,0.5,0.5,0.49999986407084,0.5,0.5,1727185588044
14,0.0,1.00000030818537,0.16666666666667,0.5,0.5,0.49999986407084,0.5,0.5,1727185588933
14,0.0,1.00000030818537,0.15224343280005,0.5,0.5,0.49999986407084,0.49999208468699,0.5,1727185588947
14,0.0,1.00000030818537,0.12347786639424,0.5,0.5,0.49999986407084,0.4999917928149,0.5,1727185588963
14,0.0,1.00000030818537,0.06500496821479,0.5,0.5,0.49999986407084,0.49999730845079,0.5,1727185588979
14,0.0,1.00000030818537,8.3502819e-07,0.5,0.5,0.49999986407084,0.49998072544152,0.5,1727185588996
14,0.0,1.00000030818537,8.3502819e-07,0.5,0.5,0.49999986407084,0.49998072544152,0.5,1727185589012
14,0.0,1.00000030818537,8.3502819e-07,0.5,0.5,0.49999986407084,0.49998072544152,0.5,1727185589029
14,0.0,1.00000030818537,8.3502819e-07,0.5,0.5,0.49999986407084,0.49998072544152,0.5,1727185589046
14,0.0,1.00000030818537,8.3502819e-07,0.5,0.5,0.49999986407084,0.49998072544152,0.5,1727185589062
14,0.0,1.00000030818537,8.3502819e-07,0.5,0.5,0.49999986407084,0.49998072544152,0.5,1727185589079
14,0.0,1.00000030818537,8.3502819e-07,0.5,0.5,0.49999986407084,0.49998072544152,0.5,1727185589096
14,0.0,1.00000030818537,8.3502819e-07,0.5,0.5,0.49999986407084,0.49998072544152,0.5,1727185589097
15,1.0,1.0,0.33333333333333,1.0,0.5,0.5,0.5,0.5,1727185595491
15,1.0,1.0,0.34056884121414,1.0,0.5,0.5,0.50000627839215,0.5,1727185595497
15,1.0,1.0,0.35766125276054,1.0,0.5,0.5,0.50000541680604,0.5,1727185595504
15,1.0,1.0,0.37213538757522,1.0,0.5,0.5,0.499994181854,0.5,1727185595519
15,1.0,1.0,0.41354019034357,1.0,0.5,0.5,0.4999937427505,0.5,1727185595536
15,1.0,1.0,0.52530266298444,1.0,0.5,0.5,0.49999973037033,0.5,1727185595553
15,1.0,1.0,0.63784391642947,1.0,0.5,0.5,0.49999763090165,0.5,1727185595569
15,1.0,1.0,0.78185182075722,1.0,0.5,0.5,0.49999748472464,0.5,1727185595586
15,1.0,1.0,0.93306261702364,1.0,0.5,0.5,0.50000081878168,0.5,1727185595602
15,1.0,1.0,0.9999989132303,1.0,0.5,0.5,0.50000281375752,0.5,1727185595619
15,1.0,1.0,0.9999989132303,1.0,0.5,0.5,0.50000281375752,0.5,1727185595636
15,1.0,1.0,0.9999989132303,1.0,0.5,0.5,0.50000281375752,0.5,1727185595653
15,1.0,1.0,0.9999989132303,1.0,0.5,0.5,0.50000281375752,0.5,1727185595669
15,1.0,1.0,0.9999989132303,1.0,0.5,0.5,0.50000281375752,0.5,1727185595686
15,1.0,1.0,0.9999989132303,1.0,0.5,0.5,0.50000281375752,0.5,1727185595702
15,1.0,1.0,0.9999989132303,1.0,0.5,0.5,0.50000281375752,0.5,1727185595719
15,1.0,1.0,0.9999989132303,1.0,0.5,0.5,0.50000281375752,0.5,1727185595736
15,1.0,1.0,0.9999989132303,1.0,0.5,0.5,0.50000281375752,0.5,1727185595752
15,1.0,1.0,0.9999989132303,1.0,0.5,0.5,0.50000281375752,0.5,1727185595766
15,1.0,1.0,0.9999989132303,1.0,0.5,0.5,0.50000281375752,0.5,1727185595766
15,1.0,1.0,0.9999989132303,1.0,0.5,0.5,0.50000281375752,0.5,1727185597567
15,1.0,0.9999982930647,0.9999989132303,1.0,0.5,0.5000007528674,0.50000281375752,0.5,1727185597606
15,1.0,0.9999982930647,0.9999989132303,1.0,0.5,0.5000007528674,0.50000281375752,0.5,1727185597621
15,1.0,0.9999982930647,0.9999989132303,1.0,0.5,0.5000007528674,0.50000281375752,0.5,1727185597637
15,1.0,0.9999982930647,0.9999989132303,1.0,0.5,0.5000007528674,0.50000281375752,0.5,1727185597654
15,1.0,0.9999982930647,0.9999989132303,1.0,0.5,0.5000007528674,0.50000281375752,0.5,1727185597671
15,1.0,0.9999982930647,0.9999989132303,1.0,0.5,0.5000007528674,0.50000281375752,0.5,1727185597688
15,1.0,0.9999982930647,0.9999989132303,1.0,0.5,0.5000007528674,0.50000281375752,0.5,1727185597705
15,1.0,0.9999982930647,0.9999989132303,1.0,0.5,0.5000007528674,0.50000281375752,0.5,1727185597721
15,1.0,0.9999982930647,0.9999989132303,1.0,0.5,0.5000007528674,0.50000281375752,0.5,1727185597738
15,1.0,0.9999982930647,0.9999989132303,1.0,0.5,0.5000007528674,0.50000281375752,0.5,1727185597755
15,1.0,0.9999982930647,0.9999989132303,1.0,0.5,0.5000007528674,0.50000281375752,0.5,1727185597771
15,1.0,0.9999982930647,0.9999989132303,1.0,0.5,0.5000007528674,0.50000281375752,0.5,1727185597788
15,1.0,0.9999982930647,0.9999989132303,1.0,0.5,0.5000007528674,0.50000281375752,0.5,1727185597805
15,1.0,0.9999982930647,0.9999989132303,1.0,0.5,0.5000007528674,0.50000281375752,0.5,1727185597821
15,1.0,0.9999982930647,0.9999989132303,1.0,0.5,0.5000007528674,0.50000281375752,0.5,1727185597838
15,1.0,0.9999982930647,0.9999989132303,1.0,0.5,0.5000007528674,0.50000281375752,0.5,1727185597855
15,1.0,0.9999982930647,0.9999989132303,1.0,0.5,0.5000007528674,0.50000281375752,0.5,1727185597856
16,0.0,0.33333333333333,0.83333333333333,0.5,0.5,0.5,0.5,0.5,1727185600623
16,0.0,0.34000683433087,0.83333333333333,0.5,0.5,0.49999361370649,0.5,0.5,1727185600637
16,0.0,0.35337889765514,0.83333333333333,0.5,0.5,0.50000522450233,0.5,0.5,1727185600644
16,0.0,0.36005775229345,0.83333333333333,0.5,0.5,0.50000342168593,0.5,0.5,1727185600657
16,0.0,0.39364858365347,0.83333333333333,0.5,0.5,0.49999791870568,0.5,0.5,1727185600674
16,0.0,0.45484793005326,0.83333333333333,0.5,0.5,0.49999861065933,0.5,0.5,1727185600691
16,0.0,0.5915661070933,0.83333333333333,0.5,0.5,0.50000204639167,0.5,0.5,1727185600708
16,0.0,0.77674224261751,0.83333333333333,0.5,0.5,0.49999796967849,0.5,0.5,1727185600725
16,0.0,1.00000030818537,0.83333333333333,0.5,0.5,0.49999986407084,0.5,0.5,1727185600741
16,0.0,1.00000030818537,0.83333333333333,0.5,0.5,0.49999986407084,0.5,0.5,1727185600757
16,0.0,1.00000030818537,0.83333333333333,0.5,0.5,0.49999986407084,0.5,0.5,1727185600774
16,0.0,1.00000030818537,0.83333333333333,0.5,0.5,0.49999986407084,0.5,0.5,1727185600791
16,0.0,1.00000030818537,0.83333333333333,0.5,0.5,0.49999986407084,0.5,0.5,1727185600808
16,0.0,1.00000030818537,0.83333333333333,0.5,0.5,0.49999986407084,0.5,0.5,1727185600824
16,0.0,1.00000030818537,0.83333333333333,0.5,0.5,0.49999986407084,0.5,0.5,1727185600859
16,0.0,1.00000030818537,0.83333333333333,0.5,0.5,0.49999986407084,0.5,0.5,1727185601605
16,0.0,1.00000030818537,0.83333333333333,0.5,0.5,0.49999986407084,0.5,0.5,1727185601643
16,0.0,1.00000030818537,0.83333333333333,0.5,0.5,0.49999986407084,0.5,0.5,1727185601659
16,0.0,1.00000030818537,0.83333333333333,0.5,0.5,0.49999986407084,0.5,0.5,1727185601675
16,0.0,1.00000030818537,0.83333333333333,0.5,0.5,0.49999986407084,0.5,0.5,1727185601692
16,0.0,1.00000030818537,0.83333333333333,0.5,0.5,0.49999986407084,0.5,0.5,1727185601708
16,0.0,1.00000030818537,0.83333333333333,0.5,0.5,0.49999986407084,0.5,0.5,1727185601725
16,0.0,1.00000030818537,0.83333333333333,0.5,0.5,0.49999986407084,0.5,0.5,1727185601742
16,0.0,1.00000030818537,0.83333333333333,0.5,0.5,0.49999986407084,0.5,0.5,1727185601758
16,0.0,1.00000030818537,0.83333333333333,0.5,0.5,0.49999986407084,0.5,0.5,1727185601775
16,0.0,1.00000030818537,0.83333333333333,0.5,0.5,0.49999986407084,0.5,0.5,1727185601792
16,0.0,1.00000030818537,0.83333333333333,0.5,0.5,0.49999986407084,0.5,0.5,1727185601810
16,0.0,1.00000030818537,0.83333333333333,0.5,0.5,0.49999986407084,0.5,0.5,1727185601825
16,0.0,1.00000030818537,0.83333333333333,0.5,0.5,0.49999986407084,0.5,0.5,1727185601842
16,0.0,1.00000030818537,0.83333333333333,0.5,0.5,0.49999986407084,0.5,0.5,1727185601859
16,0.0,1.00000030818537,0.83333333333333,0.5,0.5,0.49999986407084,0.5,0.5,1727185601875
16,0.0,1.00000030818537,0.83333333333333,0.5,0.5,0.49999986407084,0.5,0.5,1727185601889
16,0.0,1.00000030818537,0.83333333333333,0.5,0.5,0.49999986407084,0.5,0.5,1727185601889
17,0.0,0.66666666666667,0.33333333333333,0.83333333333333,0.5,0.5,0.5,0.5,1727185604275
17,0.0,0.66666666666667,0.33074767254945,0.83333333333333,0.5,0.5,0.49998821646831,0.5,1727185604280
17,0.0,0.66666666666667,0.30911927806202,0.83333333333333,0.5,0.5,0.49999740598038,0.5,1727185604294
17,0.0,0.66666666666667,0.26318835169899,0.83333333333333,0.5,0.5,0.49999079871373,0.5,1727185604311
17,0.0,0.66666666666667,0.20734358958546,0.83333333333333,0.5,0.5,0.49998952611218,0.5,1727185604328
17,0.0,0.66666666666667,0.10570393862405,0.83333333333333,0.5,0.5,0.50002323187769,0.5,1727185604344
17,0.0,0.66666666666667,0.01125535367239,0.83333333333333,0.5,0.5,0.50000581401783,0.5,1727185604361
17,0.0,0.66666666666667,8.3502819e-07,0.83333333333333,0.5,0.5,0.49998072544152,0.5,1727185604378
17,0.0,0.66666666666667,8.3502819e-07,0.83333333333333,0.5,0.5,0.49998072544152,0.5,1727185604394
17,0.0,0.66666666666667,8.3502819e-07,0.83333333333333,0.5,0.5,0.49998072544152,0.5,1727185604411
17,0.0,0.66666666666667,8.3502819e-07,0.83333333333333,0.5,0.5,0.49998072544152,0.5,1727185604428
17,0.0,0.66666666666667,8.3502819e-07,0.83333333333333,0.5,0.5,0.49998072544152,0.5,1727185604444
17,0.0,0.66666666666667,8.3502819e-07,0.83333333333333,0.5,0.5,0.49998072544152,0.5,1727185604461
17,0.0,0.66666666666667,8.3502819e-07,0.83333333333333,0.5,0.5,0.49998072544152,0.5,1727185604486
17,0.0,0.66666666666667,8.3502819e-07,0.83333333333333,0.5,0.5,0.49998072544152,0.5,1727185605669
17,0.0,0.67445648454302,8.3502819e-07,0.83333333333333,0.5,0.50000301406708,0.49998072544152,0.5,1727185605691
17,0.0,0.68497090052415,8.3502819e-07,0.83333333333333,0.5,0.49999901538769,0.49998072544152,0.5,1727185605698
17,0.0,0.69275273324475,8.3502819e-07,0.83333333333333,0.5,0.50000065083774,0.49998072544152,0.5,1727185605713
17,0.0,0.71769349735114,8.3502819e-07,0.83333333333333,0.5,0.49999932220982,0.49998072544152,0.5,1727185605729
17,0.0,0.76641387688786,8.3502819e-07,0.83333333333333,0.5,0.50000081783019,0.49998072544152,0.5,1727185605746
17,0.0,0.79797147888557,8.3502819e-07,0.83333333333333,0.5,0.49999881728551,0.49998072544152,0.5,1727185605762
17,0.0,0.87437955983743,8.3502819e-07,0.83333333333333,0.5,0.50000247894166,0.49998072544152,0.5,1727185605779
17,0.0,0.90871843838313,8.3502819e-07,0.83333333333333,0.5,0.50000220706146,0.49998072544152,0.5,1727185605796
17,0.0,0.9774028572078,8.3502819e-07,0.83333333333333,0.5,0.4999987165904,0.49998072544152,0.5,1727185605812
17,0.0,1.00000030818537,8.3502819e-07,0.83333333333333,0.5,0.49999986407084,0.49998072544152,0.5,1727185605829
17,0.0,1.00000030818537,8.3502819e-07,0.83333333333333,0.5,0.49999986407084,0.49998072544152,0.5,1727185605846
17,0.0,1.00000030818537,8.3502819e-07,0.83333333333333,0.5,0.49999986407084,0.49998072544152,0.5,1727185605863
17,0.0,1.00000030818537,8.3502819e-07,0.83333333333333,0.5,0.49999986407084,0.49998072544152,0.5,1727185605880
17,0.0,1.00000030818537,8.3502819e-07,0.83333333333333,0.5,0.49999986407084,0.49998072544152,0.5,1727185605897
17,0.0,1.00000030818537,8.3502819e-07,0.83333333333333,0.5,0.49999986407084,0.49998072544152,0.5,1727185605912
17,0.0,1.00000030818537,8.3502819e-07,0.83333333333333,0.5,0.49999986407084,0.49998072544152,0.5,1727185605929
17,0.0,1.00000030818537,8.3502819e-07,0.83333333333333,0.5,0.49999986407084,0.49998072544152,0.5,1727185605946
17,0.0,1.00000030818537,8.3502819e-07,0.83333333333333,0.5,0.49999986407084,0.49998072544152,0.5,1727185605951
17,0.0,1.00000030818537,8.3502819e-07,0.83333333333333,0.5,0.49999986407084,0.49998072544152,0.5,1727185605951
18,0.66666666666667,1.0,0.5,1.0,0.5,0.5,0.5,0.5,1727185611189
18,0.66666666666667,1.0,0.5,1.0,0.5,0.5,0.5,0.5,1727185611228
18,0.66666666666667,1.0,0.5,1.0,0.5,0.5,0.5,0.5,1727185611234
18,0.66666666666667,1.0,0.5,1.0,0.5,0.5,0.5,0.5,1727185611251
18,0.66666666666667,1.0,0.5,1.0,0.5,0.5,0.5,0.5,1727185611268
18,0.66666666666667,1.0,0.5,1.0,0.5,0.5,0.5,0.5,1727185611285
18,0.66666666666667,1.0,0.5,1.0,0.5,0.5,0.5,0.5,1727185611301
18,0.66666666666667,1.0,0.5,1.0,0.5,0.5,0.5,0.5,1727185611318
18,0.66666666666667,1.0,0.5,1.0,0.5,0.5,0.5,0.5,1727185611335
18,0.66666666666667,1.0,0.5,1.0,0.5,0.5,0.5,0.5,1727185611351
18,0.66666666666667,1.0,0.5,1.0,0.5,0.5,0.5,0.5,1727185611368
18,0.66666666666667,1.0,0.5,1.0,0.5,0.5,0.5,0.5,1727185611385
18,0.66666666666667,1.0,0.5,1.0,0.5,0.5,0.5,0.5,1727185611401
18,0.66666666666667,1.0,0.5,1.0,0.5,0.5,0.5,0.5,1727185611418
18,0.66666666666667,1.0,0.5,1.0,0.5,0.5,0.5,0.5,1727185611435
18,0.66666666666667,1.0,0.5,1.0,0.5,0.5,0.5,0.5,1727185611451
18,0.66666666666667,1.0,0.5,1.0,0.5,0.5,0.5,0.5,1727185611468
18,0.66666666666667,1.0,0.5,1.0,0.5,0.5,0.5,0.5,1727185611485
18,0.66666666666667,1.0,0.5,1.0,0.5,0.5,0.5,0.5,1727185611502
18,0.66666666666667,1.0,0.5,1.0,0.5,0.5,0.5,0.5,1727185611503
18,0.66666666666667,1.0,0.5,1.0,0.5,0.5,0.5,0.5,1727185611503
18,0.66666666666667,1.0,0.5,1.0,0.5,0.5,0.5,0.5,1727185612337
18,0.66666666666667,0.99999802625138,0.5,1.0,0.5,0.50000313241777,0.5,0.5,1727185612359
18,0.66666666666667,0.99999802625138,0.5,1.0,0.5,0.50000313241777,0.5,0.5,1727185612383
18,0.66666666666667,0.99999802625138,0.5,1.0,0.5,0.50000313241777,0.5,0.5,1727185612391
18,0.66666666666667,0.99999802625138,0.5,1.0,0.5,0.50000313241777,0.5,0.5,1727185612402
18,0.66666666666667,0.99999802625138,0.5,1.0,0.5,0.50000313241777,0.5,0.5,1727185612419
18,0.66666666666667,0.99999802625138,0.5,1.0,0.5,0.50000313241777,0.5,0.5,1727185612436
18,0.66666666666667,0.99999802625138,0.5,1.0,0.5,0.50000313241777,0.5,0.5,1727185612452
18,0.66666666666667,0.99999802625138,0.5,1.0,0.5,0.50000313241777,0.5,0.5,1727185612469
18,0.66666666666667,0.99999802625138,0.5,1.0,0.5,0.50000313241777,0.5,0.5,1727185612486
18,0.66666666666667,0.99999802625138,0.5,1.0,0.5,0.50000313241777,0.5,0.5,1727185612502
18,0.66666666666667,0.99999802625138,0.5,1.0,0.5,0.50000313241777,0.5,0.5,1727185612519
18,0.66666666666667,0.99999802625138,0.5,1.0,0.5,0.50000313241777,0.5,0.5,1727185612536
18,0.66666666666667,0.99999802625138,0.5,1.0,0.5,0.50000313241777,0.5,0.5,1727185612553
18,0.66666666666667,0.99999802625138,0.5,1.0,0.5,0.50000313241777,0.5,0.5,1727185612569
18,0.66666666666667,0.99999802625138,0.5,1.0,0.5,0.50000313241777,0.5,0.5,1727185612586
18,0.66666666666667,0.99999802625138,0.5,1.0,0.5,0.50000313241777,0.5,0.5,1727185612602
18,0.66666666666667,0.99999802625138,0.5,1.0,0.5,0.50000313241777,0.5,0.5,1727185612620
18,0.66666666666667,0.99999802625138,0.5,1.0,0.5,0.50000313241777,0.5,0.5,1727185612636
18,0.66666666666667,0.99999802625138,0.5,1.0,0.5,0.50000313241777,0.5,0.5,1727185612644
19,0.16666666666667,0.66666666666667,0.5,0.33333333333333,0.5,0.5,0.5,0.5,1727185616735
19,0.16666666666667,0.66666666666667,0.5,0.33333333333333,0.5,0.5,0.5,0.5,1727185616757
19,0.16666666666667,0.66666666666667,0.5,0.33333333333333,0.5,0.5,0.5,0.5,1727185616774
19,0.16666666666667,0.66666666666667,0.5,0.33333333333333,0.5,0.5,0.5,0.5,1727185616790
19,0.16666666666667,0.66666666666667,0.5,0.33333333333333,0.5,0.5,0.5,0.5,1727185616807
19,0.16666666666667,0.66666666666667,0.5,0.33333333333333,0.5,0.5,0.5,0.5,1727185616824
19,0.16666666666667,0.66666666666667,0.5,0.33333333333333,0.5,0.5,0.5,0.5,1727185616840
19,0.16666666666667,0.66666666666667,0.5,0.33333333333333,0.5,0.5,0.5,0.5,1727185616857
19,0.16666666666667,0.66666666666667,0.5,0.33333333333333,0.5,0.5,0.5,0.5,1727185616874
19,0.16666666666667,0.66666666666667,0.5,0.33333333333333,0.5,0.5,0.5,0.5,1727185616890
19,0.16666666666667,0.66666666666667,0.5,0.33333333333333,0.5,0.5,0.5,0.5,1727185616907
19,0.16666666666667,0.66666666666667,0.5,0.33333333333333,0.5,0.5,0.5,0.5,1727185617763
19,0.16666666666667,0.66666666666667,0.5,0.33333333333333,0.5,0.5,0.5,0.5,1727185617808
19,0.16666666666667,0.66666666666667,0.5,0.33333333333333,0.5,0.5,0.5,0.5,1727185618436
19,0.16666666666667,0.66666666666667,0.5,0.33333333333333,0.5,0.5,0.5,0.5,1727185618451
19,0.16666666666667,0.66666666666667,0.5,0.33333333333333,0.5,0.5,0.5,0.5,1727185618459
19,0.16666666666667,0.66666666666667,0.5,0.33333333333333,0.5,0.5,0.5,0.5,1727185618475
19,0.16666666666667,0.66666666666667,0.5,0.33333333333333,0.5,0.5,0.5,0.5,1727185618492
19,0.16666666666667,0.66666666666667,0.5,0.33333333333333,0.5,0.5,0.5,0.5,1727185618508
19,0.16666666666667,0.66666666666667,0.5,0.33333333333333,0.5,0.5,0.5,0.5,1727185618525
19,0.16666666666667,0.66666666666667,0.5,0.33333333333333,0.5,0.5,0.5,0.5,1727185618542
19,0.16666666666667,0.66666666666667,0.5,0.33333333333333,0.5,0.5,0.5,0.5,1727185618559
19,0.16666666666667,0.66666666666667,0.5,0.33333333333333,0.5,0.5,0.5,0.5,1727185618806
19,0.16666666666667,0.66666666666667,0.5,0.33333333333333,0.5,0.5,0.5,0.5,1727185619736
19,0.16666666666667,0.66666666666667,0.5,0.33333333333333,0.5,0.5,0.5,0.5,1727185620749
19,0.17334617537092,0.66666666666667,0.5,0.33333333333333,0.50001004578773,0.5,0.5,0.5,1727185620787
19,0.19720497716107,0.66666666666667,0.5,0.33333333333333,0.50000613599527,0.5,0.5,0.5,1727185620794
19,0.30025979818896,0.66666666666667,0.5,0.33333333333333,0.49999825634534,0.5,0.5,0.5,1727185620811
19,0.47127200664795,0.66666666666667,0.5,0.33333333333333,0.49999624195531,0.5,0.5,0.5,1727185620827
19,0.67294590506088,0.66666666666667,0.5,0.33333333333333,0.49999525631971,0.5,0.5,0.5,1727185620844
19,0.97746371230664,0.66666666666667,0.5,0.33333333333333,0.50000097640627,0.5,0.5,0.5,1727185620861
19,0.99999914653225,0.66666666666667,0.5,0.33333333333333,0.49999962356656,0.5,0.5,0.5,1727185620878
19,0.99999914653225,0.66666666666667,0.5,0.33333333333333,0.49999962356656,0.5,0.5,0.5,1727185620894
19,0.99999914653225,0.66666666666667,0.5,0.33333333333333,0.49999962356656,0.5,0.5,0.5,1727185620911
19,0.99999914653225,0.66666666666667,0.5,0.33333333333333,0.49999962356656,0.5,0.5,0.5,1727185620928
19,0.99999914653225,0.66666666666667,0.5,0.33333333333333,0.49999962356656,0.5,0.5,0.5,1727185620944
19,0.99999914653225,0.66666666666667,0.5,0.33333333333333,0.49999962356656,0.5,0.5,0.5,1727185620961
19,0.99999914653225,0.66666666666667,0.5,0.33333333333333,0.49999962356656,0.5,0.5,0.5,1727185620977
19,0.99999914653225,0.66666666666667,0.5,0.33333333333333,0.49999962356656,0.5,0.5,0.5,1727185620994
19,0.99999914653225,0.66666666666667,0.5,0.33333333333333,0.49999962356656,0.5,0.5,0.5,1727185621008
19,0.99999914653225,0.66666666666667,0.5,0.33333333333333,0.49999962356656,0.5,0.5,0.5,1727185621008
19,0.99999914653225,0.66666666666667,0.5,0.33333333333333,0.49999962356656,0.5,0.5,0.5,1727185621795
19,0.99999914653225,0.64950020474883,0.5,0.33333333333333,0.49999962356656,0.49999515967972,0.5,0.5,1727185621818
19,0.99999914653225,0.6164055074008,0.5,0.33333333333333,0.49999962356656,0.49999649542165,0.5,0.5,1727185621828
19,0.99999914653225,0.50796086006113,0.5,0.33333333333333,0.49999962356656,0.49999489820122,0.5,0.5,1727185621845
19,0.99999914653225,0.3240737528644,0.5,0.33333333333333,0.49999962356656,0.5000030446112,0.5,0.5,1727185621862
19,0.99999914653225,0.0931855655852,0.5,0.33333333333333,0.49999962356656,0.4999984734999,0.5,0.5,1727185621878
19,0.99999914653225,1.16165411e-06,0.5,0.33333333333333,0.49999962356656,0.49999743819999,0.5,0.5,1727185621895
19,0.99999914653225,1.16165411e-06,0.5,0.33333333333333,0.49999962356656,0.49999743819999,0.5,0.5,1727185621912
19,0.99999914653225,0.02932897616087,0.5,0.33333333333333,0.49999962356656,0.4999883563501,0.5,0.5,1727185621929
19,0.99999914653225,1.16165411e-06,0.5,0.33333333333333,0.49999962356656,0.49999743819999,0.5,0.5,1727185621945
19,0.99999914653225,1.16165411e-06,0.5,0.33333333333333,0.49999962356656,0.49999743819999,0.5,0.5,1727185621962
19,0.99999914653225,1.16165411e-06,0.5,0.33333333333333,0.49999962356656,0.49999743819999,0.5,0.5,1727185621979
19,0.99999914653225,1.16165411e-06,0.5,0.33333333333333,0.49999962356656,0.49999743819999,0.5,0.5,1727185621995
19,0.99999914653225,1.16165411e-06,0.5,0.33333333333333,0.49999962356656,0.49999743819999,0.5,0.5,1727185622012
19,0.99999914653225,1.16165411e-06,0.5,0.33333333333333,0.49999962356656,0.49999743819999,0.5,0.5,1727185622015
19,0.99999914653225,1.16165411e-06,0.5,0.33333333333333,0.49999962356656,0.49999743819999,0.5,0.5,1727185622015
20,0.33333333333333,0.33333333333333,0.66666666666667,0.16666666666667,0.5,0.5,0.5,0.5,1727185624313
20,0.33721773438305,0.33333333333333,0.66666666666667,0.16666666666667,0.50000220615603,0.5,0.5,0.5,1727185624335
20,0.35058595155656,0.33333333333333,0.66666666666667,0.16666666666667,0.50000122658535,0.5,0.5,0.5,1727185624348
20,0.38786447940204,0.33333333333333,0.66666666666667,0.16666666666667,0.50000254195724,0.5,0.5,0.5,1727185624364
20,0.48043537754495,0.33333333333333,0.66666666666667,0.16666666666667,0.50000347832837,0.5,0.5,0.5,1727185624381
20,0.64790493879499,0.33333333333333,0.66666666666667,0.16666666666667,0.49999830929553,0.5,0.5,0.5,1727185624398
20,0.99999914653225,0.33333333333333,0.66666666666667,0.16666666666667,0.49999962356656,0.5,0.5,0.5,1727185624415
20,0.99999914653225,0.33333333333333,0.66666666666667,0.16666666666667,0.49999962356656,0.5,0.5,0.5,1727185624431
20,0.99999914653225,0.33333333333333,0.66666666666667,0.16666666666667,0.49999962356656,0.5,0.5,0.5,1727185624448
20,0.99999914653225,0.33333333333333,0.66666666666667,0.16666666666667,0.49999962356656,0.5,0.5,0.5,1727185624464
20,0.99999914653225,0.33333333333333,0.66666666666667,0.16666666666667,0.49999962356656,0.5,0.5,0.5,1727185624481
20,0.99999914653225,0.33333333333333,0.66666666666667,0.16666666666667,0.49999962356656,0.5,0.5,0.5,1727185624498
20,0.99999914653225,0.33333333333333,0.66666666666667,0.16666666666667,0.49999962356656,0.5,0.5,0.5,1727185624514
20,0.99999914653225,0.33333333333333,0.66666666666667,0.16666666666667,0.49999962356656,0.5,0.5,0.5,1727185624518
20,0.99999914653225,0.33333333333333,0.66666666666667,0.16666666666667,0.49999962356656,0.5,0.5,0.5,1727185624518
20,0.99999914653225,0.33333333333333,0.66666666666667,0.16666666666667,0.49999962356656,0.5,0.5,0.5,1727185625249
20,0.99999914653225,0.31906268880237,0.66666666666667,0.16666666666667,0.49999962356656,0.4999988855078,0.5,0.5,1727185625312
20,0.99999914653225,0.29138549527766,0.66666666666667,0.16666666666667,0.49999962356656,0.49999910394657,0.5,0.5,1727185625316
20,0.99999914653225,0.2808844027775,0.66666666666667,0.16666666666667,0.49999962356656,0.4999922322725,0.5,0.5,1727185625333
20,0.99999914653225,0.12917506510845,0.66666666666667,0.16666666666667,0.49999962356656,0.49999151676403,0.5,0.5,1727185625349
20,0.99999914653225,0.00514292096459,0.66666666666667,0.16666666666667,0.49999962356656,0.49999036381919,0.5,0.5,1727185625365
20,0.99999914653225,1.16165411e-06,0.66666666666667,0.16666666666667,0.49999962356656,0.49999743819999,0.5,0.5,1727185625382
20,0.99999914653225,1.16165411e-06,0.66666666666667,0.16666666666667,0.49999962356656,0.49999743819999,0.5,0.5,1727185625399
20,0.99999914653225,1.16165411e-06,0.66666666666667,0.16666666666667,0.49999962356656,0.49999743819999,0.5,0.5,1727185625416
20,0.99999914653225,1.16165411e-06,0.66666666666667,0.16666666666667,0.49999962356656,0.49999743819999,0.5,0.5,1727185625432
20,0.99999914653225,1.16165411e-06,0.66666666666667,0.16666666666667,0.49999962356656,0.49999743819999,0.5,0.5,1727185625449
20,0.99999914653225,1.16165411e-06,0.66666666666667,0.16666666666667,0.49999962356656,0.49999743819999,0.5,0.5,1727185625453
20,0.99999914653225,1.16165411e-06,0.66666666666667,0.16666666666667,0.49999962356656,0.49999743819999,0.5,0.5,1727185625453
21,1.0,0.0,1.0,0.66666666666667,0.5,0.5,0.5,0.5,1727185627949
21,0.98949139228091,0.0,1.0,0.66666666666667,0.49999959282265,0.5,0.5,0.5,1727185627954
21,0.97899029976769,0.0,1.0,0.66666666666667,0.50000255003007,0.5,0.5,0.5,1727185627968
21,0.93324775492144,0.0,1.0,0.66666666666667,0.50000074601356,0.5,0.5,0.5,1727185627985
21,0.83223000940393,0.0,1.0,0.66666666666667,0.49999961291543,0.5,0.5,0.5,1727185628002
21,0.68340881217765,0.0,1.0,0.66666666666667,0.49999611790778,0.5,0.5,0.5,1727185628019
21,0.30467452607963,0.0,1.0,0.66666666666667,0.49999761745896,0.5,0.5,0.5,1727185628035
21,0.01127413271512,0.0,1.0,0.66666666666667,0.49999411189383,0.5,0.5,0.5,1727185628051
21,1.16165411e-06,0.0,1.0,0.66666666666667,0.50000256180001,0.5,0.5,0.5,1727185628068
21,1.16165411e-06,0.0,1.0,0.66666666666667,0.50000256180001,0.5,0.5,0.5,1727185628085
21,1.16165411e-06,0.0,1.0,0.66666666666667,0.50000256180001,0.5,0.5,0.5,1727185628102
21,1.16165411e-06,0.0,1.0,0.66666666666667,0.50000256180001,0.5,0.5,0.5,1727185628118
21,1.16165411e-06,0.0,1.0,0.66666666666667,0.50000256180001,0.5,0.5,0.5,1727185628135
21,1.16165411e-06,0.0,1.0,0.66666666666667,0.50000256180001,0.5,0.5,0.5,1727185628151
21,1.16165411e-06,0.0,1.0,0.66666666666667,0.50000256180001,0.5,0.5,0.5,1727185628169
21,1.16165411e-06,0.0,1.0,0.66666666666667,0.50000256180001,0.5,0.5,0.5,1727185628169
22,1.0,0.83333333333333,0.5,0.5,0.5,0.5,0.5,0.5,1727185631140
22,0.97900080765112,0.83333333333333,0.5,0.5,0.50000036231168,0.5,0.5,0.5,1727185631163
22,0.93998196458413,0.83333333333333,0.5,0.5,0.49999877186084,0.5,0.5,0.5,1727185631171
22,0.83840222214022,0.83333333333333,0.5,0.5,0.50000112562219,0.5,0.5,0.5,1727185631188
22,0.74050351444615,0.83333333333333,0.5,0.5,0.49999767453888,0.5,0.5,0.5,1727185631204
22,0.60216239396049,0.83333333333333,0.5,0.5,0.49999557674068,0.5,0.5,0.5,1727185631221
22,0.4116335869443,0.83333333333333,0.5,0.5,0.50000234795485,0.5,0.5,0.5,1727185631238
22,0.19044693613453,0.83333333333333,0.5,0.5,0.5000009792282,0.5,0.5,0.5,1727185631255
22,1.16165411e-06,0.83333333333333,0.5,0.5,0.50000256180001,0.5,0.5,0.5,1727185631272
22,1.16165411e-06,0.83333333333333,0.5,0.5,0.50000256180001,0.5,0.5,0.5,1727185631288
22,1.16165411e-06,0.83333333333333,0.5,0.5,0.50000256180001,0.5,0.5,0.5,1727185631304
22,1.16165411e-06,0.83333333333333,0.5,0.5,0.50000256180001,0.5,0.5,0.5,1727185631321
22,1.16165411e-06,0.83333333333333,0.5,0.5,0.50000256180001,0.5,0.5,0.5,1727185631338
22,1.16165411e-06,0.83333333333333,0.5,0.5,0.50000256180001,0.5,0.5,0.5,1727185631354
22,1.16165411e-06,0.83333333333333,0.5,0.5,0.50000256180001,0.5,0.5,0.5,1727185631371
22,1.16165411e-06,0.83333333333333,0.5,0.5,0.50000256180001,0.5,0.5,0.5,1727185631377
22,1.16165411e-06,0.83333333333333,0.5,0.5,0.50000256180001,0.5,0.5,0.5,1727185631377
22,1.16165411e-06,0.83333333333333,0.5,0.5,0.50000256180001,0.5,0.5,0.5,1727185632049
22,1.16165411e-06,0.82572003539779,0.5,0.5,0.50000256180001,0.50000155884572,0.5,0.5,1727185632057
22,1.16165411e-06,0.80855059612482,0.5,0.5,0.50000256180001,0.50000169272573,0.5,0.5,1727185632073
22,1.16165411e-06,0.71608656187196,0.5,0.5,0.50000256180001,0.50000327904357,0.5,0.5,1727185632089
22,1.16165411e-06,0.51816903842685,0.5,0.5,0.50000256180001,0.50000013804763,0.5,0.5,1727185632105
22,1.16165411e-06,0.18591868263453,0.5,0.5,0.50000256180001,0.50000555769325,0.5,0.5,1727185632122
22,1.16165411e-06,1.16165411e-06,0.5,0.5,0.50000256180001,0.49999743819999,0.5,0.5,1727185632139
22,1.16165411e-06,0.00861022794932,0.5,0.5,0.50000256180001,0.50001099348806,0.5,0.5,1727185632155
22,1.16165411e-06,0.01720494018482,0.5,0.5,0.50000256180001,0.4999898068567,0.5,0.5,1727185632172
22,1.16165411e-06,1.16165411e-06,0.5,0.5,0.50000256180001,0.49999743819999,0.5,0.5,1727185632189
22,1.16165411e-06,1.16165411e-06,0.5,0.5,0.50000256180001,0.49999743819999,0.5,0.5,1727185632206
22,1.16165411e-06,1.16165411e-06,0.5,0.5,0.50000256180001,0.49999743819999,0.5,0.5,1727185632222
22,1.16165411e-06,1.16165411e-06,0.5,0.5,0.50000256180001,0.49999743819999,0.5,0.5,1727185632238
22,1.16165411e-06,1.16165411e-06,0.5,0.5,0.50000256180001,0.49999743819999,0.5,0.5,1727185632238
23,0.5,0.0,0.33333333333333,1.0,0.5,0.5,0.5,0.5,1727185634625
23,0.49335230782604,0.0,0.33333333333333,1.0,0.49999885905397,0.5,0.5,0.5,1727185634639
23,0.48006327702572,0.0,0.33333333333333,1.0,0.50000131292769,0.5,0.5,0.5,1727185634646
23,0.45358541757379,0.0,0.33333333333333,1.0,0.50000062859459,0.5,0.5,0.5,1727185634658
23,0.34144641201382,0.0,0.33333333333333,1.0,0.50000024065627,0.5,0.5,0.5,1727185634675
23,0.15036330040064,0.0,0.33333333333333,1.0,0.49999183343819,0.5,0.5,0.5,1727185634691
23,1.16165411e-06,0.0,0.33333333333333,1.0,0.50000256180001,0.5,0.5,0.5,1727185634708
23,1.16165411e-06,0.0,0.33333333333333,1.0,0.50000256180001,0.5,0.5,0.5,1727185634725
23,1.16165411e-06,0.0,0.33333333333333,1.0,0.50000256180001,0.5,0.5,0.5,1727185634742
23,1.16165411e-06,0.0,0.33333333333333,1.0,0.50000256180001,0.5,0.5,0.5,1727185634759
23,1.16165411e-06,0.0,0.33333333333333,1.0,0.50000256180001,0.5,0.5,0.5,1727185634775
23,1.16165411e-06,0.0,0.33333333333333,1.0,0.50000256180001,0.5,0.5,0.5,1727185634792
23,1.16165411e-06,0.0,0.33333333333333,1.0,0.50000256180001,0.5,0.5,0.5,1727185634799
23,1.16165411e-06,0.0,0.33333333333333,1.0,0.50000256180001,0.5,0.5,0.5,1727185634799
24,0.5,1.0,0.5,0.0,0.5,0.5,0.5,0.5,1727185638491
24,0.5,1.0,0.48555991477571,0.0,0.5,0.5,0.49999829902984,0.5,1727185638505
24,0.5,1.0,0.47112718383533,0.0,0.5,0.5,0.50000440018783,0.5,1727185638512
24,0.5,1.0,0.43958758453554,0.0,0.5,0.5,0.49999704780809,0.5,1727185638528
24,0.5,1.0,0.39818278176752,0.0,0.5,0.5,0.4999976803875,0.5,1727185638545
24,0.5,1.0,0.34955799932635,0.0,0.5,0.5,0.49999787929085,0.5,1727185638562
24,0.5,1.0,0.23013982307672,0.0,0.5,0.5,0.50000891675428,0.5,1727185638578
24,0.5,1.0,0.06524353214017,0.0,0.5,0.5,0.49997782890906,0.5,1727185638595
24,0.5,1.0,8.3502819e-07,0.0,0.5,0.5,0.49998072544152,0.5,1727185638612
24,0.5,1.0,8.3502819e-07,0.0,0.5,0.5,0.49998072544152,0.5,1727185638629
24,0.5,1.0,8.3502819e-07,0.0,0.5,0.5,0.49998072544152,0.5,1727185638646
24,0.5,1.0,8.3502819e-07,0.0,0.5,0.5,0.49998072544152,0.5,1727185638663
24,0.5,1.0,8.3502819e-07,0.0,0.5,0.5,0.49998072544152,0.5,1727185638671
24,0.5,1.0,8.3502819e-07,0.0,0.5,0.5,0.49998072544152,0.5,1727185638671
25,0.5,0.5,0.83333333333333,0.33333333333333,0.5,0.5,0.5,0.5,1727185642173
25,0.47900514608455,0.5,0.83333333333333,0.33333333333333,0.50000389185424,0.5,0.5,0.5,1727185642182
25,0.44467011369707,0.5,0.83333333333333,0.33333333333333,0.49999459568804,0.5,0.5,0.5,1727185642199
25,0.39707654358232,0.5,0.83333333333333,0.33333333333333,0.49999967665902,0.5,0.5,0.5,1727185642215
25,0.3455787336601,0.5,0.83333333333333,0.33333333333333,0.49999455526224,0.5,0.5,0.5,1727185642232
25,0.23600343072303,0.5,0.83333333333333,0.33333333333333,0.50000389185424,0.5,0.5,0.5,1727185642249
25,0.05796794461639,0.5,0.83333333333333,0.33333333333333,0.49999769750803,0.5,0.5,0.5,1727185642265
25,1.16165411e-06,0.5,0.83333333333333,0.33333333333333,0.50000256180001,0.5,0.5,0.5,1727185642283
25,1.16165411e-06,0.5,0.83333333333333,0.33333333333333,0.50000256180001,0.5,0.5,0.5,1727185642299
25,1.16165411e-06,0.5,0.83333333333333,0.33333333333333,0.50000256180001,0.5,0.5,0.5,1727185642316
25,1.16165411e-06,0.5,0.83333333333333,0.33333333333333,0.50000256180001,0.5,0.5,0.5,1727185642321
25,1.16165411e-06,0.5,0.83333333333333,0.33333333333333,0.50000256180001,0.5,0.5,0.5,1727185642321
25,1.16165411e-06,0.5,0.83333333333333,0.33333333333333,0.50000256180001,0.5,0.5,0.5,1727185643097
25,1.16165411e-06,0.48282738395516,0.83333333333333,0.33333333333333,0.50000256180001,0.50000254685038,0.5,0.5,1727185643145
25,1.16165411e-06,0.44849516714199,0.83333333333333,0.33333333333333,0.50000256180001,0.49999774301064,0.5,0.5,1727185643152
25,1.16165411e-06,0.38775095378467,0.83333333333333,0.33333333333333,0.50000256180001,0.50000250042419,0.5,0.5,1727185643166
25,1.16165411e-06,0.18473651817703,0.83333333333333,0.33333333333333,0.50000256180001,0.50000246455512,0.5,0.5,1727185643183
25,1.16165411e-06,1.16165411e-06,0.83333333333333,0.33333333333333,0.50000256180001,0.49999743819999,0.5,0.5,1727185643200
25,1.16165411e-06,0.03355099204333,0.83333333333333,0.33333333333333,0.50000256180001,0.50000554946476,0.5,0.5,1727185643217
25,1.16165411e-06,1.16165411e-06,0.83333333333333,0.33333333333333,0.50000256180001,0.49999743819999,0.5,0.5,1727185643233
25,1.16165411e-06,1.16165411e-06,0.83333333333333,0.33333333333333,0.50000256180001,0.49999743819999,0.5,0.5,1727185643241
25,1.16165411e-06,1.16165411e-06,0.83333333333333,0.33333333333333,0.50000256180001,0.49999743819999,0.5,0.5,1727185643241
26,0.83333333333333,0.83333333333333,0.66666666666667,1.0,0.5,0.5,0.5,0.5,1727185645792
26,0.83333333333333,0.83333333333333,0.65943813543822,1.0,0.5,0.5,0.50000001694497,0.5,1727185645831
26,0.83333333333333,0.83333333333333,0.63779528415511,1.0,0.5,0.5,0.49999477234497,0.5,1727185645838
26,0.83333333333333,0.83333333333333,0.60175124646694,1.0,0.5,0.5,0.50000166741074,0.5,1727185645852
26,0.83333333333333,0.83333333333333,0.57290550324937,1.0,0.5,0.5,0.49999113829955,0.5,1727185645869
26,0.83333333333333,0.83333333333333,0.43037695025469,1.0,0.5,0.5,0.50000783258688,0.5,1727185645886
26,0.83333333333333,0.83333333333333,0.28510131142721,1.0,0.5,0.5,0.50000016185221,0.5,1727185645902
26,0.83333333333333,0.83333333333333,0.13075370675425,1.0,0.5,0.5,0.50001259976772,0.5,1727185645919
26,0.83333333333333,0.83333333333333,8.3502819e-07,1.0,0.5,0.5,0.49998072544152,0.5,1727185645936
26,0.83333333333333,0.83333333333333,8.3502819e-07,1.0,0.5,0.5,0.49998072544152,0.5,1727185645952
26,0.83333333333333,0.83333333333333,8.3502819e-07,1.0,0.5,0.5,0.49998072544152,0.5,1727185645969
26,0.83333333333333,0.83333333333333,8.3502819e-07,1.0,0.5,0.5,0.49998072544152,0.5,1727185645986
26,0.83333333333333,0.83333333333333,8.3502819e-07,1.0,0.5,0.5,0.49998072544152,0.5,1727185646002
26,0.83333333333333,0.83333333333333,8.3502819e-07,1.0,0.5,0.5,0.49998072544152,0.5,1727185646020
26,0.83333333333333,0.83333333333333,8.3502819e-07,1.0,0.5,0.5,0.49998072544152,0.5,1727185646029
26,0.83333333333333,0.83333333333333,8.3502819e-07,1.0,0.5,0.5,0.49998072544152,0.5,1727185646029
26,0.83333333333333,0.83333333333333,8.3502819e-07,1.0,0.5,0.5,0.49998072544152,0.5,1727185646867
26,0.83333333333333,0.85050617853575,8.3502819e-07,1.0,0.5,0.49999818925109,0.49998072544152,0.5,1727185646887
26,0.83333333333333,0.86767561780915,8.3502819e-07,1.0,0.5,0.49999811421615,0.49998072544152,0.5,1727185646904
26,0.83333333333333,0.91537605179575,8.3502819e-07,1.0,0.5,0.50000162524985,0.49998072544152,0.5,1727185646920
26,0.83333333333333,0.9421191478773,8.3502819e-07,1.0,0.5,0.49999944541526,0.49998072544152,0.5,1727185646937
26,0.83333333333333,0.99999623657781,8.3502819e-07,1.0,0.5,0.49999939804288,0.49998072544152,0.5,1727185646954
26,0.83333333333333,0.99999623657781,8.3502819e-07,1.0,0.5,0.49999939804288,0.49998072544152,0.5,1727185646971
26,0.83333333333333,0.99999623657781,8.3502819e-07,1.0,0.5,0.49999939804288,0.49998072544152,0.5,1727185646987
26,0.83333333333333,0.99999623657781,8.3502819e-07,1.0,0.5,0.49999939804288,0.49998072544152,0.5,1727185647003
26,0.83333333333333,0.99999623657781,8.3502819e-07,1.0,0.5,0.49999939804288,0.49998072544152,0.5,1727185647011
26,0.83333333333333,0.99999623657781,8.3502819e-07,1.0,0.5,0.49999939804288,0.49998072544152,0.5,1727185647011
27,0.0,0.0,0.83333333333333,0.83333333333333,0.5,0.5,0.5,0.5,1727185652485
27,0.01052608553196,0.0,0.83333333333333,0.83333333333333,0.50000636684735,0.5,0.5,0.5,1727185652516
27,0.02504212791894,0.0,0.83333333333333,0.83333333333333,0.49999192990748,0.5,0.5,0.5,1727185652526
27,0.06326141492824,0.0,0.83333333333333,0.83333333333333,0.49999978258579,0.5,0.5,0.5,1727185652542
27,0.147960786106,0.0,0.83333333333333,0.83333333333333,0.50000961447753,0.5,0.5,0.5,1727185652559
27,0.23499014691388,0.0,0.83333333333333,0.83333333333333,0.50000628814037,0.5,0.5,0.5,1727185652576
27,0.34314188011034,0.0,0.83333333333333,0.83333333333333,0.50000317757978,0.5,0.5,0.5,1727185652592
27,0.51983682901873,0.0,0.83333333333333,0.83333333333333,0.50000433979214,0.5,0.5,0.5,1727185652609
27,0.69793817802065,0.0,0.83333333333333,0.83333333333333,0.49999983510363,0.5,0.5,0.5,1727185652626
27,0.86798194979131,0.0,0.83333333333333,0.83333333333333,0.49999868547144,0.5,0.5,0.5,1727185652642
27,0.99999914653225,0.0,0.83333333333333,0.83333333333333,0.49999962356656,0.5,0.5,0.5,1727185652659
27,0.99999914653225,0.0,0.83333333333333,0.83333333333333,0.49999962356656,0.5,0.5,0.5,1727185652676
27,0.99999914653225,0.0,0.83333333333333,0.83333333333333,0.49999962356656,0.5,0.5,0.5,1727185652692
27,0.99999914653225,0.0,0.83333333333333,0.83333333333333,0.49999962356656,0.5,0.5,0.5,1727185652709
27,0.99999914653225,0.0,0.83333333333333,0.83333333333333,0.49999962356656,0.5,0.5,0.5,1727185652726
27,0.99999914653225,0.0,0.83333333333333,0.83333333333333,0.49999962356656,0.5,0.5,0.5,1727185652743
27,0.99999914653225,0.0,0.83333333333333,0.83333333333333,0.49999962356656,0.5,0.5,0.5,1727185652760
27,0.99999914653225,0.0,0.83333333333333,0.83333333333333,0.49999962356656,0.5,0.5,0.5,1727185652777
27,0.99999914653225,0.0,0.83333333333333,0.83333333333333,0.49999962356656,0.5,0.5,0.5,1727185652793
27,0.99999914653225,0.0,0.83333333333333,0.83333333333333,0.49999962356656,0.5,0.5,0.5,1727185652807
27,0.99999914653225,0.0,0.83333333333333,0.83333333333333,0.49999962356656,0.5,0.5,0.5,1727185652807
28,0.33333333333333,0.33333333333333,0.66666666666667,0.0,0.5,0.5,0.5,0.5,1727185656215
28,0.33721773438305,0.33333333333333,0.66666666666667,0.0,0.50000220615603,0.5,0.5,0.5,1727185656269
28,0.34388992729263,0.33333333333333,0.66666666666667,0.0,0.49999779018983,0.5,0.5,0.5,1727185656279
28,0.38428364681378,0.33333333333333,0.66666666666667,0.0,0.50000584436298,0.5,0.5,0.5,1727185656296
28,0.47684788320903,0.33333333333333,0.66666666666667,0.0,0.50000131175638,0.5,0.5,0.5,1727185656313
28,0.61804946662553,0.33333333333333,0.66666666666667,0.0,0.50000210406193,0.5,0.5,0.5,1727185656330
28,0.80027929111695,0.33333333333333,0.66666666666667,0.0,0.50000124306783,0.5,0.5,0.5,1727185656346
28,0.99999914653225,0.33333333333333,0.66666666666667,0.0,0.49999962356656,0.5,0.5,0.5,1727185656363
28,0.99999914653225,0.33333333333333,0.66666666666667,0.0,0.49999962356656,0.5,0.5,0.5,1727185656380
28,0.99999914653225,0.33333333333333,0.66666666666667,0.0,0.49999962356656,0.5,0.5,0.5,1727185656396
28,0.99999914653225,0.33333333333333,0.66666666666667,0.0,0.49999962356656,0.5,0.5,0.5,1727185656413
28,0.99999914653225,0.33333333333333,0.66666666666667,0.0,0.49999962356656,0.5,0.5,0.5,1727185656430
28,0.99999914653225,0.33333333333333,0.66666666666667,0.0,0.49999962356656,0.5,0.5,0.5,1727185656446
28,0.99999914653225,0.33333333333333,0.66666666666667,0.0,0.49999962356656,0.5,0.5,0.5,1727185656463
28,0.99999914653225,0.33333333333333,0.66666666666667,0.0,0.49999962356656,0.5,0.5,0.5,1727185656480
28,0.99999914653225,0.33333333333333,0.66666666666667,0.0,0.49999962356656,0.5,0.5,0.5,1727185656496
28,0.99999914653225,0.33333333333333,0.66666666666667,0.0,0.49999962356656,0.5,0.5,0.5,1727185656513
28,0.99999914653225,0.33333333333333,0.66666666666667,0.0,0.49999962356656,0.5,0.5,0.5,1727185656522
28,0.99999914653225,0.33333333333333,0.66666666666667,0.0,0.49999962356656,0.5,0.5,0.5,1727185657641
28,0.99999914653225,0.32668230262917,0.66666666666667,0.0,0.49999962356656,0.49999485696375,0.5,0.5,1727185657671
28,0.99999914653225,0.30951670951353,0.66666666666667,0.0,0.49999962356656,0.50000627424252,0.5,0.5,1727185657681
28,0.99999914653225,0.26087551633961,0.66666666666667,0.0,0.49999962356656,0.50000151812968,0.5,0.5,1727185657697
28,0.99999914653225,0.17397018902681,0.66666666666667,0.0,0.49999962356656,0.49999875388669,0.5,0.5,1727185657714
28,0.99999914653225,0.1014568706022,0.66666666666667,0.0,0.49999962356656,0.50000732246727,0.5,0.5,1727185657731
28,0.99999914653225,1.16165411e-06,0.66666666666667,0.0,0.49999962356656,0.49999743819999,0.5,0.5,1727185657748
28,0.99999914653225,1.16165411e-06,0.66666666666667,0.0,0.49999962356656,0.49999743819999,0.5,0.5,1727185657765
28,0.99999914653225,0.04347291801709,0.66666666666667,0.0,0.49999962356656,0.50000752406815,0.5,0.5,1727185657781
28,0.99999914653225,0.01123594733021,0.66666666666667,0.0,0.49999962356656,0.49998907184694,0.5,0.5,1727185657798
28,0.99999914653225,1.16165411e-06,0.66666666666667,0.0,0.49999962356656,0.49999743819999,0.5,0.5,1727185657805
28,0.99999914653225,1.16165411e-06,0.66666666666667,0.0,0.49999962356656,0.49999743819999,0.5,0.5,1727185657805
