rank,stream_index,run_index,error,subject_id,plot_path
1,1770,1770,0.0835510645109002,305,results/state-based-grid-result/pmh/cond3_subjectwise_hyper_cd_best/plots/trajectory_posterior/subject_305_top16_posterior.png
2,3516,3516,0.08367176823274075,305,results/state-based-grid-result/pmh/cond3_subjectwise_hyper_cd_best/plots/trajectory_posterior/subject_305_top16_posterior.png
3,3717,3717,0.08402745514289824,305,results/state-based-grid-result/pmh/cond3_subjectwise_hyper_cd_best/plots/trajectory_posterior/subject_305_top16_posterior.png
4,3979,3979,0.08444010362133567,305,results/state-based-grid-result/pmh/cond3_subjectwise_hyper_cd_best/plots/trajectory_posterior/subject_305_top16_posterior.png
5,1961,1961,0.08444924430536152,305,results/state-based-grid-result/pmh/cond3_subjectwise_hyper_cd_best/plots/trajectory_posterior/subject_305_top16_posterior.png
6,1788,1788,0.08467348226257593,305,results/state-based-grid-result/pmh/cond3_subjectwise_hyper_cd_best/plots/trajectory_posterior/subject_305_top16_posterior.png
7,422,422,0.08468722479986876,305,results/state-based-grid-result/pmh/cond3_subjectwise_hyper_cd_best/plots/trajectory_posterior/subject_305_top16_posterior.png
8,2717,2717,0.08477230813885277,305,results/state-based-grid-result/pmh/cond3_subjectwise_hyper_cd_best/plots/trajectory_posterior/subject_305_top16_posterior.png
9,2791,2791,0.0847765810951239,305,results/state-based-grid-result/pmh/cond3_subjectwise_hyper_cd_best/plots/trajectory_posterior/subject_305_top16_posterior.png
10,3222,3222,0.08486223004174556,305,results/state-based-grid-result/pmh/cond3_subjectwise_hyper_cd_best/plots/trajectory_posterior/subject_305_top16_posterior.png
11,2602,2602,0.08531404182505298,305,results/state-based-grid-result/pmh/cond3_subjectwise_hyper_cd_best/plots/trajectory_posterior/subject_305_top16_posterior.png
12,516,516,0.08545808603719576,305,results/state-based-grid-result/pmh/cond3_subjectwise_hyper_cd_best/plots/trajectory_posterior/subject_305_top16_posterior.png
13,3753,3753,0.08548064895249671,305,results/state-based-grid-result/pmh/cond3_subjectwise_hyper_cd_best/plots/trajectory_posterior/subject_305_top16_posterior.png
14,186,186,0.08561171024321523,305,results/state-based-grid-result/pmh/cond3_subjectwise_hyper_cd_best/plots/trajectory_posterior/subject_305_top16_posterior.png
15,10,10,0.08571504804033911,305,results/state-based-grid-result/pmh/cond3_subjectwise_hyper_cd_best/plots/trajectory_posterior/subject_305_top16_posterior.png
16,332,332,0.08572041093853491,305,results/state-based-grid-result/pmh/cond3_subjectwise_hyper_cd_best/plots/trajectory_posterior/subject_305_top16_posterior.png
1,2674,2674,0.02426715419298277,303,results/state-based-grid-result/pmh/cond3_subjectwise_hyper_cd_best/plots/trajectory_posterior/subject_303_top16_posterior.png
2,1118,1118,0.028692192319600664,303,results/state-based-grid-result/pmh/cond3_subjectwise_hyper_cd_best/plots/trajectory_posterior/subject_303_top16_posterior.png
3,3621,3621,0.029239094712067308,303,results/state-based-grid-result/pmh/cond3_subjectwise_hyper_cd_best/plots/trajectory_posterior/subject_303_top16_posterior.png
4,2536,2536,0.02938224148813496,303,results/state-based-grid-result/pmh/cond3_subjectwise_hyper_cd_best/plots/trajectory_posterior/subject_303_top16_posterior.png
5,1452,1452,0.029586751993418835,303,results/state-based-grid-result/pmh/cond3_subjectwise_hyper_cd_best/plots/trajectory_posterior/subject_303_top16_posterior.png
6,2224,2224,0.030008885416272592,303,results/state-based-grid-result/pmh/cond3_subjectwise_hyper_cd_best/plots/trajectory_posterior/subject_303_top16_posterior.png
7,2685,2685,0.030226442440619145,303,results/state-based-grid-result/pmh/cond3_subjectwise_hyper_cd_best/plots/trajectory_posterior/subject_303_top16_posterior.png
8,2130,2130,0.030555743121486456,303,results/state-based-grid-result/pmh/cond3_subjectwise_hyper_cd_best/plots/trajectory_posterior/subject_303_top16_posterior.png
9,2633,2633,0.03064135249290998,303,results/state-based-grid-result/pmh/cond3_subjectwise_hyper_cd_best/plots/trajectory_posterior/subject_303_top16_posterior.png
10,3291,3291,0.03143940091960802,303,results/state-based-grid-result/pmh/cond3_subjectwise_hyper_cd_best/plots/trajectory_posterior/subject_303_top16_posterior.png
11,2272,2272,0.031750740283820654,303,results/state-based-grid-result/pmh/cond3_subjectwise_hyper_cd_best/plots/trajectory_posterior/subject_303_top16_posterior.png
12,2847,2847,0.03178392660949626,303,results/state-based-grid-result/pmh/cond3_subjectwise_hyper_cd_best/plots/trajectory_posterior/subject_303_top16_posterior.png
13,3029,3029,0.03223841575290849,303,results/state-based-grid-result/pmh/cond3_subjectwise_hyper_cd_best/plots/trajectory_posterior/subject_303_top16_posterior.png
14,2183,2183,0.03237212443193758,303,results/state-based-grid-result/pmh/cond3_subjectwise_hyper_cd_best/plots/trajectory_posterior/subject_303_top16_posterior.png
15,3687,3687,0.03251432274616338,303,results/state-based-grid-result/pmh/cond3_subjectwise_hyper_cd_best/plots/trajectory_posterior/subject_303_top16_posterior.png
16,2273,2273,0.03256957418071996,303,results/state-based-grid-result/pmh/cond3_subjectwise_hyper_cd_best/plots/trajectory_posterior/subject_303_top16_posterior.png
1,3444,3444,0.05291560904952116,304,results/state-based-grid-result/pmh/cond3_subjectwise_hyper_cd_best/plots/trajectory_posterior/subject_304_top16_posterior.png
2,1740,1740,0.05307040559977411,304,results/state-based-grid-result/pmh/cond3_subjectwise_hyper_cd_best/plots/trajectory_posterior/subject_304_top16_posterior.png
3,2559,2559,0.05456265920413528,304,results/state-based-grid-result/pmh/cond3_subjectwise_hyper_cd_best/plots/trajectory_posterior/subject_304_top16_posterior.png
4,1532,1532,0.05482193803514765,304,results/state-based-grid-result/pmh/cond3_subjectwise_hyper_cd_best/plots/trajectory_posterior/subject_304_top16_posterior.png
5,3082,3082,0.05532153844486486,304,results/state-based-grid-result/pmh/cond3_subjectwise_hyper_cd_best/plots/trajectory_posterior/subject_304_top16_posterior.png
6,3925,3925,0.055367151250313024,304,results/state-based-grid-result/pmh/cond3_subjectwise_hyper_cd_best/plots/trajectory_posterior/subject_304_top16_posterior.png
7,868,868,0.05605366970666364,304,results/state-based-grid-result/pmh/cond3_subjectwise_hyper_cd_best/plots/trajectory_posterior/subject_304_top16_posterior.png
8,3190,3190,0.05613411591780156,304,results/state-based-grid-result/pmh/cond3_subjectwise_hyper_cd_best/plots/trajectory_posterior/subject_304_top16_posterior.png
9,922,922,0.05614300615898133,304,results/state-based-grid-result/pmh/cond3_subjectwise_hyper_cd_best/plots/trajectory_posterior/subject_304_top16_posterior.png
10,1715,1715,0.05627574422335586,304,results/state-based-grid-result/pmh/cond3_subjectwise_hyper_cd_best/plots/trajectory_posterior/subject_304_top16_posterior.png
11,4036,4036,0.05672778280314726,304,results/state-based-grid-result/pmh/cond3_subjectwise_hyper_cd_best/plots/trajectory_posterior/subject_304_top16_posterior.png
12,3068,3068,0.05677234475836977,304,results/state-based-grid-result/pmh/cond3_subjectwise_hyper_cd_best/plots/trajectory_posterior/subject_304_top16_posterior.png
13,1649,1649,0.05687834122609589,304,results/state-based-grid-result/pmh/cond3_subjectwise_hyper_cd_best/plots/trajectory_posterior/subject_304_top16_posterior.png
14,2395,2395,0.057012175500389534,304,results/state-based-grid-result/pmh/cond3_subjectwise_hyper_cd_best/plots/trajectory_posterior/subject_304_top16_posterior.png
15,2050,2050,0.057087105354803075,304,results/state-based-grid-result/pmh/cond3_subjectwise_hyper_cd_best/plots/trajectory_posterior/subject_304_top16_posterior.png
16,5,5,0.05709356077520465,304,results/state-based-grid-result/pmh/cond3_subjectwise_hyper_cd_best/plots/trajectory_posterior/subject_304_top16_posterior.png
1,1073,1073,0.07739647516911875,302,results/state-based-grid-result/pmh/cond3_subjectwise_hyper_cd_best/plots/trajectory_posterior/subject_302_top16_posterior.png
2,358,358,0.07851061602370198,302,results/state-based-grid-result/pmh/cond3_subjectwise_hyper_cd_best/plots/trajectory_posterior/subject_302_top16_posterior.png
3,2301,2301,0.07906498129433308,302,results/state-based-grid-result/pmh/cond3_subjectwise_hyper_cd_best/plots/trajectory_posterior/subject_302_top16_posterior.png
4,3153,3153,0.0791236576374936,302,results/state-based-grid-result/pmh/cond3_subjectwise_hyper_cd_best/plots/trajectory_posterior/subject_302_top16_posterior.png
5,574,574,0.07946095826248234,302,results/state-based-grid-result/pmh/cond3_subjectwise_hyper_cd_best/plots/trajectory_posterior/subject_302_top16_posterior.png
6,829,829,0.07948472124593234,302,results/state-based-grid-result/pmh/cond3_subjectwise_hyper_cd_best/plots/trajectory_posterior/subject_302_top16_posterior.png
7,2582,2582,0.07950885080638742,302,results/state-based-grid-result/pmh/cond3_subjectwise_hyper_cd_best/plots/trajectory_posterior/subject_302_top16_posterior.png
8,1927,1927,0.07993573861838435,302,results/state-based-grid-result/pmh/cond3_subjectwise_hyper_cd_best/plots/trajectory_posterior/subject_302_top16_posterior.png
9,2370,2370,0.08110255292212384,302,results/state-based-grid-result/pmh/cond3_subjectwise_hyper_cd_best/plots/trajectory_posterior/subject_302_top16_posterior.png
10,2167,2167,0.08179910250739031,302,results/state-based-grid-result/pmh/cond3_subjectwise_hyper_cd_best/plots/trajectory_posterior/subject_302_top16_posterior.png
11,3094,3094,0.08195329309285092,302,results/state-based-grid-result/pmh/cond3_subjectwise_hyper_cd_best/plots/trajectory_posterior/subject_302_top16_posterior.png
12,3514,3514,0.08201472176741133,302,results/state-based-grid-result/pmh/cond3_subjectwise_hyper_cd_best/plots/trajectory_posterior/subject_302_top16_posterior.png
13,1437,1437,0.08201536275028867,302,results/state-based-grid-result/pmh/cond3_subjectwise_hyper_cd_best/plots/trajectory_posterior/subject_302_top16_posterior.png
14,3315,3315,0.08221806040798414,302,results/state-based-grid-result/pmh/cond3_subjectwise_hyper_cd_best/plots/trajectory_posterior/subject_302_top16_posterior.png
15,399,399,0.08282208578569182,302,results/state-based-grid-result/pmh/cond3_subjectwise_hyper_cd_best/plots/trajectory_posterior/subject_302_top16_posterior.png
16,2576,2576,0.08302448237494506,302,results/state-based-grid-result/pmh/cond3_subjectwise_hyper_cd_best/plots/trajectory_posterior/subject_302_top16_posterior.png
1,2536,2536,0.06024395075611446,306,results/state-based-grid-result/pmh/cond3_subjectwise_hyper_cd_best/plots/trajectory_posterior/subject_306_top16_posterior.png
2,2769,2769,0.06126914849536629,306,results/state-based-grid-result/pmh/cond3_subjectwise_hyper_cd_best/plots/trajectory_posterior/subject_306_top16_posterior.png
3,3410,3410,0.061343142743386044,306,results/state-based-grid-result/pmh/cond3_subjectwise_hyper_cd_best/plots/trajectory_posterior/subject_306_top16_posterior.png
4,2320,2320,0.06184993166234336,306,results/state-based-grid-result/pmh/cond3_subjectwise_hyper_cd_best/plots/trajectory_posterior/subject_306_top16_posterior.png
5,3212,3212,0.062102063464779624,306,results/state-based-grid-result/pmh/cond3_subjectwise_hyper_cd_best/plots/trajectory_posterior/subject_306_top16_posterior.png
6,3184,3184,0.062244162753522445,306,results/state-based-grid-result/pmh/cond3_subjectwise_hyper_cd_best/plots/trajectory_posterior/subject_306_top16_posterior.png
7,2629,2629,0.06233590141521137,306,results/state-based-grid-result/pmh/cond3_subjectwise_hyper_cd_best/plots/trajectory_posterior/subject_306_top16_posterior.png
8,1626,1626,0.06240055160610527,306,results/state-based-grid-result/pmh/cond3_subjectwise_hyper_cd_best/plots/trajectory_posterior/subject_306_top16_posterior.png
9,1828,1828,0.062484782543901544,306,results/state-based-grid-result/pmh/cond3_subjectwise_hyper_cd_best/plots/trajectory_posterior/subject_306_top16_posterior.png
10,2562,2562,0.06269506255792615,306,results/state-based-grid-result/pmh/cond3_subjectwise_hyper_cd_best/plots/trajectory_posterior/subject_306_top16_posterior.png
11,490,490,0.06279898031690787,306,results/state-based-grid-result/pmh/cond3_subjectwise_hyper_cd_best/plots/trajectory_posterior/subject_306_top16_posterior.png
12,1278,1278,0.06282521510466037,306,results/state-based-grid-result/pmh/cond3_subjectwise_hyper_cd_best/plots/trajectory_posterior/subject_306_top16_posterior.png
13,1549,1549,0.06284856761555609,306,results/state-based-grid-result/pmh/cond3_subjectwise_hyper_cd_best/plots/trajectory_posterior/subject_306_top16_posterior.png
14,1929,1929,0.06287651556274612,306,results/state-based-grid-result/pmh/cond3_subjectwise_hyper_cd_best/plots/trajectory_posterior/subject_306_top16_posterior.png
15,1450,1450,0.0629595559182356,306,results/state-based-grid-result/pmh/cond3_subjectwise_hyper_cd_best/plots/trajectory_posterior/subject_306_top16_posterior.png
16,3556,3556,0.06302571745028841,306,results/state-based-grid-result/pmh/cond3_subjectwise_hyper_cd_best/plots/trajectory_posterior/subject_306_top16_posterior.png
1,891,891,0.07745840613716624,301,results/state-based-grid-result/pmh/cond3_subjectwise_hyper_cd_best/plots/trajectory_posterior/subject_301_top16_posterior.png
2,2440,2440,0.07760914361450459,301,results/state-based-grid-result/pmh/cond3_subjectwise_hyper_cd_best/plots/trajectory_posterior/subject_301_top16_posterior.png
3,631,631,0.07866041668272682,301,results/state-based-grid-result/pmh/cond3_subjectwise_hyper_cd_best/plots/trajectory_posterior/subject_301_top16_posterior.png
4,1198,1198,0.08307509222861245,301,results/state-based-grid-result/pmh/cond3_subjectwise_hyper_cd_best/plots/trajectory_posterior/subject_301_top16_posterior.png
5,1615,1615,0.08323341560080567,301,results/state-based-grid-result/pmh/cond3_subjectwise_hyper_cd_best/plots/trajectory_posterior/subject_301_top16_posterior.png
6,2904,2904,0.08405423435153067,301,results/state-based-grid-result/pmh/cond3_subjectwise_hyper_cd_best/plots/trajectory_posterior/subject_301_top16_posterior.png
7,3012,3012,0.08413018291449241,301,results/state-based-grid-result/pmh/cond3_subjectwise_hyper_cd_best/plots/trajectory_posterior/subject_301_top16_posterior.png
8,1059,1059,0.08470283445628542,301,results/state-based-grid-result/pmh/cond3_subjectwise_hyper_cd_best/plots/trajectory_posterior/subject_301_top16_posterior.png
9,2569,2569,0.08479122858973948,301,results/state-based-grid-result/pmh/cond3_subjectwise_hyper_cd_best/plots/trajectory_posterior/subject_301_top16_posterior.png
10,3282,3282,0.08513424730023578,301,results/state-based-grid-result/pmh/cond3_subjectwise_hyper_cd_best/plots/trajectory_posterior/subject_301_top16_posterior.png
11,3420,3420,0.08532771837467734,301,results/state-based-grid-result/pmh/cond3_subjectwise_hyper_cd_best/plots/trajectory_posterior/subject_301_top16_posterior.png
12,2455,2455,0.08536463938583479,301,results/state-based-grid-result/pmh/cond3_subjectwise_hyper_cd_best/plots/trajectory_posterior/subject_301_top16_posterior.png
13,463,463,0.08590443315584055,301,results/state-based-grid-result/pmh/cond3_subjectwise_hyper_cd_best/plots/trajectory_posterior/subject_301_top16_posterior.png
14,3317,3317,0.08598493585019956,301,results/state-based-grid-result/pmh/cond3_subjectwise_hyper_cd_best/plots/trajectory_posterior/subject_301_top16_posterior.png
15,4075,4075,0.08607341770303453,301,results/state-based-grid-result/pmh/cond3_subjectwise_hyper_cd_best/plots/trajectory_posterior/subject_301_top16_posterior.png
16,2647,2647,0.08619009467884686,301,results/state-based-grid-result/pmh/cond3_subjectwise_hyper_cd_best/plots/trajectory_posterior/subject_301_top16_posterior.png
1,1310,1310,0.06840988910609658,307,results/state-based-grid-result/pmh/cond3_subjectwise_hyper_cd_best/plots/trajectory_posterior/subject_307_top16_posterior.png
2,2565,2565,0.070367976775139,307,results/state-based-grid-result/pmh/cond3_subjectwise_hyper_cd_best/plots/trajectory_posterior/subject_307_top16_posterior.png
3,3859,3859,0.07273178000844277,307,results/state-based-grid-result/pmh/cond3_subjectwise_hyper_cd_best/plots/trajectory_posterior/subject_307_top16_posterior.png
4,1193,1193,0.07310881036084779,307,results/state-based-grid-result/pmh/cond3_subjectwise_hyper_cd_best/plots/trajectory_posterior/subject_307_top16_posterior.png
5,509,509,0.0742744623491016,307,results/state-based-grid-result/pmh/cond3_subjectwise_hyper_cd_best/plots/trajectory_posterior/subject_307_top16_posterior.png
6,886,886,0.07569968451764326,307,results/state-based-grid-result/pmh/cond3_subjectwise_hyper_cd_best/plots/trajectory_posterior/subject_307_top16_posterior.png
7,4068,4068,0.0758781055295521,307,results/state-based-grid-result/pmh/cond3_subjectwise_hyper_cd_best/plots/trajectory_posterior/subject_307_top16_posterior.png
8,780,780,0.07678737172361255,307,results/state-based-grid-result/pmh/cond3_subjectwise_hyper_cd_best/plots/trajectory_posterior/subject_307_top16_posterior.png
9,2240,2240,0.0768009566110357,307,results/state-based-grid-result/pmh/cond3_subjectwise_hyper_cd_best/plots/trajectory_posterior/subject_307_top16_posterior.png
10,3678,3678,0.07683317876636679,307,results/state-based-grid-result/pmh/cond3_subjectwise_hyper_cd_best/plots/trajectory_posterior/subject_307_top16_posterior.png
11,3863,3863,0.07686668135022057,307,results/state-based-grid-result/pmh/cond3_subjectwise_hyper_cd_best/plots/trajectory_posterior/subject_307_top16_posterior.png
12,3989,3989,0.07708128609652636,307,results/state-based-grid-result/pmh/cond3_subjectwise_hyper_cd_best/plots/trajectory_posterior/subject_307_top16_posterior.png
13,2683,2683,0.07736449244562543,307,results/state-based-grid-result/pmh/cond3_subjectwise_hyper_cd_best/plots/trajectory_posterior/subject_307_top16_posterior.png
14,1755,1755,0.07806384971405318,307,results/state-based-grid-result/pmh/cond3_subjectwise_hyper_cd_best/plots/trajectory_posterior/subject_307_top16_posterior.png
15,3621,3621,0.0781190835117166,307,results/state-based-grid-result/pmh/cond3_subjectwise_hyper_cd_best/plots/trajectory_posterior/subject_307_top16_posterior.png
16,635,635,0.07875187043608578,307,results/state-based-grid-result/pmh/cond3_subjectwise_hyper_cd_best/plots/trajectory_posterior/subject_307_top16_posterior.png
1,1526,1526,0.13031194122566647,308,results/state-based-grid-result/pmh/cond3_subjectwise_hyper_cd_best/plots/trajectory_posterior/subject_308_top16_posterior.png
2,1707,1707,0.14256600989906715,308,results/state-based-grid-result/pmh/cond3_subjectwise_hyper_cd_best/plots/trajectory_posterior/subject_308_top16_posterior.png
3,1049,1049,0.1555060344688952,308,results/state-based-grid-result/pmh/cond3_subjectwise_hyper_cd_best/plots/trajectory_posterior/subject_308_top16_posterior.png
4,2963,2963,0.15570861386626178,308,results/state-based-grid-result/pmh/cond3_subjectwise_hyper_cd_best/plots/trajectory_posterior/subject_308_top16_posterior.png
5,3302,3302,0.15570923255741673,308,results/state-based-grid-result/pmh/cond3_subjectwise_hyper_cd_best/plots/trajectory_posterior/subject_308_top16_posterior.png
6,3336,3336,0.15608900663463104,308,results/state-based-grid-result/pmh/cond3_subjectwise_hyper_cd_best/plots/trajectory_posterior/subject_308_top16_posterior.png
7,717,717,0.15621291007704152,308,results/state-based-grid-result/pmh/cond3_subjectwise_hyper_cd_best/plots/trajectory_posterior/subject_308_top16_posterior.png
8,1467,1467,0.1562491519440328,308,results/state-based-grid-result/pmh/cond3_subjectwise_hyper_cd_best/plots/trajectory_posterior/subject_308_top16_posterior.png
9,4037,4037,0.15625964867436448,308,results/state-based-grid-result/pmh/cond3_subjectwise_hyper_cd_best/plots/trajectory_posterior/subject_308_top16_posterior.png
10,519,519,0.15633156079704896,308,results/state-based-grid-result/pmh/cond3_subjectwise_hyper_cd_best/plots/trajectory_posterior/subject_308_top16_posterior.png
11,91,91,0.15637756438062647,308,results/state-based-grid-result/pmh/cond3_subjectwise_hyper_cd_best/plots/trajectory_posterior/subject_308_top16_posterior.png
12,3727,3727,0.15638360176616747,308,results/state-based-grid-result/pmh/cond3_subjectwise_hyper_cd_best/plots/trajectory_posterior/subject_308_top16_posterior.png
13,2664,2664,0.15639125425132003,308,results/state-based-grid-result/pmh/cond3_subjectwise_hyper_cd_best/plots/trajectory_posterior/subject_308_top16_posterior.png
14,1409,1409,0.15641070647628574,308,results/state-based-grid-result/pmh/cond3_subjectwise_hyper_cd_best/plots/trajectory_posterior/subject_308_top16_posterior.png
15,74,74,0.15648669873080626,308,results/state-based-grid-result/pmh/cond3_subjectwise_hyper_cd_best/plots/trajectory_posterior/subject_308_top16_posterior.png
16,389,389,0.15652744650175276,308,results/state-based-grid-result/pmh/cond3_subjectwise_hyper_cd_best/plots/trajectory_posterior/subject_308_top16_posterior.png
1,1170,1170,0.07734719126385765,309,results/state-based-grid-result/pmh/cond3_subjectwise_hyper_cd_best/plots/trajectory_posterior/subject_309_top16_posterior.png
2,1185,1185,0.07775760582986764,309,results/state-based-grid-result/pmh/cond3_subjectwise_hyper_cd_best/plots/trajectory_posterior/subject_309_top16_posterior.png
3,1799,1799,0.0815362319671764,309,results/state-based-grid-result/pmh/cond3_subjectwise_hyper_cd_best/plots/trajectory_posterior/subject_309_top16_posterior.png
4,365,365,0.08172400654716518,309,results/state-based-grid-result/pmh/cond3_subjectwise_hyper_cd_best/plots/trajectory_posterior/subject_309_top16_posterior.png
5,2479,2479,0.08266099596277385,309,results/state-based-grid-result/pmh/cond3_subjectwise_hyper_cd_best/plots/trajectory_posterior/subject_309_top16_posterior.png
6,1259,1259,0.08321947924912677,309,results/state-based-grid-result/pmh/cond3_subjectwise_hyper_cd_best/plots/trajectory_posterior/subject_309_top16_posterior.png
7,1643,1643,0.084161344143847,309,results/state-based-grid-result/pmh/cond3_subjectwise_hyper_cd_best/plots/trajectory_posterior/subject_309_top16_posterior.png
8,1403,1403,0.0849379372514281,309,results/state-based-grid-result/pmh/cond3_subjectwise_hyper_cd_best/plots/trajectory_posterior/subject_309_top16_posterior.png
9,2675,2675,0.0852450674753139,309,results/state-based-grid-result/pmh/cond3_subjectwise_hyper_cd_best/plots/trajectory_posterior/subject_309_top16_posterior.png
10,672,672,0.08530675258193723,309,results/state-based-grid-result/pmh/cond3_subjectwise_hyper_cd_best/plots/trajectory_posterior/subject_309_top16_posterior.png
11,189,189,0.08546705656948293,309,results/state-based-grid-result/pmh/cond3_subjectwise_hyper_cd_best/plots/trajectory_posterior/subject_309_top16_posterior.png
12,1692,1692,0.08581256530470588,309,results/state-based-grid-result/pmh/cond3_subjectwise_hyper_cd_best/plots/trajectory_posterior/subject_309_top16_posterior.png
13,830,830,0.08582855423623144,309,results/state-based-grid-result/pmh/cond3_subjectwise_hyper_cd_best/plots/trajectory_posterior/subject_309_top16_posterior.png
14,2748,2748,0.08597797925971638,309,results/state-based-grid-result/pmh/cond3_subjectwise_hyper_cd_best/plots/trajectory_posterior/subject_309_top16_posterior.png
15,328,328,0.08611303024843427,309,results/state-based-grid-result/pmh/cond3_subjectwise_hyper_cd_best/plots/trajectory_posterior/subject_309_top16_posterior.png
16,3662,3662,0.08670680477409283,309,results/state-based-grid-result/pmh/cond3_subjectwise_hyper_cd_best/plots/trajectory_posterior/subject_309_top16_posterior.png
1,2856,2856,0.04374276678034123,316,results/state-based-grid-result/pmh/cond3_subjectwise_hyper_cd_best/plots/trajectory_posterior/subject_316_top16_posterior.png
2,861,861,0.04535020514558928,316,results/state-based-grid-result/pmh/cond3_subjectwise_hyper_cd_best/plots/trajectory_posterior/subject_316_top16_posterior.png
3,1003,1003,0.04571497430831224,316,results/state-based-grid-result/pmh/cond3_subjectwise_hyper_cd_best/plots/trajectory_posterior/subject_316_top16_posterior.png
4,1165,1165,0.04576940184458751,316,results/state-based-grid-result/pmh/cond3_subjectwise_hyper_cd_best/plots/trajectory_posterior/subject_316_top16_posterior.png
5,2317,2317,0.04588484194809657,316,results/state-based-grid-result/pmh/cond3_subjectwise_hyper_cd_best/plots/trajectory_posterior/subject_316_top16_posterior.png
6,988,988,0.04602632652905536,316,results/state-based-grid-result/pmh/cond3_subjectwise_hyper_cd_best/plots/trajectory_posterior/subject_316_top16_posterior.png
7,1673,1673,0.04607962232174331,316,results/state-based-grid-result/pmh/cond3_subjectwise_hyper_cd_best/plots/trajectory_posterior/subject_316_top16_posterior.png
8,497,497,0.046095122432976,316,results/state-based-grid-result/pmh/cond3_subjectwise_hyper_cd_best/plots/trajectory_posterior/subject_316_top16_posterior.png
9,2769,2769,0.04625929729414453,316,results/state-based-grid-result/pmh/cond3_subjectwise_hyper_cd_best/plots/trajectory_posterior/subject_316_top16_posterior.png
10,793,793,0.04626155159463196,316,results/state-based-grid-result/pmh/cond3_subjectwise_hyper_cd_best/plots/trajectory_posterior/subject_316_top16_posterior.png
11,548,548,0.0463246012604081,316,results/state-based-grid-result/pmh/cond3_subjectwise_hyper_cd_best/plots/trajectory_posterior/subject_316_top16_posterior.png
12,1387,1387,0.046357261408281225,316,results/state-based-grid-result/pmh/cond3_subjectwise_hyper_cd_best/plots/trajectory_posterior/subject_316_top16_posterior.png
13,1765,1765,0.04641607137308174,316,results/state-based-grid-result/pmh/cond3_subjectwise_hyper_cd_best/plots/trajectory_posterior/subject_316_top16_posterior.png
14,1253,1253,0.046499350987859685,316,results/state-based-grid-result/pmh/cond3_subjectwise_hyper_cd_best/plots/trajectory_posterior/subject_316_top16_posterior.png
15,2692,2692,0.04666614287725941,316,results/state-based-grid-result/pmh/cond3_subjectwise_hyper_cd_best/plots/trajectory_posterior/subject_316_top16_posterior.png
16,2788,2788,0.04666694197894785,316,results/state-based-grid-result/pmh/cond3_subjectwise_hyper_cd_best/plots/trajectory_posterior/subject_316_top16_posterior.png
1,43,43,0.07667188759978816,310,results/state-based-grid-result/pmh/cond3_subjectwise_hyper_cd_best/plots/trajectory_posterior/subject_310_top16_posterior.png
2,886,886,0.08047363061164411,310,results/state-based-grid-result/pmh/cond3_subjectwise_hyper_cd_best/plots/trajectory_posterior/subject_310_top16_posterior.png
3,2338,2338,0.08109280998912789,310,results/state-based-grid-result/pmh/cond3_subjectwise_hyper_cd_best/plots/trajectory_posterior/subject_310_top16_posterior.png
4,1675,1675,0.08165136515707502,310,results/state-based-grid-result/pmh/cond3_subjectwise_hyper_cd_best/plots/trajectory_posterior/subject_310_top16_posterior.png
5,2263,2263,0.08166050698720656,310,results/state-based-grid-result/pmh/cond3_subjectwise_hyper_cd_best/plots/trajectory_posterior/subject_310_top16_posterior.png
6,3093,3093,0.08193202266249987,310,results/state-based-grid-result/pmh/cond3_subjectwise_hyper_cd_best/plots/trajectory_posterior/subject_310_top16_posterior.png
7,764,764,0.08194503066849357,310,results/state-based-grid-result/pmh/cond3_subjectwise_hyper_cd_best/plots/trajectory_posterior/subject_310_top16_posterior.png
8,2755,2755,0.08204054384895774,310,results/state-based-grid-result/pmh/cond3_subjectwise_hyper_cd_best/plots/trajectory_posterior/subject_310_top16_posterior.png
9,3820,3820,0.08212241151286406,310,results/state-based-grid-result/pmh/cond3_subjectwise_hyper_cd_best/plots/trajectory_posterior/subject_310_top16_posterior.png
10,2615,2615,0.082558851244928,310,results/state-based-grid-result/pmh/cond3_subjectwise_hyper_cd_best/plots/trajectory_posterior/subject_310_top16_posterior.png
11,3591,3591,0.0828829018948594,310,results/state-based-grid-result/pmh/cond3_subjectwise_hyper_cd_best/plots/trajectory_posterior/subject_310_top16_posterior.png
12,100,100,0.08308687231627819,310,results/state-based-grid-result/pmh/cond3_subjectwise_hyper_cd_best/plots/trajectory_posterior/subject_310_top16_posterior.png
13,1238,1238,0.08347073906495896,310,results/state-based-grid-result/pmh/cond3_subjectwise_hyper_cd_best/plots/trajectory_posterior/subject_310_top16_posterior.png
14,1644,1644,0.08420120849805479,310,results/state-based-grid-result/pmh/cond3_subjectwise_hyper_cd_best/plots/trajectory_posterior/subject_310_top16_posterior.png
15,1937,1937,0.08452100798587373,310,results/state-based-grid-result/pmh/cond3_subjectwise_hyper_cd_best/plots/trajectory_posterior/subject_310_top16_posterior.png
16,3480,3480,0.08457367745874686,310,results/state-based-grid-result/pmh/cond3_subjectwise_hyper_cd_best/plots/trajectory_posterior/subject_310_top16_posterior.png
1,2624,2624,0.06896915344921567,311,results/state-based-grid-result/pmh/cond3_subjectwise_hyper_cd_best/plots/trajectory_posterior/subject_311_top16_posterior.png
2,74,74,0.06900425741908423,311,results/state-based-grid-result/pmh/cond3_subjectwise_hyper_cd_best/plots/trajectory_posterior/subject_311_top16_posterior.png
3,4,4,0.07260676831913505,311,results/state-based-grid-result/pmh/cond3_subjectwise_hyper_cd_best/plots/trajectory_posterior/subject_311_top16_posterior.png
4,669,669,0.0728442851539763,311,results/state-based-grid-result/pmh/cond3_subjectwise_hyper_cd_best/plots/trajectory_posterior/subject_311_top16_posterior.png
5,3395,3395,0.07322942827279763,311,results/state-based-grid-result/pmh/cond3_subjectwise_hyper_cd_best/plots/trajectory_posterior/subject_311_top16_posterior.png
6,1755,1755,0.07586872699774751,311,results/state-based-grid-result/pmh/cond3_subjectwise_hyper_cd_best/plots/trajectory_posterior/subject_311_top16_posterior.png
7,3079,3079,0.07707230140007083,311,results/state-based-grid-result/pmh/cond3_subjectwise_hyper_cd_best/plots/trajectory_posterior/subject_311_top16_posterior.png
8,3386,3386,0.07728657915094865,311,results/state-based-grid-result/pmh/cond3_subjectwise_hyper_cd_best/plots/trajectory_posterior/subject_311_top16_posterior.png
9,1052,1052,0.0775697594366719,311,results/state-based-grid-result/pmh/cond3_subjectwise_hyper_cd_best/plots/trajectory_posterior/subject_311_top16_posterior.png
10,988,988,0.0779283372098768,311,results/state-based-grid-result/pmh/cond3_subjectwise_hyper_cd_best/plots/trajectory_posterior/subject_311_top16_posterior.png
11,1694,1694,0.07798240418846795,311,results/state-based-grid-result/pmh/cond3_subjectwise_hyper_cd_best/plots/trajectory_posterior/subject_311_top16_posterior.png
12,219,219,0.07867205775961689,311,results/state-based-grid-result/pmh/cond3_subjectwise_hyper_cd_best/plots/trajectory_posterior/subject_311_top16_posterior.png
13,1960,1960,0.07872479549032947,311,results/state-based-grid-result/pmh/cond3_subjectwise_hyper_cd_best/plots/trajectory_posterior/subject_311_top16_posterior.png
14,443,443,0.07898275315531254,311,results/state-based-grid-result/pmh/cond3_subjectwise_hyper_cd_best/plots/trajectory_posterior/subject_311_top16_posterior.png
15,1940,1940,0.07954788518310914,311,results/state-based-grid-result/pmh/cond3_subjectwise_hyper_cd_best/plots/trajectory_posterior/subject_311_top16_posterior.png
16,3083,3083,0.07956190503609058,311,results/state-based-grid-result/pmh/cond3_subjectwise_hyper_cd_best/plots/trajectory_posterior/subject_311_top16_posterior.png
1,2049,2049,0.05410203780413282,315,results/state-based-grid-result/pmh/cond3_subjectwise_hyper_cd_best/plots/trajectory_posterior/subject_315_top16_posterior.png
2,2151,2151,0.0541561988121835,315,results/state-based-grid-result/pmh/cond3_subjectwise_hyper_cd_best/plots/trajectory_posterior/subject_315_top16_posterior.png
3,55,55,0.054423429424177744,315,results/state-based-grid-result/pmh/cond3_subjectwise_hyper_cd_best/plots/trajectory_posterior/subject_315_top16_posterior.png
4,693,693,0.054553959612602905,315,results/state-based-grid-result/pmh/cond3_subjectwise_hyper_cd_best/plots/trajectory_posterior/subject_315_top16_posterior.png
5,257,257,0.05488628434869599,315,results/state-based-grid-result/pmh/cond3_subjectwise_hyper_cd_best/plots/trajectory_posterior/subject_315_top16_posterior.png
6,1848,1848,0.05492295497805141,315,results/state-based-grid-result/pmh/cond3_subjectwise_hyper_cd_best/plots/trajectory_posterior/subject_315_top16_posterior.png
7,1375,1375,0.0551476219526499,315,results/state-based-grid-result/pmh/cond3_subjectwise_hyper_cd_best/plots/trajectory_posterior/subject_315_top16_posterior.png
8,3534,3534,0.05537552753821525,315,results/state-based-grid-result/pmh/cond3_subjectwise_hyper_cd_best/plots/trajectory_posterior/subject_315_top16_posterior.png
9,1555,1555,0.055389281795517414,315,results/state-based-grid-result/pmh/cond3_subjectwise_hyper_cd_best/plots/trajectory_posterior/subject_315_top16_posterior.png
10,3609,3609,0.05550418375480343,315,results/state-based-grid-result/pmh/cond3_subjectwise_hyper_cd_best/plots/trajectory_posterior/subject_315_top16_posterior.png
11,2744,2744,0.05592091416094681,315,results/state-based-grid-result/pmh/cond3_subjectwise_hyper_cd_best/plots/trajectory_posterior/subject_315_top16_posterior.png
12,439,439,0.05601966543438053,315,results/state-based-grid-result/pmh/cond3_subjectwise_hyper_cd_best/plots/trajectory_posterior/subject_315_top16_posterior.png
13,892,892,0.05625979128465283,315,results/state-based-grid-result/pmh/cond3_subjectwise_hyper_cd_best/plots/trajectory_posterior/subject_315_top16_posterior.png
14,794,794,0.05631054455407712,315,results/state-based-grid-result/pmh/cond3_subjectwise_hyper_cd_best/plots/trajectory_posterior/subject_315_top16_posterior.png
15,230,230,0.056625291954162785,315,results/state-based-grid-result/pmh/cond3_subjectwise_hyper_cd_best/plots/trajectory_posterior/subject_315_top16_posterior.png
16,708,708,0.0566738124246091,315,results/state-based-grid-result/pmh/cond3_subjectwise_hyper_cd_best/plots/trajectory_posterior/subject_315_top16_posterior.png
1,2271,2271,0.11972662412828254,313,results/state-based-grid-result/pmh/cond3_subjectwise_hyper_cd_best/plots/trajectory_posterior/subject_313_top16_posterior.png
2,1210,1210,0.11997560992838761,313,results/state-based-grid-result/pmh/cond3_subjectwise_hyper_cd_best/plots/trajectory_posterior/subject_313_top16_posterior.png
3,3640,3640,0.1205718652203334,313,results/state-based-grid-result/pmh/cond3_subjectwise_hyper_cd_best/plots/trajectory_posterior/subject_313_top16_posterior.png
4,3827,3827,0.12065810334148845,313,results/state-based-grid-result/pmh/cond3_subjectwise_hyper_cd_best/plots/trajectory_posterior/subject_313_top16_posterior.png
5,3407,3407,0.12129392804753322,313,results/state-based-grid-result/pmh/cond3_subjectwise_hyper_cd_best/plots/trajectory_posterior/subject_313_top16_posterior.png
6,3963,3963,0.12139050306626582,313,results/state-based-grid-result/pmh/cond3_subjectwise_hyper_cd_best/plots/trajectory_posterior/subject_313_top16_posterior.png
7,926,926,0.12144805193254768,313,results/state-based-grid-result/pmh/cond3_subjectwise_hyper_cd_best/plots/trajectory_posterior/subject_313_top16_posterior.png
8,3236,3236,0.12147402818103638,313,results/state-based-grid-result/pmh/cond3_subjectwise_hyper_cd_best/plots/trajectory_posterior/subject_313_top16_posterior.png
9,877,877,0.12149425384307713,313,results/state-based-grid-result/pmh/cond3_subjectwise_hyper_cd_best/plots/trajectory_posterior/subject_313_top16_posterior.png
10,237,237,0.12149467830196212,313,results/state-based-grid-result/pmh/cond3_subjectwise_hyper_cd_best/plots/trajectory_posterior/subject_313_top16_posterior.png
11,468,468,0.12156549479738243,313,results/state-based-grid-result/pmh/cond3_subjectwise_hyper_cd_best/plots/trajectory_posterior/subject_313_top16_posterior.png
12,528,528,0.12160846691468706,313,results/state-based-grid-result/pmh/cond3_subjectwise_hyper_cd_best/plots/trajectory_posterior/subject_313_top16_posterior.png
13,2242,2242,0.12173983575741312,313,results/state-based-grid-result/pmh/cond3_subjectwise_hyper_cd_best/plots/trajectory_posterior/subject_313_top16_posterior.png
14,3289,3289,0.12174343912069117,313,results/state-based-grid-result/pmh/cond3_subjectwise_hyper_cd_best/plots/trajectory_posterior/subject_313_top16_posterior.png
15,82,82,0.12179421239104228,313,results/state-based-grid-result/pmh/cond3_subjectwise_hyper_cd_best/plots/trajectory_posterior/subject_313_top16_posterior.png
16,2083,2083,0.121815778424744,313,results/state-based-grid-result/pmh/cond3_subjectwise_hyper_cd_best/plots/trajectory_posterior/subject_313_top16_posterior.png
1,324,324,0.08367650444942346,314,results/state-based-grid-result/pmh/cond3_subjectwise_hyper_cd_best/plots/trajectory_posterior/subject_314_top16_posterior.png
2,2972,2972,0.08570322464792596,314,results/state-based-grid-result/pmh/cond3_subjectwise_hyper_cd_best/plots/trajectory_posterior/subject_314_top16_posterior.png
3,2531,2531,0.08816763166166133,314,results/state-based-grid-result/pmh/cond3_subjectwise_hyper_cd_best/plots/trajectory_posterior/subject_314_top16_posterior.png
4,3054,3054,0.08829374895086532,314,results/state-based-grid-result/pmh/cond3_subjectwise_hyper_cd_best/plots/trajectory_posterior/subject_314_top16_posterior.png
5,679,679,0.08919632385034008,314,results/state-based-grid-result/pmh/cond3_subjectwise_hyper_cd_best/plots/trajectory_posterior/subject_314_top16_posterior.png
6,311,311,0.09029043468540701,314,results/state-based-grid-result/pmh/cond3_subjectwise_hyper_cd_best/plots/trajectory_posterior/subject_314_top16_posterior.png
7,4046,4046,0.09040680227786843,314,results/state-based-grid-result/pmh/cond3_subjectwise_hyper_cd_best/plots/trajectory_posterior/subject_314_top16_posterior.png
8,3387,3387,0.09266010769440979,314,results/state-based-grid-result/pmh/cond3_subjectwise_hyper_cd_best/plots/trajectory_posterior/subject_314_top16_posterior.png
9,2855,2855,0.09289042860036086,314,results/state-based-grid-result/pmh/cond3_subjectwise_hyper_cd_best/plots/trajectory_posterior/subject_314_top16_posterior.png
10,352,352,0.0929275390772266,314,results/state-based-grid-result/pmh/cond3_subjectwise_hyper_cd_best/plots/trajectory_posterior/subject_314_top16_posterior.png
11,4063,4063,0.09295869788485582,314,results/state-based-grid-result/pmh/cond3_subjectwise_hyper_cd_best/plots/trajectory_posterior/subject_314_top16_posterior.png
12,3806,3806,0.09336022635223319,314,results/state-based-grid-result/pmh/cond3_subjectwise_hyper_cd_best/plots/trajectory_posterior/subject_314_top16_posterior.png
13,133,133,0.09372657288115539,314,results/state-based-grid-result/pmh/cond3_subjectwise_hyper_cd_best/plots/trajectory_posterior/subject_314_top16_posterior.png
14,1409,1409,0.09377889695056871,314,results/state-based-grid-result/pmh/cond3_subjectwise_hyper_cd_best/plots/trajectory_posterior/subject_314_top16_posterior.png
15,1419,1419,0.09379718441256404,314,results/state-based-grid-result/pmh/cond3_subjectwise_hyper_cd_best/plots/trajectory_posterior/subject_314_top16_posterior.png
16,29,29,0.09381398958637126,314,results/state-based-grid-result/pmh/cond3_subjectwise_hyper_cd_best/plots/trajectory_posterior/subject_314_top16_posterior.png
1,332,332,0.05773507847470549,318,results/state-based-grid-result/pmh/cond3_subjectwise_hyper_cd_best/plots/trajectory_posterior/subject_318_top16_posterior.png
2,1609,1609,0.058017254265520145,318,results/state-based-grid-result/pmh/cond3_subjectwise_hyper_cd_best/plots/trajectory_posterior/subject_318_top16_posterior.png
3,2531,2531,0.05814013527868675,318,results/state-based-grid-result/pmh/cond3_subjectwise_hyper_cd_best/plots/trajectory_posterior/subject_318_top16_posterior.png
4,3419,3419,0.058426263052179406,318,results/state-based-grid-result/pmh/cond3_subjectwise_hyper_cd_best/plots/trajectory_posterior/subject_318_top16_posterior.png
5,836,836,0.05955133354156787,318,results/state-based-grid-result/pmh/cond3_subjectwise_hyper_cd_best/plots/trajectory_posterior/subject_318_top16_posterior.png
6,1805,1805,0.06051728260927267,318,results/state-based-grid-result/pmh/cond3_subjectwise_hyper_cd_best/plots/trajectory_posterior/subject_318_top16_posterior.png
7,2438,2438,0.060960065091431495,318,results/state-based-grid-result/pmh/cond3_subjectwise_hyper_cd_best/plots/trajectory_posterior/subject_318_top16_posterior.png
8,1247,1247,0.06102520230412577,318,results/state-based-grid-result/pmh/cond3_subjectwise_hyper_cd_best/plots/trajectory_posterior/subject_318_top16_posterior.png
9,1884,1884,0.061169557960045466,318,results/state-based-grid-result/pmh/cond3_subjectwise_hyper_cd_best/plots/trajectory_posterior/subject_318_top16_posterior.png
10,3049,3049,0.06152495925566881,318,results/state-based-grid-result/pmh/cond3_subjectwise_hyper_cd_best/plots/trajectory_posterior/subject_318_top16_posterior.png
11,2050,2050,0.061600774737181944,318,results/state-based-grid-result/pmh/cond3_subjectwise_hyper_cd_best/plots/trajectory_posterior/subject_318_top16_posterior.png
12,3828,3828,0.06185388419507616,318,results/state-based-grid-result/pmh/cond3_subjectwise_hyper_cd_best/plots/trajectory_posterior/subject_318_top16_posterior.png
13,3484,3484,0.062070946866325846,318,results/state-based-grid-result/pmh/cond3_subjectwise_hyper_cd_best/plots/trajectory_posterior/subject_318_top16_posterior.png
14,1696,1696,0.062174346673175306,318,results/state-based-grid-result/pmh/cond3_subjectwise_hyper_cd_best/plots/trajectory_posterior/subject_318_top16_posterior.png
15,2906,2906,0.06220945075634569,318,results/state-based-grid-result/pmh/cond3_subjectwise_hyper_cd_best/plots/trajectory_posterior/subject_318_top16_posterior.png
16,1066,1066,0.062326511872884315,318,results/state-based-grid-result/pmh/cond3_subjectwise_hyper_cd_best/plots/trajectory_posterior/subject_318_top16_posterior.png
1,138,138,0.04768142660968945,323,results/state-based-grid-result/pmh/cond3_subjectwise_hyper_cd_best/plots/trajectory_posterior/subject_323_top16_posterior.png
2,4038,4038,0.05364069373058825,323,results/state-based-grid-result/pmh/cond3_subjectwise_hyper_cd_best/plots/trajectory_posterior/subject_323_top16_posterior.png
3,1497,1497,0.054089213860431314,323,results/state-based-grid-result/pmh/cond3_subjectwise_hyper_cd_best/plots/trajectory_posterior/subject_323_top16_posterior.png
4,2810,2810,0.057132189960507285,323,results/state-based-grid-result/pmh/cond3_subjectwise_hyper_cd_best/plots/trajectory_posterior/subject_323_top16_posterior.png
5,2656,2656,0.0574957596960422,323,results/state-based-grid-result/pmh/cond3_subjectwise_hyper_cd_best/plots/trajectory_posterior/subject_323_top16_posterior.png
6,2992,2992,0.05771526239907545,323,results/state-based-grid-result/pmh/cond3_subjectwise_hyper_cd_best/plots/trajectory_posterior/subject_323_top16_posterior.png
7,2129,2129,0.059577417150359135,323,results/state-based-grid-result/pmh/cond3_subjectwise_hyper_cd_best/plots/trajectory_posterior/subject_323_top16_posterior.png
8,785,785,0.06021951813563537,323,results/state-based-grid-result/pmh/cond3_subjectwise_hyper_cd_best/plots/trajectory_posterior/subject_323_top16_posterior.png
9,1380,1380,0.060238052144760065,323,results/state-based-grid-result/pmh/cond3_subjectwise_hyper_cd_best/plots/trajectory_posterior/subject_323_top16_posterior.png
10,1195,1195,0.06106918349572926,323,results/state-based-grid-result/pmh/cond3_subjectwise_hyper_cd_best/plots/trajectory_posterior/subject_323_top16_posterior.png
11,3051,3051,0.06112130449286642,323,results/state-based-grid-result/pmh/cond3_subjectwise_hyper_cd_best/plots/trajectory_posterior/subject_323_top16_posterior.png
12,520,520,0.062134173257001546,323,results/state-based-grid-result/pmh/cond3_subjectwise_hyper_cd_best/plots/trajectory_posterior/subject_323_top16_posterior.png
13,1684,1684,0.06338255348789211,323,results/state-based-grid-result/pmh/cond3_subjectwise_hyper_cd_best/plots/trajectory_posterior/subject_323_top16_posterior.png
14,1860,1860,0.06372027177480999,323,results/state-based-grid-result/pmh/cond3_subjectwise_hyper_cd_best/plots/trajectory_posterior/subject_323_top16_posterior.png
15,327,327,0.06389366833466754,323,results/state-based-grid-result/pmh/cond3_subjectwise_hyper_cd_best/plots/trajectory_posterior/subject_323_top16_posterior.png
16,36,36,0.06400266986434885,323,results/state-based-grid-result/pmh/cond3_subjectwise_hyper_cd_best/plots/trajectory_posterior/subject_323_top16_posterior.png
1,644,644,0.080211593284709,312,results/state-based-grid-result/pmh/cond3_subjectwise_hyper_cd_best/plots/trajectory_posterior/subject_312_top16_posterior.png
2,1101,1101,0.08192793432113372,312,results/state-based-grid-result/pmh/cond3_subjectwise_hyper_cd_best/plots/trajectory_posterior/subject_312_top16_posterior.png
3,109,109,0.08209023253837407,312,results/state-based-grid-result/pmh/cond3_subjectwise_hyper_cd_best/plots/trajectory_posterior/subject_312_top16_posterior.png
4,1393,1393,0.08251434789444818,312,results/state-based-grid-result/pmh/cond3_subjectwise_hyper_cd_best/plots/trajectory_posterior/subject_312_top16_posterior.png
5,2814,2814,0.08408913916312981,312,results/state-based-grid-result/pmh/cond3_subjectwise_hyper_cd_best/plots/trajectory_posterior/subject_312_top16_posterior.png
6,1988,1988,0.08535865271754436,312,results/state-based-grid-result/pmh/cond3_subjectwise_hyper_cd_best/plots/trajectory_posterior/subject_312_top16_posterior.png
7,281,281,0.0856064428207189,312,results/state-based-grid-result/pmh/cond3_subjectwise_hyper_cd_best/plots/trajectory_posterior/subject_312_top16_posterior.png
8,2719,2719,0.08647481049131485,312,results/state-based-grid-result/pmh/cond3_subjectwise_hyper_cd_best/plots/trajectory_posterior/subject_312_top16_posterior.png
9,893,893,0.0875381930535021,312,results/state-based-grid-result/pmh/cond3_subjectwise_hyper_cd_best/plots/trajectory_posterior/subject_312_top16_posterior.png
10,1976,1976,0.08876529030233216,312,results/state-based-grid-result/pmh/cond3_subjectwise_hyper_cd_best/plots/trajectory_posterior/subject_312_top16_posterior.png
11,182,182,0.08887848627781092,312,results/state-based-grid-result/pmh/cond3_subjectwise_hyper_cd_best/plots/trajectory_posterior/subject_312_top16_posterior.png
12,2530,2530,0.08890553668638317,312,results/state-based-grid-result/pmh/cond3_subjectwise_hyper_cd_best/plots/trajectory_posterior/subject_312_top16_posterior.png
13,3225,3225,0.08942226967087372,312,results/state-based-grid-result/pmh/cond3_subjectwise_hyper_cd_best/plots/trajectory_posterior/subject_312_top16_posterior.png
14,272,272,0.0897743680562396,312,results/state-based-grid-result/pmh/cond3_subjectwise_hyper_cd_best/plots/trajectory_posterior/subject_312_top16_posterior.png
15,717,717,0.09013765689785674,312,results/state-based-grid-result/pmh/cond3_subjectwise_hyper_cd_best/plots/trajectory_posterior/subject_312_top16_posterior.png
16,2487,2487,0.09023596054806841,312,results/state-based-grid-result/pmh/cond3_subjectwise_hyper_cd_best/plots/trajectory_posterior/subject_312_top16_posterior.png
1,342,342,0.0829402471386249,321,results/state-based-grid-result/pmh/cond3_subjectwise_hyper_cd_best/plots/trajectory_posterior/subject_321_top16_posterior.png
2,1642,1642,0.08352406462410386,321,results/state-based-grid-result/pmh/cond3_subjectwise_hyper_cd_best/plots/trajectory_posterior/subject_321_top16_posterior.png
3,3731,3731,0.08387618917544426,321,results/state-based-grid-result/pmh/cond3_subjectwise_hyper_cd_best/plots/trajectory_posterior/subject_321_top16_posterior.png
4,1184,1184,0.08435956105212992,321,results/state-based-grid-result/pmh/cond3_subjectwise_hyper_cd_best/plots/trajectory_posterior/subject_321_top16_posterior.png
5,2819,2819,0.08440945790617546,321,results/state-based-grid-result/pmh/cond3_subjectwise_hyper_cd_best/plots/trajectory_posterior/subject_321_top16_posterior.png
6,237,237,0.08446312960856436,321,results/state-based-grid-result/pmh/cond3_subjectwise_hyper_cd_best/plots/trajectory_posterior/subject_321_top16_posterior.png
7,1181,1181,0.08480937783259097,321,results/state-based-grid-result/pmh/cond3_subjectwise_hyper_cd_best/plots/trajectory_posterior/subject_321_top16_posterior.png
8,1896,1896,0.08491232211559972,321,results/state-based-grid-result/pmh/cond3_subjectwise_hyper_cd_best/plots/trajectory_posterior/subject_321_top16_posterior.png
9,3100,3100,0.08507288438697137,321,results/state-based-grid-result/pmh/cond3_subjectwise_hyper_cd_best/plots/trajectory_posterior/subject_321_top16_posterior.png
10,207,207,0.08524941160162046,321,results/state-based-grid-result/pmh/cond3_subjectwise_hyper_cd_best/plots/trajectory_posterior/subject_321_top16_posterior.png
11,2859,2859,0.08553768754644232,321,results/state-based-grid-result/pmh/cond3_subjectwise_hyper_cd_best/plots/trajectory_posterior/subject_321_top16_posterior.png
12,1988,1988,0.08569919014759576,321,results/state-based-grid-result/pmh/cond3_subjectwise_hyper_cd_best/plots/trajectory_posterior/subject_321_top16_posterior.png
13,3367,3367,0.08616048272506745,321,results/state-based-grid-result/pmh/cond3_subjectwise_hyper_cd_best/plots/trajectory_posterior/subject_321_top16_posterior.png
14,1941,1941,0.08637216417840221,321,results/state-based-grid-result/pmh/cond3_subjectwise_hyper_cd_best/plots/trajectory_posterior/subject_321_top16_posterior.png
15,2684,2684,0.08643278281393312,321,results/state-based-grid-result/pmh/cond3_subjectwise_hyper_cd_best/plots/trajectory_posterior/subject_321_top16_posterior.png
16,3235,3235,0.08643860516246774,321,results/state-based-grid-result/pmh/cond3_subjectwise_hyper_cd_best/plots/trajectory_posterior/subject_321_top16_posterior.png
1,3521,3521,0.0653398470481733,320,results/state-based-grid-result/pmh/cond3_subjectwise_hyper_cd_best/plots/trajectory_posterior/subject_320_top16_posterior.png
2,3540,3540,0.06630750570475329,320,results/state-based-grid-result/pmh/cond3_subjectwise_hyper_cd_best/plots/trajectory_posterior/subject_320_top16_posterior.png
3,423,423,0.06653384397986706,320,results/state-based-grid-result/pmh/cond3_subjectwise_hyper_cd_best/plots/trajectory_posterior/subject_320_top16_posterior.png
4,900,900,0.0674102912181009,320,results/state-based-grid-result/pmh/cond3_subjectwise_hyper_cd_best/plots/trajectory_posterior/subject_320_top16_posterior.png
5,56,56,0.0677484935663262,320,results/state-based-grid-result/pmh/cond3_subjectwise_hyper_cd_best/plots/trajectory_posterior/subject_320_top16_posterior.png
6,3617,3617,0.06796514198165352,320,results/state-based-grid-result/pmh/cond3_subjectwise_hyper_cd_best/plots/trajectory_posterior/subject_320_top16_posterior.png
7,3354,3354,0.06814606487530019,320,results/state-based-grid-result/pmh/cond3_subjectwise_hyper_cd_best/plots/trajectory_posterior/subject_320_top16_posterior.png
8,3441,3441,0.06816899449472638,320,results/state-based-grid-result/pmh/cond3_subjectwise_hyper_cd_best/plots/trajectory_posterior/subject_320_top16_posterior.png
9,2423,2423,0.06820674045411206,320,results/state-based-grid-result/pmh/cond3_subjectwise_hyper_cd_best/plots/trajectory_posterior/subject_320_top16_posterior.png
10,758,758,0.06829719389701629,320,results/state-based-grid-result/pmh/cond3_subjectwise_hyper_cd_best/plots/trajectory_posterior/subject_320_top16_posterior.png
11,1111,1111,0.06855859395890639,320,results/state-based-grid-result/pmh/cond3_subjectwise_hyper_cd_best/plots/trajectory_posterior/subject_320_top16_posterior.png
12,368,368,0.06870268810337496,320,results/state-based-grid-result/pmh/cond3_subjectwise_hyper_cd_best/plots/trajectory_posterior/subject_320_top16_posterior.png
13,1435,1435,0.06870443929726218,320,results/state-based-grid-result/pmh/cond3_subjectwise_hyper_cd_best/plots/trajectory_posterior/subject_320_top16_posterior.png
14,612,612,0.06878972043761111,320,results/state-based-grid-result/pmh/cond3_subjectwise_hyper_cd_best/plots/trajectory_posterior/subject_320_top16_posterior.png
15,1750,1750,0.06895695550372323,320,results/state-based-grid-result/pmh/cond3_subjectwise_hyper_cd_best/plots/trajectory_posterior/subject_320_top16_posterior.png
16,145,145,0.0693135961951264,320,results/state-based-grid-result/pmh/cond3_subjectwise_hyper_cd_best/plots/trajectory_posterior/subject_320_top16_posterior.png
1,3063,3063,0.1173511800851912,317,results/state-based-grid-result/pmh/cond3_subjectwise_hyper_cd_best/plots/trajectory_posterior/subject_317_top16_posterior.png
2,1082,1082,0.11912495035836788,317,results/state-based-grid-result/pmh/cond3_subjectwise_hyper_cd_best/plots/trajectory_posterior/subject_317_top16_posterior.png
3,1122,1122,0.12094866683536701,317,results/state-based-grid-result/pmh/cond3_subjectwise_hyper_cd_best/plots/trajectory_posterior/subject_317_top16_posterior.png
4,1655,1655,0.12108181364212711,317,results/state-based-grid-result/pmh/cond3_subjectwise_hyper_cd_best/plots/trajectory_posterior/subject_317_top16_posterior.png
5,3268,3268,0.12273849496983176,317,results/state-based-grid-result/pmh/cond3_subjectwise_hyper_cd_best/plots/trajectory_posterior/subject_317_top16_posterior.png
6,884,884,0.12330303248684803,317,results/state-based-grid-result/pmh/cond3_subjectwise_hyper_cd_best/plots/trajectory_posterior/subject_317_top16_posterior.png
7,1879,1879,0.12334797921970052,317,results/state-based-grid-result/pmh/cond3_subjectwise_hyper_cd_best/plots/trajectory_posterior/subject_317_top16_posterior.png
8,3656,3656,0.12355694715229051,317,results/state-based-grid-result/pmh/cond3_subjectwise_hyper_cd_best/plots/trajectory_posterior/subject_317_top16_posterior.png
9,3892,3892,0.12420824604283577,317,results/state-based-grid-result/pmh/cond3_subjectwise_hyper_cd_best/plots/trajectory_posterior/subject_317_top16_posterior.png
10,2563,2563,0.1253074595369071,317,results/state-based-grid-result/pmh/cond3_subjectwise_hyper_cd_best/plots/trajectory_posterior/subject_317_top16_posterior.png
11,3355,3355,0.12544111182692885,317,results/state-based-grid-result/pmh/cond3_subjectwise_hyper_cd_best/plots/trajectory_posterior/subject_317_top16_posterior.png
12,1647,1647,0.12549254265895635,317,results/state-based-grid-result/pmh/cond3_subjectwise_hyper_cd_best/plots/trajectory_posterior/subject_317_top16_posterior.png
13,3768,3768,0.1261760529694785,317,results/state-based-grid-result/pmh/cond3_subjectwise_hyper_cd_best/plots/trajectory_posterior/subject_317_top16_posterior.png
14,268,268,0.1267413515607981,317,results/state-based-grid-result/pmh/cond3_subjectwise_hyper_cd_best/plots/trajectory_posterior/subject_317_top16_posterior.png
15,1818,1818,0.12687276267152536,317,results/state-based-grid-result/pmh/cond3_subjectwise_hyper_cd_best/plots/trajectory_posterior/subject_317_top16_posterior.png
16,2410,2410,0.1277527186873201,317,results/state-based-grid-result/pmh/cond3_subjectwise_hyper_cd_best/plots/trajectory_posterior/subject_317_top16_posterior.png
1,3860,3860,0.04525308427118571,327,results/state-based-grid-result/pmh/cond3_subjectwise_hyper_cd_best/plots/trajectory_posterior/subject_327_top16_posterior.png
2,1465,1465,0.04545835652691552,327,results/state-based-grid-result/pmh/cond3_subjectwise_hyper_cd_best/plots/trajectory_posterior/subject_327_top16_posterior.png
3,757,757,0.0495206102018347,327,results/state-based-grid-result/pmh/cond3_subjectwise_hyper_cd_best/plots/trajectory_posterior/subject_327_top16_posterior.png
4,2439,2439,0.04996450852376213,327,results/state-based-grid-result/pmh/cond3_subjectwise_hyper_cd_best/plots/trajectory_posterior/subject_327_top16_posterior.png
5,2434,2434,0.05110879779981962,327,results/state-based-grid-result/pmh/cond3_subjectwise_hyper_cd_best/plots/trajectory_posterior/subject_327_top16_posterior.png
6,1741,1741,0.0520634551445634,327,results/state-based-grid-result/pmh/cond3_subjectwise_hyper_cd_best/plots/trajectory_posterior/subject_327_top16_posterior.png
7,3597,3597,0.05217527047207512,327,results/state-based-grid-result/pmh/cond3_subjectwise_hyper_cd_best/plots/trajectory_posterior/subject_327_top16_posterior.png
8,3964,3964,0.052192191922061794,327,results/state-based-grid-result/pmh/cond3_subjectwise_hyper_cd_best/plots/trajectory_posterior/subject_327_top16_posterior.png
9,385,385,0.052199816264121845,327,results/state-based-grid-result/pmh/cond3_subjectwise_hyper_cd_best/plots/trajectory_posterior/subject_327_top16_posterior.png
10,1225,1225,0.052426454204781835,327,results/state-based-grid-result/pmh/cond3_subjectwise_hyper_cd_best/plots/trajectory_posterior/subject_327_top16_posterior.png
11,4082,4082,0.05245851026761728,327,results/state-based-grid-result/pmh/cond3_subjectwise_hyper_cd_best/plots/trajectory_posterior/subject_327_top16_posterior.png
12,1631,1631,0.05247187844745699,327,results/state-based-grid-result/pmh/cond3_subjectwise_hyper_cd_best/plots/trajectory_posterior/subject_327_top16_posterior.png
13,1426,1426,0.05249109502002727,327,results/state-based-grid-result/pmh/cond3_subjectwise_hyper_cd_best/plots/trajectory_posterior/subject_327_top16_posterior.png
14,1202,1202,0.0534037217744226,327,results/state-based-grid-result/pmh/cond3_subjectwise_hyper_cd_best/plots/trajectory_posterior/subject_327_top16_posterior.png
15,1185,1185,0.05361343412524896,327,results/state-based-grid-result/pmh/cond3_subjectwise_hyper_cd_best/plots/trajectory_posterior/subject_327_top16_posterior.png
16,97,97,0.053747815688046076,327,results/state-based-grid-result/pmh/cond3_subjectwise_hyper_cd_best/plots/trajectory_posterior/subject_327_top16_posterior.png
1,3519,3519,0.056743952358015444,324,results/state-based-grid-result/pmh/cond3_subjectwise_hyper_cd_best/plots/trajectory_posterior/subject_324_top16_posterior.png
2,3048,3048,0.05708998956795234,324,results/state-based-grid-result/pmh/cond3_subjectwise_hyper_cd_best/plots/trajectory_posterior/subject_324_top16_posterior.png
3,2487,2487,0.057500598230181624,324,results/state-based-grid-result/pmh/cond3_subjectwise_hyper_cd_best/plots/trajectory_posterior/subject_324_top16_posterior.png
4,601,601,0.05757765372824208,324,results/state-based-grid-result/pmh/cond3_subjectwise_hyper_cd_best/plots/trajectory_posterior/subject_324_top16_posterior.png
5,2592,2592,0.057872694158213146,324,results/state-based-grid-result/pmh/cond3_subjectwise_hyper_cd_best/plots/trajectory_posterior/subject_324_top16_posterior.png
6,1095,1095,0.05894709910804285,324,results/state-based-grid-result/pmh/cond3_subjectwise_hyper_cd_best/plots/trajectory_posterior/subject_324_top16_posterior.png
7,3508,3508,0.05900484893286057,324,results/state-based-grid-result/pmh/cond3_subjectwise_hyper_cd_best/plots/trajectory_posterior/subject_324_top16_posterior.png
8,2964,2964,0.05931461159510903,324,results/state-based-grid-result/pmh/cond3_subjectwise_hyper_cd_best/plots/trajectory_posterior/subject_324_top16_posterior.png
9,2962,2962,0.059408805829589975,324,results/state-based-grid-result/pmh/cond3_subjectwise_hyper_cd_best/plots/trajectory_posterior/subject_324_top16_posterior.png
10,1262,1262,0.059536406450187554,324,results/state-based-grid-result/pmh/cond3_subjectwise_hyper_cd_best/plots/trajectory_posterior/subject_324_top16_posterior.png
11,250,250,0.05956267088432869,324,results/state-based-grid-result/pmh/cond3_subjectwise_hyper_cd_best/plots/trajectory_posterior/subject_324_top16_posterior.png
12,3570,3570,0.05959110398664859,324,results/state-based-grid-result/pmh/cond3_subjectwise_hyper_cd_best/plots/trajectory_posterior/subject_324_top16_posterior.png
13,155,155,0.05960169082023304,324,results/state-based-grid-result/pmh/cond3_subjectwise_hyper_cd_best/plots/trajectory_posterior/subject_324_top16_posterior.png
14,188,188,0.05969321668381471,324,results/state-based-grid-result/pmh/cond3_subjectwise_hyper_cd_best/plots/trajectory_posterior/subject_324_top16_posterior.png
15,1293,1293,0.05970465812969118,324,results/state-based-grid-result/pmh/cond3_subjectwise_hyper_cd_best/plots/trajectory_posterior/subject_324_top16_posterior.png
16,3046,3046,0.05990982349397884,324,results/state-based-grid-result/pmh/cond3_subjectwise_hyper_cd_best/plots/trajectory_posterior/subject_324_top16_posterior.png
1,3467,3467,0.0379763380631211,325,results/state-based-grid-result/pmh/cond3_subjectwise_hyper_cd_best/plots/trajectory_posterior/subject_325_top16_posterior.png
2,100,100,0.0399016066139031,325,results/state-based-grid-result/pmh/cond3_subjectwise_hyper_cd_best/plots/trajectory_posterior/subject_325_top16_posterior.png
3,2700,2700,0.03995922893677474,325,results/state-based-grid-result/pmh/cond3_subjectwise_hyper_cd_best/plots/trajectory_posterior/subject_325_top16_posterior.png
4,1214,1214,0.040658716666212236,325,results/state-based-grid-result/pmh/cond3_subjectwise_hyper_cd_best/plots/trajectory_posterior/subject_325_top16_posterior.png
5,1995,1995,0.04099175085795661,325,results/state-based-grid-result/pmh/cond3_subjectwise_hyper_cd_best/plots/trajectory_posterior/subject_325_top16_posterior.png
6,1848,1848,0.04127939753076633,325,results/state-based-grid-result/pmh/cond3_subjectwise_hyper_cd_best/plots/trajectory_posterior/subject_325_top16_posterior.png
7,1969,1969,0.042618604728731344,325,results/state-based-grid-result/pmh/cond3_subjectwise_hyper_cd_best/plots/trajectory_posterior/subject_325_top16_posterior.png
8,3026,3026,0.042960867470903344,325,results/state-based-grid-result/pmh/cond3_subjectwise_hyper_cd_best/plots/trajectory_posterior/subject_325_top16_posterior.png
9,30,30,0.04300314536735355,325,results/state-based-grid-result/pmh/cond3_subjectwise_hyper_cd_best/plots/trajectory_posterior/subject_325_top16_posterior.png
10,3686,3686,0.04324551239678699,325,results/state-based-grid-result/pmh/cond3_subjectwise_hyper_cd_best/plots/trajectory_posterior/subject_325_top16_posterior.png
11,3779,3779,0.043316607805787166,325,results/state-based-grid-result/pmh/cond3_subjectwise_hyper_cd_best/plots/trajectory_posterior/subject_325_top16_posterior.png
12,945,945,0.04351295617094283,325,results/state-based-grid-result/pmh/cond3_subjectwise_hyper_cd_best/plots/trajectory_posterior/subject_325_top16_posterior.png
13,524,524,0.043635486011726794,325,results/state-based-grid-result/pmh/cond3_subjectwise_hyper_cd_best/plots/trajectory_posterior/subject_325_top16_posterior.png
14,3661,3661,0.043842908573031754,325,results/state-based-grid-result/pmh/cond3_subjectwise_hyper_cd_best/plots/trajectory_posterior/subject_325_top16_posterior.png
15,2073,2073,0.04386613739681389,325,results/state-based-grid-result/pmh/cond3_subjectwise_hyper_cd_best/plots/trajectory_posterior/subject_325_top16_posterior.png
16,337,337,0.043939949617717626,325,results/state-based-grid-result/pmh/cond3_subjectwise_hyper_cd_best/plots/trajectory_posterior/subject_325_top16_posterior.png
1,2328,2328,0.054986336574197235,330,results/state-based-grid-result/pmh/cond3_subjectwise_hyper_cd_best/plots/trajectory_posterior/subject_330_top16_posterior.png
2,2549,2549,0.05622465755832584,330,results/state-based-grid-result/pmh/cond3_subjectwise_hyper_cd_best/plots/trajectory_posterior/subject_330_top16_posterior.png
3,2139,2139,0.05716748176193266,330,results/state-based-grid-result/pmh/cond3_subjectwise_hyper_cd_best/plots/trajectory_posterior/subject_330_top16_posterior.png
4,786,786,0.05731043571235589,330,results/state-based-grid-result/pmh/cond3_subjectwise_hyper_cd_best/plots/trajectory_posterior/subject_330_top16_posterior.png
5,3039,3039,0.05786388683841925,330,results/state-based-grid-result/pmh/cond3_subjectwise_hyper_cd_best/plots/trajectory_posterior/subject_330_top16_posterior.png
6,1618,1618,0.05786967473201503,330,results/state-based-grid-result/pmh/cond3_subjectwise_hyper_cd_best/plots/trajectory_posterior/subject_330_top16_posterior.png
7,1599,1599,0.057874552608942795,330,results/state-based-grid-result/pmh/cond3_subjectwise_hyper_cd_best/plots/trajectory_posterior/subject_330_top16_posterior.png
8,659,659,0.0583003631650124,330,results/state-based-grid-result/pmh/cond3_subjectwise_hyper_cd_best/plots/trajectory_posterior/subject_330_top16_posterior.png
9,3845,3845,0.05912934701777243,330,results/state-based-grid-result/pmh/cond3_subjectwise_hyper_cd_best/plots/trajectory_posterior/subject_330_top16_posterior.png
10,160,160,0.05939425467141955,330,results/state-based-grid-result/pmh/cond3_subjectwise_hyper_cd_best/plots/trajectory_posterior/subject_330_top16_posterior.png
11,2814,2814,0.05941783330531022,330,results/state-based-grid-result/pmh/cond3_subjectwise_hyper_cd_best/plots/trajectory_posterior/subject_330_top16_posterior.png
12,832,832,0.05949736778605002,330,results/state-based-grid-result/pmh/cond3_subjectwise_hyper_cd_best/plots/trajectory_posterior/subject_330_top16_posterior.png
13,850,850,0.0595836831492793,330,results/state-based-grid-result/pmh/cond3_subjectwise_hyper_cd_best/plots/trajectory_posterior/subject_330_top16_posterior.png
14,2059,2059,0.059691464246619017,330,results/state-based-grid-result/pmh/cond3_subjectwise_hyper_cd_best/plots/trajectory_posterior/subject_330_top16_posterior.png
15,826,826,0.059792626309984276,330,results/state-based-grid-result/pmh/cond3_subjectwise_hyper_cd_best/plots/trajectory_posterior/subject_330_top16_posterior.png
16,2101,2101,0.05987436670517302,330,results/state-based-grid-result/pmh/cond3_subjectwise_hyper_cd_best/plots/trajectory_posterior/subject_330_top16_posterior.png
1,2590,2590,0.08989659592169338,322,results/state-based-grid-result/pmh/cond3_subjectwise_hyper_cd_best/plots/trajectory_posterior/subject_322_top16_posterior.png
2,3593,3593,0.0926005315472417,322,results/state-based-grid-result/pmh/cond3_subjectwise_hyper_cd_best/plots/trajectory_posterior/subject_322_top16_posterior.png
3,42,42,0.09290393652477372,322,results/state-based-grid-result/pmh/cond3_subjectwise_hyper_cd_best/plots/trajectory_posterior/subject_322_top16_posterior.png
4,3180,3180,0.09571042676245146,322,results/state-based-grid-result/pmh/cond3_subjectwise_hyper_cd_best/plots/trajectory_posterior/subject_322_top16_posterior.png
5,420,420,0.09592776431086952,322,results/state-based-grid-result/pmh/cond3_subjectwise_hyper_cd_best/plots/trajectory_posterior/subject_322_top16_posterior.png
6,888,888,0.09625732839055533,322,results/state-based-grid-result/pmh/cond3_subjectwise_hyper_cd_best/plots/trajectory_posterior/subject_322_top16_posterior.png
7,701,701,0.09647714424349593,322,results/state-based-grid-result/pmh/cond3_subjectwise_hyper_cd_best/plots/trajectory_posterior/subject_322_top16_posterior.png
8,3155,3155,0.09668980258770034,322,results/state-based-grid-result/pmh/cond3_subjectwise_hyper_cd_best/plots/trajectory_posterior/subject_322_top16_posterior.png
9,1793,1793,0.09727582069285312,322,results/state-based-grid-result/pmh/cond3_subjectwise_hyper_cd_best/plots/trajectory_posterior/subject_322_top16_posterior.png
10,1504,1504,0.09759614154732817,322,results/state-based-grid-result/pmh/cond3_subjectwise_hyper_cd_best/plots/trajectory_posterior/subject_322_top16_posterior.png
11,1622,1622,0.09800842345481735,322,results/state-based-grid-result/pmh/cond3_subjectwise_hyper_cd_best/plots/trajectory_posterior/subject_322_top16_posterior.png
12,1391,1391,0.09813710102469331,322,results/state-based-grid-result/pmh/cond3_subjectwise_hyper_cd_best/plots/trajectory_posterior/subject_322_top16_posterior.png
13,538,538,0.09865387990031375,322,results/state-based-grid-result/pmh/cond3_subjectwise_hyper_cd_best/plots/trajectory_posterior/subject_322_top16_posterior.png
14,1433,1433,0.09866918353243186,322,results/state-based-grid-result/pmh/cond3_subjectwise_hyper_cd_best/plots/trajectory_posterior/subject_322_top16_posterior.png
15,1092,1092,0.09870946033816859,322,results/state-based-grid-result/pmh/cond3_subjectwise_hyper_cd_best/plots/trajectory_posterior/subject_322_top16_posterior.png
16,565,565,0.09872522022371875,322,results/state-based-grid-result/pmh/cond3_subjectwise_hyper_cd_best/plots/trajectory_posterior/subject_322_top16_posterior.png
1,3526,3526,0.06204556061608663,329,results/state-based-grid-result/pmh/cond3_subjectwise_hyper_cd_best/plots/trajectory_posterior/subject_329_top16_posterior.png
2,2149,2149,0.06226820017145088,329,results/state-based-grid-result/pmh/cond3_subjectwise_hyper_cd_best/plots/trajectory_posterior/subject_329_top16_posterior.png
3,2741,2741,0.06394211016811373,329,results/state-based-grid-result/pmh/cond3_subjectwise_hyper_cd_best/plots/trajectory_posterior/subject_329_top16_posterior.png
4,1479,1479,0.06459224960992974,329,results/state-based-grid-result/pmh/cond3_subjectwise_hyper_cd_best/plots/trajectory_posterior/subject_329_top16_posterior.png
5,3239,3239,0.06575221038497411,329,results/state-based-grid-result/pmh/cond3_subjectwise_hyper_cd_best/plots/trajectory_posterior/subject_329_top16_posterior.png
6,1708,1708,0.06607287681883467,329,results/state-based-grid-result/pmh/cond3_subjectwise_hyper_cd_best/plots/trajectory_posterior/subject_329_top16_posterior.png
7,4041,4041,0.06654278081364894,329,results/state-based-grid-result/pmh/cond3_subjectwise_hyper_cd_best/plots/trajectory_posterior/subject_329_top16_posterior.png
8,1970,1970,0.06684586990085623,329,results/state-based-grid-result/pmh/cond3_subjectwise_hyper_cd_best/plots/trajectory_posterior/subject_329_top16_posterior.png
9,3668,3668,0.06695327149032654,329,results/state-based-grid-result/pmh/cond3_subjectwise_hyper_cd_best/plots/trajectory_posterior/subject_329_top16_posterior.png
10,1133,1133,0.06821482212882014,329,results/state-based-grid-result/pmh/cond3_subjectwise_hyper_cd_best/plots/trajectory_posterior/subject_329_top16_posterior.png
11,2721,2721,0.06834953152936997,329,results/state-based-grid-result/pmh/cond3_subjectwise_hyper_cd_best/plots/trajectory_posterior/subject_329_top16_posterior.png
12,1709,1709,0.06855094492430928,329,results/state-based-grid-result/pmh/cond3_subjectwise_hyper_cd_best/plots/trajectory_posterior/subject_329_top16_posterior.png
13,1649,1649,0.06973820772896668,329,results/state-based-grid-result/pmh/cond3_subjectwise_hyper_cd_best/plots/trajectory_posterior/subject_329_top16_posterior.png
14,3043,3043,0.06977754148426561,329,results/state-based-grid-result/pmh/cond3_subjectwise_hyper_cd_best/plots/trajectory_posterior/subject_329_top16_posterior.png
15,3044,3044,0.07007760101721479,329,results/state-based-grid-result/pmh/cond3_subjectwise_hyper_cd_best/plots/trajectory_posterior/subject_329_top16_posterior.png
16,598,598,0.07012328784234394,329,results/state-based-grid-result/pmh/cond3_subjectwise_hyper_cd_best/plots/trajectory_posterior/subject_329_top16_posterior.png
1,2909,2909,0.09304396003874198,326,results/state-based-grid-result/pmh/cond3_subjectwise_hyper_cd_best/plots/trajectory_posterior/subject_326_top16_posterior.png
2,515,515,0.09467536559969057,326,results/state-based-grid-result/pmh/cond3_subjectwise_hyper_cd_best/plots/trajectory_posterior/subject_326_top16_posterior.png
3,2904,2904,0.09706203309425758,326,results/state-based-grid-result/pmh/cond3_subjectwise_hyper_cd_best/plots/trajectory_posterior/subject_326_top16_posterior.png
4,3305,3305,0.09865821118324876,326,results/state-based-grid-result/pmh/cond3_subjectwise_hyper_cd_best/plots/trajectory_posterior/subject_326_top16_posterior.png
5,3250,3250,0.09934865157154668,326,results/state-based-grid-result/pmh/cond3_subjectwise_hyper_cd_best/plots/trajectory_posterior/subject_326_top16_posterior.png
6,901,901,0.0995607744498895,326,results/state-based-grid-result/pmh/cond3_subjectwise_hyper_cd_best/plots/trajectory_posterior/subject_326_top16_posterior.png
7,419,419,0.10015820055380328,326,results/state-based-grid-result/pmh/cond3_subjectwise_hyper_cd_best/plots/trajectory_posterior/subject_326_top16_posterior.png
8,2574,2574,0.10045971138845357,326,results/state-based-grid-result/pmh/cond3_subjectwise_hyper_cd_best/plots/trajectory_posterior/subject_326_top16_posterior.png
9,3976,3976,0.10133251757162834,326,results/state-based-grid-result/pmh/cond3_subjectwise_hyper_cd_best/plots/trajectory_posterior/subject_326_top16_posterior.png
10,1998,1998,0.10233991192084746,326,results/state-based-grid-result/pmh/cond3_subjectwise_hyper_cd_best/plots/trajectory_posterior/subject_326_top16_posterior.png
11,878,878,0.10371304132406033,326,results/state-based-grid-result/pmh/cond3_subjectwise_hyper_cd_best/plots/trajectory_posterior/subject_326_top16_posterior.png
12,819,819,0.1042576725784641,326,results/state-based-grid-result/pmh/cond3_subjectwise_hyper_cd_best/plots/trajectory_posterior/subject_326_top16_posterior.png
13,1555,1555,0.10447829536262349,326,results/state-based-grid-result/pmh/cond3_subjectwise_hyper_cd_best/plots/trajectory_posterior/subject_326_top16_posterior.png
14,825,825,0.10455426435175466,326,results/state-based-grid-result/pmh/cond3_subjectwise_hyper_cd_best/plots/trajectory_posterior/subject_326_top16_posterior.png
15,2087,2087,0.10477229617589383,326,results/state-based-grid-result/pmh/cond3_subjectwise_hyper_cd_best/plots/trajectory_posterior/subject_326_top16_posterior.png
16,168,168,0.10490517689965945,326,results/state-based-grid-result/pmh/cond3_subjectwise_hyper_cd_best/plots/trajectory_posterior/subject_326_top16_posterior.png
1,2936,2936,0.04635019596879427,332,results/state-based-grid-result/pmh/cond3_subjectwise_hyper_cd_best/plots/trajectory_posterior/subject_332_top16_posterior.png
2,1335,1335,0.047303506049614065,332,results/state-based-grid-result/pmh/cond3_subjectwise_hyper_cd_best/plots/trajectory_posterior/subject_332_top16_posterior.png
3,1195,1195,0.048152712039117675,332,results/state-based-grid-result/pmh/cond3_subjectwise_hyper_cd_best/plots/trajectory_posterior/subject_332_top16_posterior.png
4,3868,3868,0.05082617638915456,332,results/state-based-grid-result/pmh/cond3_subjectwise_hyper_cd_best/plots/trajectory_posterior/subject_332_top16_posterior.png
5,3885,3885,0.052487327443839854,332,results/state-based-grid-result/pmh/cond3_subjectwise_hyper_cd_best/plots/trajectory_posterior/subject_332_top16_posterior.png
6,1003,1003,0.05309329213147656,332,results/state-based-grid-result/pmh/cond3_subjectwise_hyper_cd_best/plots/trajectory_posterior/subject_332_top16_posterior.png
7,1646,1646,0.05314534032675993,332,results/state-based-grid-result/pmh/cond3_subjectwise_hyper_cd_best/plots/trajectory_posterior/subject_332_top16_posterior.png
8,3688,3688,0.05467191865529126,332,results/state-based-grid-result/pmh/cond3_subjectwise_hyper_cd_best/plots/trajectory_posterior/subject_332_top16_posterior.png
9,1053,1053,0.054770486153952615,332,results/state-based-grid-result/pmh/cond3_subjectwise_hyper_cd_best/plots/trajectory_posterior/subject_332_top16_posterior.png
10,221,221,0.055184275858320725,332,results/state-based-grid-result/pmh/cond3_subjectwise_hyper_cd_best/plots/trajectory_posterior/subject_332_top16_posterior.png
11,2481,2481,0.056020944855576495,332,results/state-based-grid-result/pmh/cond3_subjectwise_hyper_cd_best/plots/trajectory_posterior/subject_332_top16_posterior.png
12,1994,1994,0.05623383359835782,332,results/state-based-grid-result/pmh/cond3_subjectwise_hyper_cd_best/plots/trajectory_posterior/subject_332_top16_posterior.png
13,981,981,0.05631411992651353,332,results/state-based-grid-result/pmh/cond3_subjectwise_hyper_cd_best/plots/trajectory_posterior/subject_332_top16_posterior.png
14,1858,1858,0.056697615013742285,332,results/state-based-grid-result/pmh/cond3_subjectwise_hyper_cd_best/plots/trajectory_posterior/subject_332_top16_posterior.png
15,1943,1943,0.056803660461961454,332,results/state-based-grid-result/pmh/cond3_subjectwise_hyper_cd_best/plots/trajectory_posterior/subject_332_top16_posterior.png
16,4086,4086,0.056811446089045946,332,results/state-based-grid-result/pmh/cond3_subjectwise_hyper_cd_best/plots/trajectory_posterior/subject_332_top16_posterior.png
1,1240,1240,0.16730167517202993,319,results/state-based-grid-result/pmh/cond3_subjectwise_hyper_cd_best/plots/trajectory_posterior/subject_319_top16_posterior.png
2,1995,1995,0.16748102497863254,319,results/state-based-grid-result/pmh/cond3_subjectwise_hyper_cd_best/plots/trajectory_posterior/subject_319_top16_posterior.png
3,2860,2860,0.16757779982412557,319,results/state-based-grid-result/pmh/cond3_subjectwise_hyper_cd_best/plots/trajectory_posterior/subject_319_top16_posterior.png
4,2562,2562,0.16771348810725537,319,results/state-based-grid-result/pmh/cond3_subjectwise_hyper_cd_best/plots/trajectory_posterior/subject_319_top16_posterior.png
5,3125,3125,0.16781181536125592,319,results/state-based-grid-result/pmh/cond3_subjectwise_hyper_cd_best/plots/trajectory_posterior/subject_319_top16_posterior.png
6,3128,3128,0.16782063250081525,319,results/state-based-grid-result/pmh/cond3_subjectwise_hyper_cd_best/plots/trajectory_posterior/subject_319_top16_posterior.png
7,1454,1454,0.16782631257439357,319,results/state-based-grid-result/pmh/cond3_subjectwise_hyper_cd_best/plots/trajectory_posterior/subject_319_top16_posterior.png
8,2463,2463,0.1678352717640648,319,results/state-based-grid-result/pmh/cond3_subjectwise_hyper_cd_best/plots/trajectory_posterior/subject_319_top16_posterior.png
9,965,965,0.16796419536937582,319,results/state-based-grid-result/pmh/cond3_subjectwise_hyper_cd_best/plots/trajectory_posterior/subject_319_top16_posterior.png
10,2914,2914,0.16798097559990632,319,results/state-based-grid-result/pmh/cond3_subjectwise_hyper_cd_best/plots/trajectory_posterior/subject_319_top16_posterior.png
11,1506,1506,0.1679983632972003,319,results/state-based-grid-result/pmh/cond3_subjectwise_hyper_cd_best/plots/trajectory_posterior/subject_319_top16_posterior.png
12,38,38,0.16800729680405865,319,results/state-based-grid-result/pmh/cond3_subjectwise_hyper_cd_best/plots/trajectory_posterior/subject_319_top16_posterior.png
13,3760,3760,0.1680079030911177,319,results/state-based-grid-result/pmh/cond3_subjectwise_hyper_cd_best/plots/trajectory_posterior/subject_319_top16_posterior.png
14,139,139,0.16800835115360876,319,results/state-based-grid-result/pmh/cond3_subjectwise_hyper_cd_best/plots/trajectory_posterior/subject_319_top16_posterior.png
15,2353,2353,0.1680585410806956,319,results/state-based-grid-result/pmh/cond3_subjectwise_hyper_cd_best/plots/trajectory_posterior/subject_319_top16_posterior.png
16,3557,3557,0.16806325618813928,319,results/state-based-grid-result/pmh/cond3_subjectwise_hyper_cd_best/plots/trajectory_posterior/subject_319_top16_posterior.png
1,3576,3576,0.11880219576590216,328,results/state-based-grid-result/pmh/cond3_subjectwise_hyper_cd_best/plots/trajectory_posterior/subject_328_top16_posterior.png
2,1329,1329,0.1198300805519137,328,results/state-based-grid-result/pmh/cond3_subjectwise_hyper_cd_best/plots/trajectory_posterior/subject_328_top16_posterior.png
3,2129,2129,0.11990733089548804,328,results/state-based-grid-result/pmh/cond3_subjectwise_hyper_cd_best/plots/trajectory_posterior/subject_328_top16_posterior.png
4,3742,3742,0.11990936463859118,328,results/state-based-grid-result/pmh/cond3_subjectwise_hyper_cd_best/plots/trajectory_posterior/subject_328_top16_posterior.png
5,655,655,0.12011160391604254,328,results/state-based-grid-result/pmh/cond3_subjectwise_hyper_cd_best/plots/trajectory_posterior/subject_328_top16_posterior.png
6,808,808,0.12018062980565489,328,results/state-based-grid-result/pmh/cond3_subjectwise_hyper_cd_best/plots/trajectory_posterior/subject_328_top16_posterior.png
7,1375,1375,0.12039817738043948,328,results/state-based-grid-result/pmh/cond3_subjectwise_hyper_cd_best/plots/trajectory_posterior/subject_328_top16_posterior.png
8,2535,2535,0.1204140405405543,328,results/state-based-grid-result/pmh/cond3_subjectwise_hyper_cd_best/plots/trajectory_posterior/subject_328_top16_posterior.png
9,631,631,0.12072828085101295,328,results/state-based-grid-result/pmh/cond3_subjectwise_hyper_cd_best/plots/trajectory_posterior/subject_328_top16_posterior.png
10,4018,4018,0.12077279962305376,328,results/state-based-grid-result/pmh/cond3_subjectwise_hyper_cd_best/plots/trajectory_posterior/subject_328_top16_posterior.png
11,3015,3015,0.12079791369741087,328,results/state-based-grid-result/pmh/cond3_subjectwise_hyper_cd_best/plots/trajectory_posterior/subject_328_top16_posterior.png
12,976,976,0.12121513193241695,328,results/state-based-grid-result/pmh/cond3_subjectwise_hyper_cd_best/plots/trajectory_posterior/subject_328_top16_posterior.png
13,3583,3583,0.12125445747221668,328,results/state-based-grid-result/pmh/cond3_subjectwise_hyper_cd_best/plots/trajectory_posterior/subject_328_top16_posterior.png
14,2385,2385,0.12131931209073145,328,results/state-based-grid-result/pmh/cond3_subjectwise_hyper_cd_best/plots/trajectory_posterior/subject_328_top16_posterior.png
15,350,350,0.12134079627513603,328,results/state-based-grid-result/pmh/cond3_subjectwise_hyper_cd_best/plots/trajectory_posterior/subject_328_top16_posterior.png
16,2476,2476,0.12138694920705806,328,results/state-based-grid-result/pmh/cond3_subjectwise_hyper_cd_best/plots/trajectory_posterior/subject_328_top16_posterior.png
1,3881,3881,0.08720711714491199,331,results/state-based-grid-result/pmh/cond3_subjectwise_hyper_cd_best/plots/trajectory_posterior/subject_331_top16_posterior.png
2,3267,3267,0.09091618667283978,331,results/state-based-grid-result/pmh/cond3_subjectwise_hyper_cd_best/plots/trajectory_posterior/subject_331_top16_posterior.png
3,1982,1982,0.09119914187204502,331,results/state-based-grid-result/pmh/cond3_subjectwise_hyper_cd_best/plots/trajectory_posterior/subject_331_top16_posterior.png
4,1843,1843,0.09324579702120199,331,results/state-based-grid-result/pmh/cond3_subjectwise_hyper_cd_best/plots/trajectory_posterior/subject_331_top16_posterior.png
5,2367,2367,0.0934944341949457,331,results/state-based-grid-result/pmh/cond3_subjectwise_hyper_cd_best/plots/trajectory_posterior/subject_331_top16_posterior.png
6,3209,3209,0.0949740608799407,331,results/state-based-grid-result/pmh/cond3_subjectwise_hyper_cd_best/plots/trajectory_posterior/subject_331_top16_posterior.png
7,1006,1006,0.09534221357902924,331,results/state-based-grid-result/pmh/cond3_subjectwise_hyper_cd_best/plots/trajectory_posterior/subject_331_top16_posterior.png
8,3108,3108,0.0956398956313474,331,results/state-based-grid-result/pmh/cond3_subjectwise_hyper_cd_best/plots/trajectory_posterior/subject_331_top16_posterior.png
9,334,334,0.09648311527711118,331,results/state-based-grid-result/pmh/cond3_subjectwise_hyper_cd_best/plots/trajectory_posterior/subject_331_top16_posterior.png
10,2741,2741,0.09669151963361938,331,results/state-based-grid-result/pmh/cond3_subjectwise_hyper_cd_best/plots/trajectory_posterior/subject_331_top16_posterior.png
11,1642,1642,0.09702108242077498,331,results/state-based-grid-result/pmh/cond3_subjectwise_hyper_cd_best/plots/trajectory_posterior/subject_331_top16_posterior.png
12,269,269,0.09705693832299644,331,results/state-based-grid-result/pmh/cond3_subjectwise_hyper_cd_best/plots/trajectory_posterior/subject_331_top16_posterior.png
13,1176,1176,0.09717827073083506,331,results/state-based-grid-result/pmh/cond3_subjectwise_hyper_cd_best/plots/trajectory_posterior/subject_331_top16_posterior.png
14,481,481,0.09741375531624082,331,results/state-based-grid-result/pmh/cond3_subjectwise_hyper_cd_best/plots/trajectory_posterior/subject_331_top16_posterior.png
15,2563,2563,0.09885288405026857,331,results/state-based-grid-result/pmh/cond3_subjectwise_hyper_cd_best/plots/trajectory_posterior/subject_331_top16_posterior.png
16,3817,3817,0.09903159668780209,331,results/state-based-grid-result/pmh/cond3_subjectwise_hyper_cd_best/plots/trajectory_posterior/subject_331_top16_posterior.png
