iSession,iTrial,text
1,1,尾巴、脖子、头都很长。
1,2,只有尾巴很短。
1,3,脖子和头很长，但尾巴和腿很短。
1,4,尾巴和腿长，但脖子和头短。
1,5,尾巴和脖子长，但头和腿短。
1,6,头和尾巴短。
1,7,腿和尾长。
1,8,脖子和尾长。
1,9,只有头长。
1,10,只有脖子短。
1,11,只有头长。
1,12,头和脖子长。
1,13,只有尾巴短。
1,14,只有脖子短。
1,15,头尾长。
1,16,只有腿长。
1,17,头和尾长。
1,18,四个部位都长。
1,19,只有脖子长。
1,20,头比较长。
1,21,头尾一样长。
1,22,只有脖子短。
1,23,脖子和尾巴短。
1,24,脖子长。
1,25,头和尾巴长。
1,26,腿尾巴短，但脖子和头长。
1,27,头长。
1,28,腿和脖子长，但头和尾短。
1,29,腿、脖子和头长。
1,30,只有脖子长。
1,31,腿和尾巴长，但脖子和头短。
1,32,头和尾巴短，但脖子和腿长。
1,33,腿和脖子长，但是头和尾巴短。
1,34,嗯，只有尾巴短。
1,35,只有腿短。
1,36,尾巴和脖子短。
1,37,脖子最短。
1,38,脖子和尾巴短。
1,39,只有尾巴长。
1,40,只有头短。
1,41,只有腿短。
1,42,头和尾巴长。
1,43,头和尾巴长。
1,44,腿和尾巴长。
1,45,头和尾巴长，但是腿短。脖子也长。
1,46,脖子最短，尾巴比腿短，但是比脖子长，头也比较长。
1,47,尾巴比腿长，但脖子比头长。
1,48,尾巴比腿长，但脖子比头短。
1,49,尾巴比腿长，但是脖子短。
1,50,尾巴比腿长，但是脖子长。
1,51,尾巴比腿长，并且脖子短。
1,52,腿和尾巴短，但是脖子长。
1,53,腿比尾巴长，并且脖子长。
1,54,腿比尾巴长，并且脖子长。
1,55,只有头很长。
1,56,腿比尾巴长，而且脖子长。
1,57,只有腿短。
1,58,尾巴比腿短，但是脖子长。
1,59,只有头短。
1,60,尾巴和头短。
1,61,尾巴长，腿短，并且脖子长。头短。
1,62,尾巴比腿长，但脖子短，头长。
1,63,腿最短，脖子和尾巴一样长，但比腿长。嗯，头最长。
1,64,头很长，嗯，尾巴和脖子都中等，腿最短。
1,65,只有头短。
1,66,尾巴短，头长。
1,67,头长。
1,68,尾巴短，腿中等，脖子长，头长。
1,69,尾巴短，腿长，脖子长，头长。
1,70,尾巴短，脖子比头长，腿长。
1,71,尾巴比腿长。头比脖子短。
1,72,尾巴比腿长，头和脖子，脖子更长。
1,73,尾巴比腿短，但头比脖子长。
1,74,嗯，腿比尾巴短，但，但，并且，脖子比头长。
1,75,脖子和尾巴短。
1,76,尾巴比腿长，并且头比脖子长。
1,77,头和脖子很短，尾巴和腿很长。
1,78,脖子和尾巴长，头和腿短。
1,79,嗯，尾巴短，腿长，并且头很长，脖子中等。
1,80,脖子比头长。
1,81,尾巴比腿长，并且，头长。脖子短。
1,82,头比脖子短。尾巴比腿长。
1,83,嗯，尾巴比腿长，并且头比脖子长。
1,84,只有腿很短。
1,85,腿短，但脖子和尾巴长，头短。
1,86,头和尾巴长，但腿和脖子短。
1,87,尾巴和脖子短，但头和腿长。
1,88,只有腿短。
1,89,嗯，只有头短。
1,90,只有头短。
1,91,尾巴最长，头第二长，脖子和腿短。
1,92,尾巴最长，头第二长，脖子和腿短。
1,93,只有头很短，尾巴比腿长。
1,94,四个部位都很长。
1,95,只有腿很短。
1,96,腿和尾巴长。
1,97,脖子最长，头最短。
1,98,尾巴和脖子长，腿比较短，头最短。
1,99,尾巴最长，并且和腿的差距比较大，同时。脖子和头都比较短。
1,100,尾巴比腿短。然后头比脖子长。
1,101,尾巴和腿。相比，尾巴更长，同时头比脖子短。
1,102,尾巴和腿相比，尾巴长并且差距很大。
1,103,尾巴比腿短，并且头比脖子长。
1,104,尾巴比腿长，但差距不大，嗯，脖子和头都很长。
1,105,尾巴比腿长得多。
1,106,尾巴比腿短，同时头比脖子长。
1,107,尾巴比腿短，同时头比脖子长。
1,108,尾巴比腿短，同时脖子比头长。
1,109,腿比尾巴，差不多，腿更长一点。同时，头没有明显的。比脖子更长。
1,110,腿很短，尾巴和腿区别不明显，但是头很长。
1,111,只有腿很短。尾巴比腿长，同时脖子和头都很长。
1,112,头比脖子长。同时，尾巴和腿差不多长。
1,113,头和脖子相比，脖子更长，同时尾巴比腿短。
1,114,尾巴比腿短，脖子比头长。
1,115,尾巴比腿长。
1,116,尾巴比腿长，但长的不明显。嗯，脖子比头短。
1,117,尾巴比腿短，头比脖子长，但是不明显。
1,118,尾巴比腿短，脖子比头短，嗯，同时头长得很明显。
1,119,尾巴比腿短，但脖子长。
1,120,腿最短。
1,121,腿和尾巴差不多长，但是脖子长，头短。
1,122,尾巴和头短，脖子和腿长。
1,123,头比脖子长，嗯，尾巴比腿短。
1,124,尾巴比腿短，头比脖子短。
1,125,尾巴比腿长，同时脖子比头长。
1,126,尾巴短，腿短，同时，嗯，脖子比头长。
1,127,尾巴比腿长，同时脖子比头短。
1,128,尾巴比腿短，同时头比脖子长。
1,129,尾巴比腿长，头比脖子长。
1,130,尾巴比腿短，头比脖子短。
1,131,尾巴比腿长，头比脖子短。
1,132,尾巴比腿长，头比脖子短。
1,133,尾巴比腿长，头比脖子短。
1,134,腿比尾巴长，脖子比头长。
1,135,腿比尾巴长，头比脖子长。
1,136,腿比尾巴长，头比脖子长。
1,137,尾巴比腿长，头比脖子长。
1,138,尾巴比腿长，头比脖子长。
1,139,尾巴比腿长，脖子比头长。
1,140,尾巴比腿长，头比脖子长。
1,141,嗯，头最短。
1,142,尾巴比头长。
1,143,脖子比尾巴长。
1,144,尾巴比脖子长。
1,145,腿比脖子长，头比脖子长。
1,146,头最短。脖子比腿长。尾巴。和脖子差不多长。
1,147,腿比脖子长。脖子比头长。
1,148,腿最短，头比脖子长，腿尾巴也很长。
1,149,尾巴和脖子长，头和腿很短。
1,150,头和脖子都很长，但是，嗯，脖子比头长一点，尾巴比腿短一点。
1,151,尾巴比腿短，头比脖子长。
1,152,腿比尾巴短，腿比脖子短。
1,153,腿比尾巴短，腿比脖子长。
1,154,腿比尾巴短，腿比脖子长。
1,155,腿比尾巴长，脖子比头长。
1,156,腿比尾巴长，脖子比头长。
1,157,腿比尾巴短，腿比脖子短。
1,158,尾巴和头很长，腿也很长，但脖子很短。
1,159,腿最长，然后是脖子，然后是头，最短是尾巴。
1,160,只有脖子最短。
1,161,腿最短，腿比尾巴和脖子都短。
1,162,尾巴比身体短，头比脖子短。
1,163,腿比身体长。
1,164,嗯，脖子很长。同时尾巴也很长，但是头和腿很短，它们都短于身体。
1,165,嗯，头没有明显的，更长，同时，嗯，尾巴和腿，差别不大。
1,166,脖子和腿很长。
1,167,只有脖子很短。
1,168,只有脖子很短。
1,169,脖子最长。
1,170,脖子和尾巴很长。
1,171,尾巴短，但脖子长。
1,172,尾巴短，但脖子长。
1,173,头和尾最长，脖子和尾巴很短。
1,174,脖子和尾巴很长，头和腿很短。
1,175,头很长，尾巴和脖子短。腿很短。
1,176,脖子和尾巴、脖子短，腿短，但尾巴和头长。
1,177,头和尾长，脖子和腿短。
1,178,尾巴和头短，脖子和腿长。
1,179,尾巴和脖子长，头短，腿比较长。
1,180,头比脖子长。
1,181,头比脖子长。
1,182,脖子比头长。
1,183,脖子比头长。
1,184,脖子比头长。
1,185,从长到短：尾巴、身体、头、脖子、腿。
1,186,从长到短尾巴、身体、腿、头、脖子。
1,187,尾巴和脖子都长。
1,188,嗯，只有头最短。
1,189,头最长。
1,190,腿比身体短，头、脖子和尾巴都很长。
1,191,头比脖子长，尾巴很短。
1,192,尾巴最长，腿第二长。
1,193,脖子最长，腿第二长。
1,194,尾巴和头都很长。
1,195,尾巴和头都很长，腿不短。
1,196,头和腿都很长，尾巴和脖子短。
1,197,头和脖子都很长，尾巴和腿短。
1,198,头和脖子都很长，尾巴和腿短。
1,199,尾巴和脖子很长，头和腿短。
1,200,头最长。
1,201,只有腿很长。
1,202,头最长，并且头和尾巴相差很大。
1,203,头很长，头和尾巴相差很大，但脖子也很长。
1,204,尾巴很长，尾巴和脖子都很长，头和腿很短。
1,205,头长，尾巴短，但脖子很长。
1,206,头尾差不多。脖子长，腿长。
1,207,头比尾巴长得多，同时，脖子长。
1,208,尾巴长，脖子长，头和腿短。
1,209,头比尾巴长得多，脖子很长。
1,210,头比尾巴长得多，脖子很长。
1,211,头比尾巴长得多，脖子很短。
1,212,头比尾巴长得很明显，同时脖子很长。
1,213,头比尾巴长得多，同时脖子很短。
1,214,头比尾巴长得多，同时脖子很短。
1,215,头没有比尾巴长很多，同时脖子很长。
1,216,尾巴和脖子都很长。
1,217,尾巴和头很长，但是脖子短。
1,218,头尾很长，脖子短。
1,219,尾巴最长。
1,220,头比尾巴长，头是脖子长。
1,221,头部比尾巴长，同时，腿很长。
1,222,头比尾巴长，同时脖子短。
1,223,尾巴最长。
1,224,头和尾巴差不多长，同时脖子也差不多长，但是腿短。
1,225,头和尾巴和腿都很长，但是脖子短。
1,226,腿很长，同时，脖子很长，而且，尾巴。不如头长。
1,227,脖子很长，腿很长，尾巴比头短。
1,228,嗯，头和尾巴都很长，脖子很短，同时。嗯，腿比较短。
1,229,头比尾巴长得多，同时脖子很短，腿很长。
1,230,脖子和尾巴都很长，腿很短，头很短。
1,231,尾巴最长，嗯，腿中等长度，头和脖子短。
1,232,头比尾巴长得多，同时脖子也很长。
1,233,头比尾巴长得多，同时脖子比较短。
1,234,尾巴比头长，同时，腿比较长。
1,235,尾巴比头长，同时脖子也长。
1,236,头比尾巴长，同时脖子不短。
1,237,头比尾巴长，同时脖子长。
1,238,头和尾巴差不多长，脖子短，腿长。
1,239,头和尾巴差不多长，脖子短，腿长。
1,240,头比尾巴长，同时脖子很长。
1,241,头不比尾巴长，同时腿比较长。
1,242,头部比尾巴长，但是脖子很长，嗯，同时腿比较长。
1,243,腿比较短，同时头、尾巴和脖子都很长。
1,244,尾巴最长，腿比较短，脖子和头次长。
1,245,头和尾巴差不多，可能头更长，但是脖子很长并且腿很长。
1,246,尾巴很长。
1,247,脖子很长。
1,248,判断不出哪一部分更长，但是尾巴不短。
1,249,尾巴短，腿长。
1,250,嗯。头比脖子长，脖子短。而且，尾巴比较短。
1,251,尾巴长。
1,252,尾巴短，脖子短，头长。
1,253,尾巴长，腿短，脖子长，头长。
1,254,尾巴短，头长，脖子短。
1,255,尾巴短，腿长，脖子长。
1,256,头比尾巴长，同时脖子长。
1,257,嗯，头并没有很明显的长，同时尾巴很长，和腿差不多长，同时腿不短。
1,258,头比较短，同时尾巴很长，或者腿也很短。
1,259,头和尾巴相比，尾巴更长。同时脖子和尾巴都很长，并且腿很短。
1,260,头和尾巴相比，头更长，同时脖子比较短。
1,261,头和尾巴差不多长，同时腿不短。
1,262,头和尾巴差不多长，同时腿比较短。
1,263,头和尾巴差不多长，同时腿不短，同时脖子比较长，但不算太长。
1,264,头比尾巴长，同时脖子很长。
1,265,头和尾巴差不多长，同时脖子也不太长，同时腿很短。
1,266,头比尾巴长很多，同时脖子很短。
1,267,头比尾巴长很多，同时脖子很短。
1,268,头比尾巴长，但是都很短。同但同时脖子很长。
1,269,头、脖子和尾巴都长，但是腿很短。
1,270,头比尾巴短，但脖子长。
1,271,头比尾巴长，但是脖子很短。
1,272,脖子没有明显的优势，同时腿比较长，同时腿和尾巴都很长。
1,273,头和尾巴都长，同时腿很短。
1,274,尾巴比较短，但是脖子很长。
1,275,头长，尾巴短，脖子很短。
1,276,头很长，尾巴也很长。
1,277,头长，尾巴短，脖子很长。
1,278,头长，尾巴短，脖子比较短。
1,279,头长，尾巴短，脖子很长。
1,280,头长，尾巴长，腿也很长。
1,281,头长，尾巴长，但是腿很短。
1,282,头短，尾巴长，但是腿不短。
1,283,头长。
1,284,脖子长。
1,285,尾巴很长，同时腿很长。同时，嗯，头没有比脖子长，同时。尾巴脖子长，但是尾巴也长。
1,286,嗯，尾巴比较长，同时头也很长，脖子很短。同时腿比较短。
1,287,尾巴短，脖子长。
1,288,腿比较短。
1,289,嗯，头长，尾巴长。
1,290,脖子很长。
1,291,头很长，尾巴很短。
1,292,头长，尾巴长，腿不短。
1,293,头长，尾巴短。
1,294,嗯，脖子长，尾巴短。
1,295,脖子长，尾巴短。
1,296,嗯，腿长，头长，尾巴短。
1,297,尾巴长。
1,298,腿短。
1,299,腿短。
1,300,尾巴短，头长。
1,301,脖子长，尾巴短。
1,302,尾巴长。
1,303,脖子长。
1,304,尾巴长。
1,305,尾巴长。
1,306,尾巴长，脖子短。
1,307,头长，尾巴短，脖子短。
1,308,头长，尾巴短，脖子短。
1,309,尾巴长，腿长。
1,310,头长，尾巴短，脖子短。
1,311,头长，尾巴短，脖子短。
1,312,脖子长，腿长，腿短。
1,313,嗯，脖子长，尾巴长。
1,314,尾巴长，腿短。
1,315,尾巴长，腿长。
1,316,脖子长。
1,317,尾巴短，脖子长。
1,318,尾巴短，脖子长。
1,319,尾长脖子短。
1,320,尾长脖子长，腿长。
2,1,脖脖子长。
2,2,头长。
2,3,尾长脖子长。
2,4,尾长脖子短。
2,5,尾长、脖子长、腿短。
2,6,尾短脖子长。
2,7,尾长。
2,8,尾长脖子长。
2,9,头很长。
2,10,尾巴长，脖子短，头很长。
2,11,腿短，脖子短，头很长。
2,12,尾短脖子长，头很长。
2,13,尾短脖子长，头很长。
2,14,尾长脖子短，头很长。
2,15,胃肠。
2,16,尾短脖子长。
2,17,尾巴很长，腿很短。
2,18,四个部位都很长。
2,19,脖子很长。
2,20,尾长脖子长。
2,21,尾短脖子长。
2,22,尾长脖子短，头长。
2,23,尾短，但是头很长。
2,24,脖子很长。
2,25,都很长。
2,26,尾巴很长，脖子和头都很长。
2,27,头很长。
2,28,脖子很长。
2,29,尾巴短，脖子长，头长。
2,30,脖子最长。
2,31,尾巴长，腿长，但是尾巴最长。
2,32,同样的尾巴长，腿长。
2,33,尾巴比腿短，同时脖子长。
2,34,尾巴比腿短，同时脖子和头都很长。
2,35,尾巴比腿长，同时脖子和头都很长。
2,36,尾巴比腿短，同时头比脖子长。
2,37,尾巴比腿长，同时。脖子比头。短一点。
2,38,尾巴很短，头很长。
2,39,尾巴比腿长，脖子短，头短。
2,40,脖子很长。
2,41,脖子和头都很长，尾巴也比较长。
2,42,尾巴很长，脖子短，头长。
2,43,同样，尾巴很长，脖子短，头长。
2,44,尾巴不短，腿长，同时脖子和头都比较长。
2,45,腿很短。
2,46,头很长，同时尾巴很短。
2,47,尾巴很长，脖子很长。
2,48,尾巴、脖子、头都很长。
2,49,尾巴比头长，同时，脖子很短。
2,50,尾巴比头和脖子长，腿很短。
2,51,头比尾巴长，脖子短。
2,52,尾巴比腿长。
2,53,尾巴比腿短，但是脖子长。
2,54,脖子长。
2,55,头很长。
2,56,腿短，脖子长。
2,57,脖子很长。
2,58,尾巴短，脖子长。
2,59,尾巴长，腿长，脖子长。
2,60,尾巴长，腿短，脖子长。
2,61,尾巴和脖子都长。
2,62,头很长。
2,63,头很长。
2,64,头很长。
2,65,脖子很长。
2,66,都很长。
2,67,头很长。
2,68,尾巴短，头很长。
2,69,脖子和头都很长，尾巴很短。
2,70,尾巴短，脖子比头长一点，不好判断。
2,71,尾巴比较长，但是但是不好判断。
2,72,尾巴比腿短一点，但是脖子很长。
2,73,同样，尾巴比腿短，脖子长。
2,74,头很长。
2,75,尾巴比腿长，同时腿很短。
2,76,尾巴比身体短，头很长。
2,77,尾巴比身体短，头很长。
2,78,尾巴比身体长，头和脖子很短。
2,79,尾巴比身体长，脖子很长。
2,80,尾巴比身体短，头很长。
2,81,腿很短。
2,82,脖子很长。
2,83,尾巴比身体短，头很长。
2,84,尾巴很长，不过腿很短。
2,85,尾巴比身体长，腿很长。
2,86,尾巴比身体长，腿很短。
2,87,看不清尾巴长还是身体长。
2,88,应该是尾巴短一点，但是头很长。
2,89,尾巴比身体短，头比脖子长。
2,90,同样，尾巴比身体短，头比脖子长。
2,91,尾巴比身体长，腿比身体短。
2,92,尾巴比身体短，头比脖子长。
2,93,同样，尾巴比身体短，头比脖子长。
2,94,尾巴比身体长，腿很短。
2,95,看不清。
2,96,应该是尾巴比身体长，应该是头比脖子长。
2,97,尾巴比身体短。腿很短。
2,98,尾巴比身体长。
2,99,尾巴比脖子短。
2,100,尾巴比脖子长。
2,101,尾巴比脖子短。
2,102,尾巴比脖子短。
2,103,尾巴比脖子长。
2,104,尾巴比身体短，头比身体和脖子长。
2,105,尾巴比身体短，头和脖子应该是脖子长。
2,106,尾巴比身体短，头和脖子应该是脖子长。
2,107,尾巴比身体看不清，然后脖子比较短，腿比较长。
2,108,尾巴比身体长，腿比较长。
2,109,尾巴比身体长，比身体短，脖子比身体长。
2,110,尾巴和身体看不清，脖子和头看不清。
2,111,尾巴比身体长，头比脖子长。
2,112,尾巴比身体长，腿很短。
2,113,尾巴比身体长，腿比身体长。
2,114,尾巴比身体短，脖子比身体长。
2,115,尾巴比身体短，脖子比身体长。
2,116,尾巴比身体长，腿和身体差不多。
2,117,尾巴比身体短，脖子比身体长。
2,118,尾巴比身体长，腿比身体长。
2,119,尾巴比身体短，脖子比身体长。
2,120,同样的。
2,121,尾巴比身体长，腿比身体短。
2,122,尾巴比身体长，腿比身体长。
2,123,尾巴比身体短，脖子比身体长。
2,124,尾巴比身体短，脖子比身体短。
2,125,尾巴比身体短，脖子比身体长。
2,126,尾巴比身体短，脖子比身体长，或者尾巴和身体差不多长。
2,127,尾巴比身体短，脖子比身体长。
2,128,尾巴比身体短，腿比身体长。
2,129,尾巴比身体长，腿比身体长。
2,130,尾巴比身体短一点吧，同时脖子比身体长。
2,131,尾巴比身体短，脖子比身体长。
2,132,尾巴比身体长，腿比身体短。
2,133,尾巴比身体长，腿比身体短。
2,134,尾巴比身体短，脖子比身体长。
2,135,尾巴比身体短，脖子比身体短。
2,136,尾巴比身体长，脖腿比身体长。
2,137,尾巴比身体短，脖子比身体长。
2,138,尾巴比身体短，脖子应该比身体长。
2,139,尾巴比身体短，脖子比身体短。
2,140,尾巴应该比身体短，脖子比身体短。
2,141,尾巴应该比身体长，腿比身体短。
2,142,尾巴应该比身体长，腿比身体长。
2,143,尾巴应该比身体长，腿比身体短。
2,144,尾巴比身体短，脖子可能比身体短。
2,145,尾巴可能比身体短，脖子比身体短。
2,146,尾巴比身体短，脖子比身体短。
2,147,尾巴比身体短，脖子可能比身体长。
2,148,尾巴应该比身体长，腿比身体短。
2,149,尾巴比身体短，脖子比身体长。
2,150,尾巴比身体短，脖子比身体短。
2,151,尾巴比身体长，腿比身体短。
2,152,可能是尾巴比身体长，可能是腿比身体短。
2,153,尾巴比身体长，腿比较长。
2,154,尾巴比身体，身体短，脖子比身体长。
2,155,尾巴比身体短，脖子比身体长。
2,156,尾巴比身体短，脖子比身体短。
2,157,尾巴比身体短，脖子不知道比身体短不短。
2,158,尾巴比身体长，脖腿比身体长。
2,159,尾巴比身体长，腿比身体长。
2,160,尾巴比身体短，脖子不知道比身体短不短。
2,161,尾巴比身体长，腿比较长。
2,162,尾巴比身体长，腿比较长。
2,163,尾巴比身体短，脖子比身体长。
2,164,尾巴比身体长，腿比身体短。
2,165,尾巴可能比身体长，腿比身体短。
2,166,尾巴比身体短，脖子可能比身体短。
2,167,尾巴比身体长，腿比较长。
2,168,尾巴比身体短，脖子比身体长。
2,169,尾巴可能比身体长，腿比身体短。
2,170,尾巴比身体短，脖子可能比身体长。
2,171,尾巴可能比身体短，脖子比身体长。
2,172,尾巴比身体短，脖子比身体短。
2,173,尾巴比身体短，但脖子比身体长。
2,174,尾巴比身体短，脖子比身体短。
2,175,尾巴比身体短，脖子比身体短。
2,176,尾巴比身体长，腿比身体长。
2,177,尾巴比身体短，脖子比身体短。
2,178,尾巴比身体长，腿比身体长。
2,179,尾巴比身体短，脖子比身体短。
2,180,尾巴比身体短，脖子比身体短。
2,181,尾巴比身体长，脖子比身体长。
2,182,尾巴比身体长，腿比身体短。
2,183,尾巴比身体长，腿比身体短。
2,184,尾巴比身体短，脖子比身体短。
2,185,尾巴比身体长，腿比身体短。
2,186,尾巴比身体长，腿比身体长。
2,187,尾巴比身体短，脖子可能比身体长。
2,188,尾巴比身体短，脖子比身体短。
2,189,尾巴比身体短，脖子比身体短。
2,190,尾巴比身体短，脖子比身体长。
2,191,尾巴比身体短，脖子比身体短。
2,192,尾巴比身体长，腿比身体长。
2,193,腿比身短，脖子比身长。
2,194,尾巴长。腿短。
2,195,短尾长脖。
2,196,长尾巴，长腿。
2,197,长尾巴短，腿。
2,198,短尾巴，长脖。
2,199,短尾巴，长脖。
2,200,长尾巴短，腿。
2,201,短尾巴，短脖。
2,202,短尾巴，短脖。
2,203,短尾巴，短脖。
2,204,可能是长尾巴短，腿。
2,205,短尾巴长，脖，可能是长脖。
2,206,长尾巴，长腿。
2,207,长尾巴短，腿。
2,208,长尾巴短，腿，或者短尾巴长，脖。
2,209,可能是长尾巴短，腿，但也有可能是短尾巴长，脖子。
2,210,可能是长尾巴短，腿。
2,211,还可能是长尾巴短，腿。
2,212,可能是长尾巴长，腿。
2,213,长尾巴短，腿。
2,214,长尾巴短，腿。
2,215,长尾巴短，腿。
2,216,短尾巴，短脖子。
2,217,短尾巴，长脖子。
2,218,可能是长尾巴短，腿。
2,219,长尾巴短，腿。
2,220,嗯，可能是短尾巴长，脖子。
2,221,短尾巴，长脖子。
2,222,短尾巴，短脖子。
2,223,短尾巴，短脖子。
2,224,长尾巴短，腿。
2,225,短尾巴可能是短脖子。
2,226,短尾巴，长脖子。
2,227,短尾巴，长脖子。
2,228,短尾巴，长脖子。
2,229,短尾巴，长脖子。
2,230,可能是长尾巴短，腿。
2,231,短尾巴，短脖子。
2,232,短尾巴，长脖子。
2,233,长尾巴，长腿。
2,234,长尾巴，长腿。
2,235,长尾巴短，腿。
2,236,长尾巴，长腿。
2,237,短尾巴，短脖子。
2,238,短尾巴，长脖子。
2,239,短尾巴，长脖子。
2,240,可能是长尾巴，但是长腿。
2,241,长尾巴，长腿。
2,242,短尾巴长，脖子，有可能是短脖子。
2,243,长尾巴，短腿。
2,244,短尾巴，长脖子。
2,245,嗯，短尾巴，短脖子。
2,246,短尾巴，长脖子。
2,247,长尾巴，长腿。
2,248,可能是短尾巴短，脖子。
2,249,短尾巴，长脖子。
2,250,短尾巴，短脖子。
2,251,长尾巴短，腿。
2,252,短尾巴，短脖子。
2,253,短尾巴，长脖子。
2,254,长尾巴，长腿。
2,255,长尾巴，长腿。
2,256,长尾巴短，腿。
