ruleID,iSession,iBlock,iTrial,stiID,category,choice,presskey,rating,feedback,choRT,rateRT,recDU
1,1,1,1,23,2,1,2,1,0,85.58,1.34,16.833
1,1,1,2,19,2,1,2,1,0,29.432,1.331,10.507
1,1,1,3,32,1,1,2,1,1,51.478,1.268,12.653
1,1,1,4,11,1,1,2,1,1,29.271,1.684,21.592
1,1,1,5,12,1,2,1,1,0,9.034,1.867,13.51
1,1,1,6,31,1,1,2,1,1,30.745,1.087,18.58
1,1,1,7,26,2,1,2,1,0,36.704,1.474,23.94
1,1,1,8,13,2,1,2,1,0,3.232,4.15,15.147
1,1,1,9,2,1,1,2,1,1,10.762,1.244,14.498
1,1,1,10,16,1,1,2,1,1,3.164,1.765,10.534
1,1,1,11,16,1,1,2,2,1,6.411,1.05,11.235
1,1,1,12,13,2,2,1,2,1,1.707,1.247,11.168
1,1,1,13,8,2,1,2,2,0,5.467,1.272,11.636
1,1,1,14,5,1,1,2,1,1,34.428,4.535,29.418
1,1,1,15,2,1,1,2,1,1,2.456,1.461,17.808
1,1,1,16,10,2,2,1,1,1,13.651,1.726,16.324
1,1,1,17,18,1,2,1,2,0,2.38,1.398,17.488
1,1,1,18,18,1,1,2,1,1,8.12,1.387,14.136
1,1,1,19,11,1,2,1,1,0,6.447,2.639,20.21
1,1,1,20,5,1,1,2,1,1,18.785,1.069,28.157
1,1,1,21,32,1,1,2,3,1,1.177,1.274,10.302
1,1,1,22,29,2,1,2,1,0,14.379,1.383,17.614
1,1,1,23,25,2,2,1,1,1,12.859,1.14,14.5
1,1,1,24,31,1,1,2,2,1,1.035,2.771,21.638
1,1,1,25,21,1,2,1,1,0,1.645,2.008,13.677
1,1,1,26,27,1,1,2,1,1,39.587,1.028,17.85
1,1,1,27,15,1,1,2,1,1,60.986,0.979,11.962
1,1,1,28,21,1,1,2,1,1,16.835,3.307,11.266
1,1,1,29,6,1,1,2,1,1,4.849,0.985,10.498
1,1,1,30,32,1,1,2,2,1,2.405,1.653,9.189
1,1,1,31,31,1,1,2,1,1,149.13,0.523,14.7
1,1,1,32,4,2,1,2,1,0,19.068,1.072,14.744
1,1,1,33,22,1,1,2,2,1,8.655,1.421,11.954
1,1,1,34,2,1,1,2,2,1,1.421,1.224,12.983
1,1,1,35,14,2,1,2,2,0,4.52,1.144,13.561
1,1,1,36,1,1,1,2,1,1,1.451,1.807,12.414
1,1,1,37,13,2,2,1,1,1,9.747,1.063,17.122
1,1,1,38,7,2,2,1,2,1,0.95,1.285,13.776
1,1,1,39,31,1,1,2,2,1,3.196,1.7,18.766
1,1,1,40,2,1,1,2,3,1,1.223,1.631,7.38
1,1,1,41,5,1,1,2,3,1,1.975,1.238,7.842
1,1,1,42,25,2,2,1,2,1,4.434,1.416,12.95
1,1,1,43,16,1,1,2,3,1,1.872,3.442,9.019
1,1,1,44,15,1,1,2,3,1,2.947,2.701,10.688
1,1,1,45,5,1,1,2,4,1,1.54,1.376,7.038
1,1,1,46,24,2,1,2,3,0,8.627,3.719,6.451
1,1,1,47,6,1,2,1,2,0,3.031,1.739,10.319
1,1,1,48,18,1,1,2,2,1,1.254,1.519,13.828
1,1,1,49,1,1,1,2,4,1,1.066,2.309,8.251
1,1,1,50,20,2,2,1,4,1,1.625,1.363,9.772
1,1,1,51,22,1,1,2,4,1,0.994,1.257,9.226
1,1,1,52,32,1,1,2,4,1,0.809,1.611,7.999
1,1,1,53,25,2,2,1,4,1,1.464,2.054,8.656
1,1,1,54,4,2,2,1,4,1,1.474,1.457,9.762
1,1,1,55,4,2,2,1,4,1,1.76,2.138,9.012
1,1,1,56,17,1,1,2,4,1,1.857,1.112,5.573
1,1,1,57,24,2,2,1,4,1,1.633,1.488,6.42
1,1,1,58,31,1,1,2,4,1,1.968,1.934,7.916
1,1,1,59,21,1,1,2,3,1,2.988,0.98,6.011
1,1,1,60,11,1,1,2,4,1,1.244,2.254,8.342
1,1,1,61,23,2,2,1,4,1,2.538,1.665,8.27
1,1,1,62,4,2,2,1,4,1,2.352,2.14,9.948
1,1,1,63,20,2,2,1,4,1,2.029,0.96,7.452
1,1,1,64,30,2,2,1,4,1,1.786,1.208,6.245
1,1,2,65,23,2,2,1,4,1,3.069,1.337,6.588
1,1,2,66,19,2,2,1,4,1,0.89,1.183,6.811
1,1,2,67,32,1,1,2,6,1,1.144,0.735,5.484
1,1,2,68,11,1,1,2,5,1,0.75,1.776,4.489
1,1,2,69,12,1,1,2,4,1,0.773,1.207,6.523
1,1,2,70,31,1,1,2,5,1,1.412,1.385,5.475
1,1,2,71,26,2,2,1,5,1,0.973,1.174,6.769
1,1,2,72,13,2,2,1,5,1,1.103,1.211,6.733
1,1,2,73,2,1,1,2,5,1,1.003,1.25,5.683
1,1,2,74,16,1,1,2,5,1,1.269,1.536,4.68
1,1,2,75,16,1,1,2,5,1,0.893,1.617,4.83
1,1,2,76,13,2,2,1,5,1,0.856,1.201,5.347
1,1,2,77,8,2,2,1,5,1,2.012,1.272,5.61
1,1,2,78,5,1,1,2,6,1,1.459,1.578,5.374
1,1,2,79,2,1,1,2,6,1,1.375,0.944,8.547
1,1,2,80,10,2,2,1,6,1,1.959,1.278,5.905
1,1,2,81,18,1,1,2,6,1,1.49,1.264,5.58
1,1,2,82,18,1,1,2,6,1,0.612,1.109,4.478
1,1,2,83,11,1,1,2,6,1,0.865,1.159,4.763
1,1,2,84,5,1,1,2,6,1,0.808,1.2,6.435
1,1,2,85,32,1,1,2,6,1,0.717,1.346,3.853
1,1,2,86,29,2,2,1,6,1,0.603,0.997,3.861
1,1,2,87,25,2,2,1,6,1,1.572,0.999,3.609
1,1,2,88,31,1,1,2,6,1,1.06,0.953,3.764
1,1,2,89,21,1,1,2,6,1,0.903,0.847,3.465
1,1,2,90,27,1,1,2,6,1,0.769,0.818,3.622
1,1,2,91,15,1,1,2,6,1,0.571,0.901,3.798
1,1,2,92,21,1,1,2,6,1,0.659,0.323,4.614
1,1,2,93,6,1,1,2,6,1,0.596,0.241,3.453
1,1,2,94,32,1,1,2,6,1,0.529,0.214,3.858
1,1,2,95,31,1,1,2,6,1,0.626,0.255,3.883
1,1,2,96,4,2,2,1,6,1,0.907,0.403,3.921
1,1,2,97,22,1,1,2,6,1,0.738,1.035,3.9
1,1,2,98,2,1,1,2,6,1,0.531,0.354,3.458
1,1,2,99,14,2,2,1,6,1,0.865,0.272,3.751
1,1,2,100,1,1,1,2,6,1,0.599,0.238,5.132
1,1,2,101,13,2,2,1,6,1,0.66,0.632,0.361
1,1,2,102,7,2,2,1,6,1,1.876,1.148,3.181
1,1,2,103,31,1,1,2,6,1,0.753,0.257,3.221
1,1,2,104,2,1,1,2,6,1,0.802,0.418,2.923
1,1,2,105,5,1,1,2,6,1,0.538,0.434,3.225
1,1,2,106,25,2,2,1,6,1,0.737,0.829,2.457
1,1,2,107,16,1,1,2,6,1,0.657,0.543,3.185
1,1,2,108,15,1,1,2,6,1,0.492,0.221,3.39
1,1,2,109,5,1,1,2,6,1,0.578,0.24,3.146
1,1,2,110,24,2,2,1,6,1,0.84,0.256,2.695
1,1,2,111,6,1,1,2,6,1,1.861,0.505,2.613
1,1,2,112,18,1,1,2,6,1,0.588,0.284,3.54
1,1,2,113,1,1,1,2,6,1,0.489,0.963,2.878
1,1,2,114,20,2,2,1,6,1,0.609,0.519,2.886
1,1,2,115,22,1,1,2,6,1,0.673,0.85,3.132
1,1,2,116,32,1,1,2,6,1,0.879,0.538,3.043
1,1,2,117,25,2,2,1,6,1,0.714,0.468,3.517
1,1,2,118,4,2,2,1,6,1,1.575,0.353,4.053
1,1,2,119,4,2,2,1,6,1,0.918,0.362,2.946
1,1,2,120,17,1,1,2,6,1,1.156,0.294,3.207
1,1,2,121,24,2,2,1,6,1,0.88,0.359,3.773
1,1,2,122,31,1,1,2,6,1,0.767,0.549,3.447
1,1,2,123,21,1,1,2,6,1,0.583,0.566,3.405
1,1,2,124,11,1,1,2,6,1,0.743,0.137,3.267
1,1,2,125,23,2,2,1,6,1,0.735,0.515,3.227
1,1,2,126,4,2,2,1,6,1,0.682,0.12,3.784
1,1,2,127,20,2,2,1,6,1,0.704,0.223,3.539
1,1,2,128,30,2,2,1,6,1,1.204,0.283,3.798
